reportingEntity,facilityName,type,state,electricityProductionGJ,electricityProductionMwh,scope1tCO2e,scope2tCO2e,totalEmissionstCO2e,emissionIntensitytMwh,gridConnected,grid,primaryFuel,importantNotes,year
ACCIONA ENERGY OCEANIA PTY LTD,Gunning Wind Farm,F,NSW,567719.0,157700.0,19.0,293.0,312.0,0.0,On,NEM,Wind,,2015
ACCIONA ENERGY OCEANIA PTY LTD,Royalla Solar Farm,F,ACT,213115.0,59199.0,0.0,15.0,15.0,0.0,On,NEM,Solar,,2015
ACCIONA ENERGY OCEANIA PTY LTD,Waubra Wind Farm,F,VIC,2461803.0,683834.0,77.0,1144.0,1221.0,0.0,On,NEM,Wind,,2015
ACCIONA ENERGY OCEANIA PTY LTD,Corporate Total,C,,3242637.0,900733.0,96.0,1452.0,1548.0,,,,,,2015
AGL ENERGY LIMITED,Banimboola Hydro,F,VIC,137094.0,38082.0,5.0,17.0,22.0,0.0,On,NEM,Hydro,,2015
AGL ENERGY LIMITED,Bayswater Power Station,F,NSW,50275548.0,13965430.0,12253123.0,8306.0,12261429.0,0.88,On,NEM,Black Coal,,2015
AGL ENERGY LIMITED,Bogong Power Station,F,VIC,266917.0,74144.0,83.0,839.0,922.0,0.0,On,NEM,Hydro,,2015
AGL ENERGY LIMITED,Burrendong Hydro,F,NSW,27428.0,7619.0,1.0,97.0,98.0,0.0,On,NEM,Hydro,,2015
AGL ENERGY LIMITED,Clover Hydro,F,VIC,151368.0,42047.0,3.0,51.0,54.0,0.0,On,NEM,Hydro,,2015
AGL ENERGY LIMITED,Coopers Cogeneration,F,SA,91666.0,25463.0,19260.0,86.0,19346.0,0.76,On,NEM,Gas,,2015
AGL ENERGY LIMITED,Copeton Hydro,F,NSW,139785.0,38829.0,1.0,75.0,76.0,0.0,On,NEM,Hydro,,2015
AGL ENERGY LIMITED,Dartmouth Hydro,F,VIC,1608089.0,446691.0,0.0,727.0,727.0,0.0,On,NEM,Hydro,,2015
AGL ENERGY LIMITED,Eildon Hydro,F,VIC,710341.0,197317.0,20.0,153.0,173.0,0.0,On,NEM,Hydro,,2015
AGL ENERGY LIMITED,Glenbawn Hydro,F,NSW,42254.0,11737.0,0.0,16.0,16.0,0.0,On,NEM,Hydro,,2015
AGL ENERGY LIMITED,Glenorchy Landfill Generation,F,TAS,43117.0,11977.0,745.0,1.0,746.0,0.06,On,NEM,Landfill Gas,,2015
AGL ENERGY LIMITED,Hallett (Stage 1) Wind Farm,F,SA,1136668.0,315741.0,135.0,217.0,352.0,0.0,On,NEM,Wind,,2015
AGL ENERGY LIMITED,Hallett (Stage 2) Wind Farm,F,SA,858516.0,238477.0,85.0,187.0,272.0,0.0,On,NEM,Wind,,2015
AGL ENERGY LIMITED,Hallett (Stage 4) Wind Farm,F,SA,1543714.0,428809.0,133.0,360.0,493.0,0.0,On,NEM,Wind,,2015
AGL ENERGY LIMITED,Hallett (Stage 5) Wind Farm,F,SA,489049.0,135847.0,75.0,175.0,250.0,0.0,On,NEM,Wind,,2015
AGL ENERGY LIMITED,Hobart Landfill Generation,F,TAS,27374.0,7604.0,427.0,0.0,427.0,0.06,On,NEM,Landfill Gas,,2015
AGL ENERGY LIMITED,Hunter Valley Gas Turbines,F,NSW,901.0,250.0,355.0,869.0,1224.0,1.42,On,NEM,Gas,,2015
AGL ENERGY LIMITED,Kincumber Landfill Generation,F,NSW,14613.0,4059.0,238.0,5.0,243.0,0.06,On,NEM,Landfill Gas,,2015
AGL ENERGY LIMITED,Liddell Power Station,F,NSW,24864251.0,6906736.0,6514993.0,46355.0,6561348.0,0.94,On,NEM,Black Coal,,2015
AGL ENERGY LIMITED,Loy Yang Power Station and Mine,F,VIC,58415084.0,16226412.0,18508708.0,268516.0,18777224.0,1.14,On,NEM,Brown Coal,,2015
AGL ENERGY LIMITED,Macarthur Wind Farm,F,VIC,3589748.0,997152.0,371.0,2655.0,3026.0,0.0,On,NEM,Wind,,2015
AGL ENERGY LIMITED,McKay Creek Hydro,F,VIC,317552.0,88209.0,0.0,6185.0,6185.0,0.0,On,NEM,Hydro,,2015
AGL ENERGY LIMITED,Moranbah Power Station,F,QLD,82912.0,23031.0,12327.0,1142.0,13469.0,0.54,On,NEM,Coal Seam Methane,,2015
AGL ENERGY LIMITED,Nyngan Solar Plant,F,NSW,33769.0,9380.0,9.0,59.0,68.0,0.0,On,NEM,Solar,,2015
AGL ENERGY LIMITED,Oaklands Hill Wind Farm,F,VIC,526539.0,146261.0,68.0,637.0,705.0,0.0,On,NEM,Wind,,2015
AGL ENERGY LIMITED,Rockingham Landfill Generation,F,WA,77364.0,21490.0,1320.0,6.0,1326.0,0.06,On,SWIS,Landfill Gas,,2015
AGL ENERGY LIMITED,Rubicon Hydro Scheme,F,VIC,167206.0,46446.0,0.0,47.0,47.0,0.0,On,NEM,Hydro,,2015
AGL ENERGY LIMITED,Shoalhaven Landfill Generation,F,NSW,19739.0,5483.0,356.0,8.0,364.0,0.06,On,NEM,Landfill Gas,,2015
AGL ENERGY LIMITED,Somerton Power Station,F,VIC,37669.0,10464.0,8378.0,2036.0,10414.0,0.8,On,NEM,Gas,,2015
AGL ENERGY LIMITED,Suncoast Biomass Generation Plant,F,QLD,3091.0,859.0,38.0,69.0,107.0,0.04,On,NEM,Macadamia Nut Shells,,2015
AGL ENERGY LIMITED,Torrens Island Power Station,F,SA,6057169.0,1682547.0,983263.0,15130.0,998393.0,0.58,On,NEM,Gas/Diesel,,2015
AGL ENERGY LIMITED,Wattle Point Wind Farm,F,SA,937578.0,260438.0,49.0,229.0,278.0,0.0,On,NEM,Wind,,2015
AGL ENERGY LIMITED,Werribee Biogas Generator,F,VIC,196824.0,54673.0,2902.0,1498.0,4400.0,0.05,On,NEM,Biogas,,2015
AGL ENERGY LIMITED,West Kiewa Hydro,F,VIC,422961.0,117489.0,0.0,1709.0,1709.0,0.0,On,NEM,Hydro,,2015
AGL ENERGY LIMITED,Wilpena Pound Solar Generation,F,SA,3172.0,881.0,624.0,0.0,624.0,0.71,Off,Off-grid,Solar,,2015
AGL ENERGY LIMITED,Woy Woy Landfill Generation,F,NSW,31209.0,8669.0,469.0,2.0,471.0,0.05,On,NEM,Landfill Gas,,2015
AGL ENERGY LIMITED,Yarrawonga Hydro,F,VIC,180662.0,50184.0,0.0,46.0,46.0,0.0,On,NEM,Hydro,,2015
AGL ENERGY LIMITED,Corporate Total,C,,153528941.0,42646928.0,38308564.0,358510.0,38667074.0,,,,,,2015
ALCOA AUSTRALIAN HOLDINGS PTY LTD,Alinta Pinjarra Generation Facility,F,WA,5900732.0,1639092.0,1301720.0,246.0,1301966.0,0.79,On,SWIS,Gas,,2015
ALCOA AUSTRALIAN HOLDINGS PTY LTD,Alinta Wagerup Generation Facility,F,WA,637048.0,176958.0,111432.0,6229.0,117661.0,0.63,On,SWIS,Gas/Diesel,,2015
ALCOA AUSTRALIAN HOLDINGS PTY LTD,Anglesea Power Station,F,VIC,4536940.0,1260261.0,1374358.0,411.0,1374769.0,1.09,On,NEM,Brown Coal,,2015
ALCOA AUSTRALIAN HOLDINGS PTY LTD,Corporate Total,C,,11074720.0,3076311.0,2787510.0,6886.0,2794396.0,,,,,,2015
ALINTA ENERGY FINANCE PTY LTD,Augusta Power Stations,F,SA,9524596.0,2645721.0,2734413.0,7994.0,2742407.0,1.03,On,NEM,Brown Coal,,2015
ALINTA ENERGY FINANCE PTY LTD,Bairnsdale Power Station,F,VIC,539356.0,149821.0,81092.0,1008.0,82100.0,0.54,On,NEM,Gas,,2015
ALINTA ENERGY FINANCE PTY LTD,Braemar Power Station,F,QLD,7907969.0,2196658.0,1243347.0,829.0,1244176.0,0.57,On,NEM,Coal Seam Methane,,2015
ALINTA ENERGY FINANCE PTY LTD,Newman Power Station,F,WA,832806.0,231335.0,138146.0,0.0,138146.0,0.6,Off,Off-grid,Gas,,2015
ALINTA ENERGY FINANCE PTY LTD,Port Hedland Power Station,F,WA,1763554.0,489876.0,388562.0,0.0,388562.0,0.79,On,NWIS,Gas,,2015
ALINTA ENERGY FINANCE PTY LTD,Corporate Total,C,,20568281.0,5713411.0,4585560.0,9831.0,4595391.0,,,,,,2015
APT PIPELINES LIMITED,Emu Downs Wind Farm,F,WA,913852.0,253848.0,91.0,343.0,434.0,0.0,On,SWIS,Wind,,2015
APT PIPELINES LIMITED,Corporate Total,C,,913852.0,253848.0,91.0,343.0,434.0,,,,,,2015
ARROW ENERGY HOLDINGS PTY LTD,Braemar 2 Power Station,F,QLD,9370735.0,2602982.0,1530289.0,854.0,1531143.0,0.59,On,NEM,Coal Seam Methane,,2015
ARROW ENERGY HOLDINGS PTY LTD,Corporate Total,C,,9370735.0,2602982.0,1530289.0,854.0,1531143.0,,,,,,2015
ATCO AUSTRALIA PTY. LTD.,Bulwer Island Energy Partnership facility,F,QLD,,,126378.0,45354.0,171732.0,,On,NEM,Gas,"The electricity production data is unavailable for this facility, pending further clarification of the data reported and/or pending outcome of regulatory matters.  The data on this facility may be made available in future publications.",2015
ATCO AUSTRALIA PTY. LTD.,Karratha Power Station,F,WA,1706994.0,474165.0,270985.0,0.0,270985.0,0.57,On,NWIS,Gas,,2015
ATCO AUSTRALIA PTY. LTD.,Osborne facility,F,SA,,,608632.0,167.0,608799.0,,On,NEM,Gas,"The electricity production data is unavailable for this facility, pending further clarification of the data reported and/or pending outcome of regulatory matters.  The data on this facility may be made available in future publications.",2015
ATCO AUSTRALIA PTY. LTD.,Corporate Total,C,,1706994.0,474165.0,1005995.0,45521.0,1051516.0,,,,,,2015
AUSTRALIAN CAPITAL EQUITY PTY LIMITED,LGP Belmont Administration & Kalamunda Facility,FA,WA,20.0,6.0,19.0,18.0,37.0,3.42,On,SWIS,Liquid Fuel,,2015
AUSTRALIAN CAPITAL EQUITY PTY LIMITED,LGP Canning Vale Facility,F,WA,2380.0,661.0,36.0,10.0,46.0,0.05,On,SWIS,Landfill Gas,,2015
AUSTRALIAN CAPITAL EQUITY PTY LIMITED,LGP Red Hill Facility,F,WA,91876.0,25521.0,1277.0,1.0,1278.0,0.05,On,SWIS,Landfill Gas,,2015
AUSTRALIAN CAPITAL EQUITY PTY LIMITED,LGP Tamala Park Facility,F,WA,114770.0,31881.0,1588.0,2.0,1590.0,0.05,On,SWIS,Landfill Gas,,2015
AUSTRALIAN CAPITAL EQUITY PTY LIMITED,Corporate Total,C,,209046.0,58068.0,2920.0,31.0,2951.0,,,,,,2015
AXIA ENERGY AUSTRALIA PTY LTD,Smithfield Power Partnership,F,NSW,3486738.0,968538.0,460102.0,0.0,460102.0,0.48,On,NEM,Gas,,2015
AXIA ENERGY AUSTRALIA PTY LTD,Corporate Total,C,,3486738.0,968538.0,460102.0,0.0,460102.0,,,,,,2015
BG INTERNATIONAL (AUS) INVESTMENTS PTY LIMITED,Condamine Power Station,F,QLD,2754361.0,765100.0,333565.0,526.0,334091.0,0.44,On,NEM,Gas,,2015
BG INTERNATIONAL (AUS) INVESTMENTS PTY LIMITED,Corporate Total,C,,2754361.0,765100.0,333565.0,526.0,334091.0,,,,,,2015
BHP BILLITON IRON ORE PTY. LTD.,Yarnima Power Station IOP,F,WA,1652126.0,458924.0,307351.0,0.0,307351.0,0.67,Off,Off-grid,Gas,,2015
BHP BILLITON IRON ORE PTY. LTD.,Corporate Total,C,,1652126.0,458924.0,307351.0,0.0,307351.0,,,,,,2015
BLUEWATERS POWER 1 PTY LTD,Bluewaters Power 1,F,WA,6025829.0,1673841.0,1482015.0,2327.0,1484342.0,0.89,On,SWIS,Black Coal,,2015
BLUEWATERS POWER 1 PTY LTD,Corporate Total,C,,6025829.0,1673841.0,1482015.0,2327.0,1484342.0,,,,,,2015
BLUEWATERS POWER 2 PTY LTD,Bluewaters Power 2,F,WA,6078158.0,1688377.0,1377635.0,1775.0,1379410.0,0.82,On,SWIS,Black Coal,,2015
BLUEWATERS POWER 2 PTY LTD,Corporate Total,C,,6078158.0,1688377.0,1377635.0,1775.0,1379410.0,,,,,,2015
BPIH PTY LIMITED,Brookfield District Energy (GX) Pty Ltd,F,NSW,78204.0,21723.0,11861.0,22049.0,33910.0,0.55,On,NEM,Gas,,2015
BPIH PTY LIMITED,Corporate Total,C,,78204.0,21723.0,11861.0,22049.0,33910.0,,,,,,2015
CANUNDA POWER PTY LTD,Canunda Wind Farm,F,SA,445274.0,123687.0,17.0,156.0,173.0,0.0,On,NEM,Wind,,2015
CANUNDA POWER PTY LTD,Corporate Total,C,,445274.0,123687.0,17.0,156.0,173.0,,,,,,2015
CAPE BYRON MANAGEMENT PTY LTD,Broadwater Power Plant,F,NSW,643940.0,178872.0,6032.0,1423.0,7455.0,0.03,On,NEM,Bagasse,,2015
CAPE BYRON MANAGEMENT PTY LTD,Condong Power Plant,F,NSW,375693.0,104359.0,3007.0,1687.0,4694.0,0.03,On,NEM,Bagasse,,2015
CAPE BYRON MANAGEMENT PTY LTD,Corporate Total,C,,1019633.0,283231.0,9039.0,3110.0,12149.0,,,,,,2015
CLARKE ENERGY (AUSTRALIA) PTY. LTD.,Daandine Power Station,F,QLD,,,125058.0,0.0,125058.0,,On,NEM,Coal Seam Methane,"The electricity production data is unavailable for this facility, pending further clarification of the data reported and/or pending outcome of regulatory matters.  The data on this facility may be made available in future publications.",2015
CLARKE ENERGY (AUSTRALIA) PTY. LTD.,Corporate Total,C,,,,125058.0,0.0,125058.0,,,,,,2015
CONTRACT POWER AUSTRALIA PTY LTD,FMG Cloud Break Mine Site Power Station,F,WA,643454.0,178737.0,110575.0,0.0,110575.0,0.62,Off,Off-grid,Diesel,,2015
CONTRACT POWER AUSTRALIA PTY LTD,Norseman Gold Power Station,F,WA,50926.0,14146.0,10193.0,0.0,10193.0,0.72,Off,Off-grid,Diesel,,2015
CONTRACT POWER AUSTRALIA PTY LTD,Corporate Total,C,,694380.0,192883.0,120768.0,0.0,120768.0,,,,,,2015
CS ENERGY LIMITED,Callide A Power Station,F,QLD,362952.0,100820.0,123177.0,43885.0,167062.0,1.22,On,NEM,Black Coal,,2015
CS ENERGY LIMITED,Callide B Power Station,F,QLD,12706326.0,3529535.0,3285158.0,34530.0,3319688.0,0.93,On,NEM,Black Coal,,2015
CS ENERGY LIMITED,Callide C Power Station,F,QLD,19988727.0,5552424.0,4961514.0,20952.0,4982466.0,0.89,On,NEM,Black Coal,"Please note that in some circumstances Joint Venture partners are required to report a full amount for each facility they have in a Joint Venture. This results in that facility appearing twice. The identified Joint Venture participants have each included the same data for the Callide C Power Station in their NGER reports. This is because neither participant had the greatest ability to introduce and implement the operating and environmental policies in relation to the facility, and a nomination of operational control has not been made.",2015
CS ENERGY LIMITED,Kogan Creek Power Station,F,QLD,20633364.0,5731490.0,4761463.0,2411.0,4763874.0,0.83,On,NEM,Black Coal,,2015
CS ENERGY LIMITED,Wivenhoe Power Station,F,QLD,72877.0,20244.0,23.0,50466.0,50489.0,0.0,On,NEM,Hydro,,2015
CS ENERGY LIMITED,Corporate Total,C,,53764246.0,14934513.0,13131335.0,152244.0,13283579.0,,,,,,2015
CWF HOLDINGS PTY LTD,Collgar Wind Farm,F,WA,2566405.0,712890.0,227.0,611.0,838.0,0.0,On,SWIS,Wind,,2015
CWF HOLDINGS PTY LTD,Corporate Total,C,,2566405.0,712890.0,227.0,611.0,838.0,,,,,,2015
CWP RENEWABLES PTY LTD,Boco Rock Wind Farm Pty Ltd,F,NSW,751603.0,208779.0,55.0,720.0,775.0,0.0,On,NEM,Wind,,2015
CWP RENEWABLES PTY LTD,Taralga Wind Farm Pty Ltd,F,NSW,265563.0,73768.0,20.0,128.0,148.0,0.0,On,NEM,Wind,,2015
CWP RENEWABLES PTY LTD,Corporate Total,C,,1017166.0,282546.0,75.0,848.0,923.0,,,,,,2015
DELTA ELECTRICITY,Brown Mountain Power Station,F,NSW,48431.0,13453.0,6.0,0.0,6.0,0.0,On,NEM,Hydro,,2015
DELTA ELECTRICITY,Colongra PS,F,NSW,258467.0,71796.0,41565.0,3913.0,45478.0,0.58,On,NEM,Gas,,2015
DELTA ELECTRICITY,Vales Point Power Station,F,NSW,24972675.0,6936854.0,6020229.0,47711.0,6067940.0,0.87,On,NEM,Black Coal,,2015
DELTA ELECTRICITY,Corporate Total,C,,25279573.0,7022104.0,6061800.0,51624.0,6113424.0,,,,,,2015
DIAMANTINA HOLDING COMPANY PTY LIMITED,Diamantina Power Station,F,QLD,5410680.0,1502967.0,613667.0,95.0,613762.0,0.41,On,Mt Isa,Gas,,2015
DIAMANTINA HOLDING COMPANY PTY LIMITED,Corporate Total,C,,5410680.0,1502967.0,613667.0,95.0,613762.0,,,,,,2015
ECOGEN HOLDINGS PTY LTD,Jeeralang Power Station,F,VIC,79794.0,22165.0,15640.0,6730.0,22370.0,0.71,On,NEM,Gas,,2015
ECOGEN HOLDINGS PTY LTD,Newport Power Station,F,VIC,342893.0,95248.0,52641.0,24749.0,77390.0,0.55,On,NEM,Gas,,2015
ECOGEN HOLDINGS PTY LTD,Corporate Total,C,,422687.0,117413.0,68281.0,31479.0,99760.0,,,,,,2015
ELECTRICITY GENERATION AND RETAIL CORPORATION,Albany Wind Farm,F,WA,347600.0,96556.0,13.0,7.0,20.0,0.0,On,SWIS,Wind,,2015
ELECTRICITY GENERATION AND RETAIL CORPORATION,Bremer Bay Wind Diesel System,FA,WA,6664.0,1851.0,220.0,3.0,223.0,0.12,On,SWIS,Wind/Diesel,,2015
ELECTRICITY GENERATION AND RETAIL CORPORATION,Cockburn Power Station,F,WA,2369340.0,658150.0,260404.0,0.0,260404.0,0.4,On,SWIS,Gas,,2015
ELECTRICITY GENERATION AND RETAIL CORPORATION,Collie Power Station,F,WA,8061797.0,2239388.0,2024283.0,3244.0,2027527.0,0.9,On,SWIS,Black Coal,,2015
ELECTRICITY GENERATION AND RETAIL CORPORATION,Coral Bay Wind Diesel System,FA,WA,12118.0,3366.0,1813.0,0.0,1813.0,0.54,Off,Off-grid,Wind/Diesel,,2015
ELECTRICITY GENERATION AND RETAIL CORPORATION,Denham Wind Farm,F,WA,6871.0,1909.0,0.0,1.0,1.0,0.0,Off,Off-grid,Wind,,2015
ELECTRICITY GENERATION AND RETAIL CORPORATION,Esperance Wind Farm,F,WA,52851.0,14681.0,0.0,8.0,8.0,0.0,Off,Off-grid,Wind,,2015
ELECTRICITY GENERATION AND RETAIL CORPORATION,Geraldton Gas Turbine Station,F,WA,80.0,22.0,29.0,0.0,29.0,1.31,On,SWIS,Gas,,2015
ELECTRICITY GENERATION AND RETAIL CORPORATION,Hopetoun Wind Diesel System,FA,WA,19713.0,5476.0,2671.0,0.0,2671.0,0.49,Off,Off-grid,Wind/Diesel,,2015
ELECTRICITY GENERATION AND RETAIL CORPORATION,Kalbarri Photovoltaic,F,WA,81.0,23.0,0.0,4.0,4.0,0.0,On,SWIS,Solar,,2015
ELECTRICITY GENERATION AND RETAIL CORPORATION,Kalbarri Wind Farm,F,WA,15140.0,4206.0,0.0,6.0,6.0,0.0,On,SWIS,Wind,,2015
ELECTRICITY GENERATION AND RETAIL CORPORATION,Kalgoorlie Gas Turbine Station,F,WA,6739.0,1872.0,1751.0,0.0,1751.0,0.94,On,SWIS,Gas,,2015
ELECTRICITY GENERATION AND RETAIL CORPORATION,Kwinana Power Station,F,WA,3520116.0,977810.0,602488.0,700.0,603188.0,0.62,On,SWIS,Gas,,2015
ELECTRICITY GENERATION AND RETAIL CORPORATION,Muja Power Station,F,WA,13831474.0,3842076.0,3744318.0,1655.0,3745973.0,0.97,On,SWIS,Black Coal,,2015
ELECTRICITY GENERATION AND RETAIL CORPORATION,Mungarra Gas Turbine Station,F,WA,348804.0,96890.0,82909.0,0.0,82909.0,0.86,On,SWIS,Gas,,2015
ELECTRICITY GENERATION AND RETAIL CORPORATION,Pinjar Gas Turbine Station,F,WA,1670548.0,464041.0,376980.0,0.0,376980.0,0.81,On,SWIS,Gas,,2015
ELECTRICITY GENERATION AND RETAIL CORPORATION,South West Cogeneration Joint Venture,F,WA,3568929.0,991369.0,623890.0,37.0,623927.0,0.63,On,SWIS,Gas,,2015
ELECTRICITY GENERATION AND RETAIL CORPORATION,Corporate Total,C,,33838865.0,9399685.0,7721769.0,5665.0,7727434.0,,,,,,2015
ELECTRICITY NETWORKS CORPORATION,Ravensthorpe Power Station,F,WA,701.0,195.0,138.0,0.0,138.0,0.71,On,SWIS,Liquid Fuel,,2015
ELECTRICITY NETWORKS CORPORATION,Corporate Total,C,,701.0,195.0,138.0,0.0,138.0,,,,,,2015
ENERGEX LIMITED,Energy Impact - Bromelton Peak Generation Plant,F,QLD,6745.0,1874.0,1402.0,427.0,1829.0,0.75,On,NEM,Liquid Fuel,,2015
ENERGEX LIMITED,Energy Impact - Generation,F,QLD,4125.0,1146.0,799.0,0.0,799.0,0.7,On,NEM,Liquid Fuel,,2015
ENERGEX LIMITED,Corporate Total,C,,10870.0,3019.0,2201.0,427.0,2628.0,,,,,,2015
ENERGY DEVELOPMENTS LIMITED,Appin CSM Power Station,F,NSW,588901.0,163584.0,124621.0,85.0,124706.0,0.76,On,NEM,Coal Seam Methane,,2015
ENERGY DEVELOPMENTS LIMITED,Ardyaloon Remote Power Station,F,WA,6385.0,1774.0,1275.0,0.0,1275.0,0.72,Off,Off-grid,Liquid Fuel,,2015
ENERGY DEVELOPMENTS LIMITED,Beagle Bay Remote Power Station,F,WA,5835.0,1621.0,1151.0,0.0,1151.0,0.71,Off,Off-grid,Liquid Fuel,,2015
ENERGY DEVELOPMENTS LIMITED,Belrose and Grange Avenue LFG Power Stations,FA,NSW,46595.0,12943.0,815.0,6.0,821.0,0.06,On,NEM,Landfill Gas,,2015
ENERGY DEVELOPMENTS LIMITED,Berwick LFG Power Station,F,VIC,86977.0,24160.0,1539.0,810.0,2349.0,0.06,On,NEM,Landfill Gas,,2015
ENERGY DEVELOPMENTS LIMITED,Bidyadanga Remote Power Staiton,F,WA,10466.0,2907.0,2094.0,0.0,2094.0,0.72,Off,Off-grid,Liquid Fuel,,2015
ENERGY DEVELOPMENTS LIMITED,Broadmeadows LFG Power Station,F,VIC,69413.0,19281.0,1230.0,10.0,1240.0,0.06,On,NEM,Landfill Gas,,2015
ENERGY DEVELOPMENTS LIMITED,Brooklyn LFG Power Station,F,VIC,61195.0,16999.0,1054.0,5.0,1059.0,0.06,On,NEM,Landfill Gas,,2015
ENERGY DEVELOPMENTS LIMITED,Broome LNG Power Station,F,WA,485698.0,134916.0,82255.0,0.0,82255.0,0.61,Off,Off-grid,Gas/Diesel,,2015
ENERGY DEVELOPMENTS LIMITED,Browns Plains LFG Power Station,F,QLD,40383.0,11218.0,712.0,4.0,716.0,0.06,On,NEM,Landfill Gas,,2015
ENERGY DEVELOPMENTS LIMITED,Century Power Station,FA,QLD,4393.0,1220.0,848.0,0.0,848.0,0.69,On,Mt Isa,Diesel,,2015
ENERGY DEVELOPMENTS LIMITED,Clayton LFG Power Station,F,VIC,290315.0,80643.0,4503.0,321.0,4824.0,0.06,On,NEM,Landfill Gas,,2015
ENERGY DEVELOPMENTS LIMITED,Coober Pedy Remote Power Station,F,SA,42860.0,11906.0,8348.0,0.0,8348.0,0.7,Off,Off-grid,Diesel,,2015
ENERGY DEVELOPMENTS LIMITED,Cue Remote Power Station,F,WA,6804.0,1890.0,1363.0,0.0,1363.0,0.72,Off,Off-grid,Liquid Fuel,,2015
ENERGY DEVELOPMENTS LIMITED,Derby LNG Power Station,F,WA,128739.0,35761.0,18528.0,0.0,18528.0,0.52,Off,Off-grid,Gas/Diesel,,2015
ENERGY DEVELOPMENTS LIMITED,Djarandjin Remote Power Station,F,WA,5837.0,1621.0,1157.0,0.0,1157.0,0.71,Off,Off-grid,Liquid Fuel,,2015
ENERGY DEVELOPMENTS LIMITED,Eastern Creek LFG Power Station,F,NSW,58449.0,16236.0,931.0,3.0,934.0,0.06,On,NEM,Landfill Gas,,2015
ENERGY DEVELOPMENTS LIMITED,EDL LFG (VIC),FA,VIC,28317.0,7866.0,502.0,7.0,509.0,0.06,On,NEM,Landfill Gas,,2015
ENERGY DEVELOPMENTS LIMITED,Fitzroy Crossing LNG Power Station,F,WA,52066.0,14463.0,7074.0,0.0,7074.0,0.49,Off,Off-grid,Gas/Diesel,,2015
ENERGY DEVELOPMENTS LIMITED,Gascoyne Junction Remote Power Station,F,WA,2847.0,791.0,603.0,0.0,603.0,0.76,Off,Off-grid,Liquid Fuel,,2015
ENERGY DEVELOPMENTS LIMITED,German Creek CMM Power Station,F,QLD,1101467.0,305963.0,166630.0,0.0,166630.0,0.54,On,NEM,Waste Coal Mine Gas,,2015
ENERGY DEVELOPMENTS LIMITED,Glennies Creek Power Station,F,NSW,326588.0,90719.0,53189.0,5.0,53194.0,0.59,On,NEM,Waste Coal Mine Gas,,2015
ENERGY DEVELOPMENTS LIMITED,Halls Creek LNG Power Station,F,WA,41237.0,11455.0,6357.0,0.0,6357.0,0.55,Off,Off-grid,Gas/Diesel,,2015
ENERGY DEVELOPMENTS LIMITED,Highbury and Tea Tree Gully Power Stations,FA,SA,12141.0,3373.0,220.0,42.0,262.0,0.07,On,NEM,Landfill Gas,,2015
ENERGY DEVELOPMENTS LIMITED,Jacks Gully LFG Power Station,F,NSW,56366.0,15657.0,991.0,1.0,992.0,0.06,On,NEM,Landfill Gas,,2015
ENERGY DEVELOPMENTS LIMITED,Karumba Power Station,F,QLD,51753.0,14376.0,9935.0,8.0,9943.0,0.69,Off,Off-grid,Diesel,,2015
ENERGY DEVELOPMENTS LIMITED,Laverton Remote Power Station,F,WA,13825.0,3840.0,2685.0,0.0,2685.0,0.7,Off,Off-grid,Liquid Fuel,,2015
ENERGY DEVELOPMENTS LIMITED,Leonora Remote Power Station,F,WA,32000.0,8889.0,6446.0,0.0,6446.0,0.73,Off,Off-grid,Gas,,2015
ENERGY DEVELOPMENTS LIMITED,Looma Power Station,FA,WA,9329.0,2591.0,2076.0,0.0,2076.0,0.8,Off,Off-grid,Gas/Diesel,,2015
ENERGY DEVELOPMENTS LIMITED,Lucas Heights 1 LFG Power Station,F,NSW,81911.0,22753.0,1447.0,3.0,1450.0,0.06,On,NEM,Landfill Gas,,2015
ENERGY DEVELOPMENTS LIMITED,Lucas Heights 2 LFG Power Station,F,NSW,363270.0,100908.0,6422.0,3.0,6425.0,0.06,On,NEM,Landfill Gas,,2015
ENERGY DEVELOPMENTS LIMITED,McArthur River Power Station,F,NT,1028823.0,285784.0,132182.0,0.0,132182.0,0.46,Off,Off-grid,Gas,,2015
ENERGY DEVELOPMENTS LIMITED,Meekatharra Remote Power Station,F,WA,23382.0,6495.0,4675.0,0.0,4675.0,0.72,Off,Off-grid,Liquid Fuel,,2015
ENERGY DEVELOPMENTS LIMITED,Menzies Remote Power Station,F,WA,2620.0,728.0,560.0,0.0,560.0,0.77,Off,Off-grid,Liquid Fuel,,2015
ENERGY DEVELOPMENTS LIMITED,Moranbah North CMM Power Station,F,QLD,1581863.0,439406.0,238554.0,0.0,238554.0,0.54,On,NEM,Waste Coal Mine Gas,,2015
ENERGY DEVELOPMENTS LIMITED,Mt Magnet Remote Power Station,F,WA,12419.0,3450.0,2514.0,0.0,2514.0,0.73,Off,Off-grid,Gas,,2015
ENERGY DEVELOPMENTS LIMITED,Mugga Lane LFG Power Station,F,ACT,79427.0,22063.0,1398.0,1.0,1399.0,0.06,On,NEM,Landfill Gas,,2015
ENERGY DEVELOPMENTS LIMITED,Oaky Creek Power Station,F,QLD,481153.0,133654.0,77508.0,23.0,77531.0,0.58,On,NEM,Coal Seam Methane,,2015
ENERGY DEVELOPMENTS LIMITED,Pedler Creek LFG Power Station,F,SA,68940.0,19150.0,1210.0,2.0,1212.0,0.06,On,NEM,Landfill Gas,,2015
ENERGY DEVELOPMENTS LIMITED,Pine Creek A Power Station,F,NT,651894.0,181082.0,90532.0,0.0,90532.0,0.5,On,DKIS,Gas,,2015
ENERGY DEVELOPMENTS LIMITED,Roghan Road LFG Power Station,FA,QLD,4877.0,1355.0,83.0,44.0,127.0,0.06,On,NEM,Landfill Gas,,2015
ENERGY DEVELOPMENTS LIMITED,Sandstone Remote Power Station,F,WA,1831.0,509.0,406.0,0.0,406.0,0.8,Off,Off-grid,Liquid Fuel,,2015
ENERGY DEVELOPMENTS LIMITED,Springvale LFG Power Station,F,VIC,60010.0,16669.0,1066.0,13.0,1079.0,0.06,On,NEM,Landfill Gas,,2015
ENERGY DEVELOPMENTS LIMITED,Tahmoor Power Station,F,NSW,167241.0,46456.0,29870.0,10.0,29880.0,0.64,On,NEM,Waste Coal Mine Gas,,2015
ENERGY DEVELOPMENTS LIMITED,Teralba Power Station,F,NSW,41260.0,11461.0,7316.0,32.0,7348.0,0.64,On,NEM,Coal Seam Methane,,2015
ENERGY DEVELOPMENTS LIMITED,Tower CSM Power Station,F,NSW,727327.0,202035.0,145425.0,9.0,145434.0,0.72,On,NEM,Coal Seam Methane,,2015
ENERGY DEVELOPMENTS LIMITED,Warmun Remote Power Station,F,WA,9744.0,2707.0,1967.0,0.0,1967.0,0.73,Off,Off-grid,Liquid Fuel,,2015
ENERGY DEVELOPMENTS LIMITED,West Belconnen LFG Power Station,F,ACT,11163.0,3101.0,201.0,8.0,209.0,0.06,On,NEM,Landfill Gas,,2015
ENERGY DEVELOPMENTS LIMITED,Wiluna Remote Power Station,F,WA,8252.0,2292.0,1657.0,0.0,1657.0,0.72,Off,Off-grid,Liquid Fuel,,2015
ENERGY DEVELOPMENTS LIMITED,Wingfield 1 LFG Power Station,F,SA,57947.0,16096.0,1019.0,1.0,1020.0,0.06,On,NEM,Landfill Gas,,2015
ENERGY DEVELOPMENTS LIMITED,Wingfield 2 LFG Power Station,F,SA,59665.0,16574.0,1049.0,1.0,1050.0,0.06,On,NEM,Landfill Gas,,2015
ENERGY DEVELOPMENTS LIMITED,Yalgoo Remote Power Station,F,WA,2895.0,804.0,616.0,0.0,616.0,0.77,Off,Off-grid,Liquid Fuel,,2015
ENERGY DEVELOPMENTS LIMITED,Corporate Total,C,,9195095.0,2554193.0,1256809.0,1457.0,1258266.0,,,,,,2015
ENERGY WORLD CORPORATION LTD,Brewer Power Station,F,NT,169861.0,47184.0,30511.0,14.0,30525.0,0.65,Off,Off-grid,Gas,,2015
ENERGY WORLD CORPORATION LTD,Corporate Total,C,,169861.0,47184.0,30511.0,14.0,30525.0,,,,,,2015
ENERGYAUSTRALIA HOLDINGS LIMITED,Cathedral Rocks Wind Farm,F,SA,620421.0,172339.0,65.0,128.0,193.0,0.0,On,NEM,Wind,,2015
ENERGYAUSTRALIA HOLDINGS LIMITED,Hallett Power Station,F,SA,80235.0,22288.0,23349.0,2735.0,26084.0,1.05,On,NEM,Gas/Diesel,,2015
ENERGYAUSTRALIA HOLDINGS LIMITED,Mt Piper Power Station,F,NSW,22617530.0,6282647.0,5432906.0,35153.0,5468059.0,0.86,On,NEM,Black Coal,,2015
ENERGYAUSTRALIA HOLDINGS LIMITED,Tallawarra Power Station,F,NSW,7496610.0,2082392.0,758611.0,2381.0,760992.0,0.36,On,NEM,Gas,,2015
ENERGYAUSTRALIA HOLDINGS LIMITED,Waterloo Wind Farm,F,SA,1063581.0,295439.0,66.0,226.0,292.0,0.0,On,NEM,Wind,,2015
ENERGYAUSTRALIA HOLDINGS LIMITED,Yallourn Power Station,F,VIC,40512852.0,11253570.0,14318960.0,301769.0,14620729.0,1.27,On,NEM,Brown Coal,,2015
ENERGYAUSTRALIA HOLDINGS LIMITED,Corporate Total,C,,72391229.0,20108675.0,20533957.0,342392.0,20876349.0,,,,,,2015
ERM POWER LIMITED,Newgen Neerabup Power Station,F,WA,449321.0,124811.0,75996.0,3033.0,79029.0,0.61,On,SWIS,Gas,,2015
ERM POWER LIMITED,Oakey Power Station,F,QLD,1796909.0,499141.0,311168.0,1956.0,313124.0,0.62,On,NEM,Gas,,2015
ERM POWER LIMITED,Corporate Total,C,,2246230.0,623953.0,387164.0,4989.0,392153.0,,,,,,2015
ESPERANCE POWER STATION PTY LTD,Esperance Power Station,F,WA,271834.0,75509.0,58134.0,0.0,58134.0,0.77,Off,Off-grid,Gas/Diesel,,2015
ESPERANCE POWER STATION PTY LTD,Corporate Total,C,,271834.0,75509.0,58134.0,0.0,58134.0,,,,,,2015
ESSENTIAL ENERGY,Essential Energy Generation Facilities,FA,NSW,1795.0,499.0,692.0,183.0,875.0,1.39,On,NEM,Multiple sources,,2015
ESSENTIAL ENERGY,Corporate Total,C,,1795.0,499.0,692.0,183.0,875.0,,,,,,2015
FPC 30 LIMITED,FPC Green Energy,F,QLD,355463.0,98740.0,3769.0,1645.0,5414.0,0.04,On,NEM,Biofuel,,2015
FPC 30 LIMITED,Corporate Total,C,,355463.0,98740.0,3769.0,1645.0,5414.0,,,,,,2015
GOLDFIELDS POWER PTY LTD,Parkeston Power Station,F,WA,814460.0,226239.0,134782.0,0.0,134782.0,0.6,On,SWIS,Gas/Diesel,,2015
GOLDFIELDS POWER PTY LTD,Corporate Total,C,,814460.0,226239.0,134782.0,0.0,134782.0,,,,,,2015
GSP ENERGY PTY LTD,Blayney Wind Farm,F,NSW,72296.0,20082.0,0.0,49.0,49.0,0.0,On,NEM,Wind,,2015
GSP ENERGY PTY LTD,Burrinjuck Power Station,F,NSW,305092.0,84748.0,0.0,105.0,105.0,0.0,On,NEM,Hydro,,2015
GSP ENERGY PTY LTD,Crookwell Wind Farm,F,NSW,28521.0,7923.0,0.0,33.0,33.0,0.0,On,NEM,Wind,,2015
GSP ENERGY PTY LTD,Hume Power Station,F,NSW,755051.0,209736.0,0.0,298.0,298.0,0.0,On,NEM,Hydro,,2015
GSP ENERGY PTY LTD,Keepit Power Station,F,NSW,10253.0,2848.0,0.0,0.0,0.0,0.0,On,NEM,Hydro,,2015
GSP ENERGY PTY LTD,Corporate Total,C,,1171213.0,325337.0,0.0,485.0,485.0,,,,,,2015
HRL LIMITED,Energy Brix Australia Corporation,F,VIC,150097.0,41694.0,100703.0,18935.0,119638.0,2.42,On,NEM,Brown Coal,,2015
HRL LIMITED,Corporate Total,C,,150097.0,41694.0,100703.0,18935.0,119638.0,,,,,,2015
HYDRO POWER PTY. LIMITED,Wyangala A,F,NSW,138482.0,38467.0,0.0,0.0,0.0,0.0,On,NEM,Hydro,,2015
HYDRO POWER PTY. LIMITED,Corporate Total,C,,138482.0,38467.0,0.0,0.0,0.0,,,,,,2015
HYDRO-ELECTRIC CORPORATION,Bastyan Hydro Power Station,F,TAS,1289717.0,358255.0,0.0,221.0,221.0,0.0,On,NEM,Hydro,,2015
HYDRO-ELECTRIC CORPORATION,Butlers Gorge Hydro Power Station,F,TAS,330501.0,91806.0,0.0,0.0,0.0,0.0,On,NEM,Hydro,,2015
HYDRO-ELECTRIC CORPORATION,Catagunya Hydro Power Station,F,TAS,781824.0,217173.0,0.0,22.0,22.0,0.0,On,NEM,Hydro,,2015
HYDRO-ELECTRIC CORPORATION,Cethana Hydro Power Station,F,TAS,870760.0,241878.0,0.0,98.0,98.0,0.0,On,NEM,Hydro,,2015
HYDRO-ELECTRIC CORPORATION,Cluny Hydro Power Station,F,TAS,293141.0,81428.0,0.0,9.0,9.0,0.0,On,NEM,Hydro,,2015
HYDRO-ELECTRIC CORPORATION,Devils Gate Hydro Power Station,F,TAS,942101.0,261695.0,0.0,27.0,27.0,0.0,On,NEM,Hydro,,2015
HYDRO-ELECTRIC CORPORATION,Fisher Hydro Power Station,F,TAS,460680.0,127967.0,0.0,3.0,3.0,0.0,On,NEM,Hydro,,2015
HYDRO-ELECTRIC CORPORATION,Flinders Island Power Station,F,TAS,13110.0,3642.0,2457.0,4.0,2461.0,0.67,Off,Off-grid,Wind/Diesel,,2015
HYDRO-ELECTRIC CORPORATION,Gordon Hydro Power Station,F,TAS,3822412.0,1061781.0,0.0,114.0,114.0,0.0,On,NEM,Hydro,,2015
HYDRO-ELECTRIC CORPORATION,John Butters Hydro Power Station,F,TAS,1766518.0,490699.0,0.0,631.0,631.0,0.0,On,NEM,Hydro,,2015
HYDRO-ELECTRIC CORPORATION,King Island Power Station,F,TAS,45436.0,12621.0,5037.0,4.0,5041.0,0.4,Off,Off-grid,Wind/Diesel,,2015
HYDRO-ELECTRIC CORPORATION,Lake Echo Hydro Power Station,F,TAS,120795.0,33554.0,0.0,21.0,21.0,0.0,On,NEM,Hydro,,2015
HYDRO-ELECTRIC CORPORATION,Lake Margaret Lower Hydro Power station,F,TAS,20435.0,5676.0,0.0,3.0,3.0,0.0,On,NEM,Hydro,,2015
HYDRO-ELECTRIC CORPORATION,Lake Margaret Upper Hydro Power Station,F,TAS,170131.0,47259.0,0.0,1.0,1.0,0.0,On,NEM,Hydro,,2015
HYDRO-ELECTRIC CORPORATION,Lemonthyme Hydro Power Station,F,TAS,926469.0,257353.0,0.0,55.0,55.0,0.0,On,NEM,Hydro,,2015
HYDRO-ELECTRIC CORPORATION,Liapootah Hydro Power Station,F,TAS,1491643.0,414345.0,0.0,467.0,467.0,0.0,On,NEM,Hydro,,2015
HYDRO-ELECTRIC CORPORATION,Mackintosh Hydro Power Station,F,TAS,1227923.0,341090.0,0.0,776.0,776.0,0.0,On,NEM,Hydro,,2015
HYDRO-ELECTRIC CORPORATION,Meadowbank Hydro Power Station,F,TAS,158933.0,44148.0,0.0,56.0,56.0,0.0,On,NEM,Hydro,,2015
HYDRO-ELECTRIC CORPORATION,Paloona Hydro Power Station,F,TAS,335083.0,93079.0,0.0,45.0,45.0,0.0,On,NEM,Hydro,,2015
HYDRO-ELECTRIC CORPORATION,Parangana Hydro Power Station,F,TAS,15066.0,4185.0,0.0,0.0,0.0,0.0,On,NEM,Hydro,,2015
HYDRO-ELECTRIC CORPORATION,Poatina Hydro Power Station,F,TAS,3798355.0,1055099.0,0.0,1994.0,1994.0,0.0,On,NEM,Hydro,,2015
HYDRO-ELECTRIC CORPORATION,Reece Hydro Power Station,F,TAS,3295055.0,915293.0,0.0,1976.0,1976.0,0.0,On,NEM,Hydro,,2015
HYDRO-ELECTRIC CORPORATION,Repulse Hydro Power Station,F,TAS,500556.0,139043.0,0.0,10.0,10.0,0.0,On,NEM,Hydro,,2015
HYDRO-ELECTRIC CORPORATION,Rowallan Hydro Power Station,F,TAS,84911.0,23586.0,0.0,8.0,8.0,0.0,On,NEM,Hydro,,2015
HYDRO-ELECTRIC CORPORATION,Tamar Valley Power Station,F,TAS,63619.0,17672.0,9276.0,2570.0,11846.0,0.52,On,NEM,Gas,,2015
HYDRO-ELECTRIC CORPORATION,Tarraleah Hydro Power Station,F,TAS,2275240.0,632011.0,0.0,102.0,102.0,0.0,On,NEM,Hydro,,2015
HYDRO-ELECTRIC CORPORATION,Tods Corner Hydro Power Station,F,TAS,20731.0,5759.0,0.0,3.0,3.0,0.0,On,NEM,Hydro,,2015
HYDRO-ELECTRIC CORPORATION,Trevallyn Hydro Power Station,F,TAS,1256107.0,348919.0,0.0,80.0,80.0,0.0,On,NEM,Hydro,,2015
HYDRO-ELECTRIC CORPORATION,Tribute Hydro Power Station,F,TAS,788456.0,219016.0,0.0,67.0,67.0,0.0,On,NEM,Hydro,,2015
HYDRO-ELECTRIC CORPORATION,Tungatinah Hydro Power Station,F,TAS,1530728.0,425202.0,0.0,156.0,156.0,0.0,On,NEM,Hydro,,2015
HYDRO-ELECTRIC CORPORATION,Wayatinah Hydro Power Station,F,TAS,874109.0,242808.0,0.0,29.0,29.0,0.0,On,NEM,Hydro,,2015
HYDRO-ELECTRIC CORPORATION,Wilmot Hydro Power Station,F,TAS,411351.0,114264.0,0.0,47.0,47.0,0.0,On,NEM,Hydro,,2015
HYDRO-ELECTRIC CORPORATION,Corporate Total,C,,29981896.0,8328304.0,16770.0,9599.0,26369.0,,,,,,2015
IFM RENEWABLE ENERGY PTY LTD,Challicum Hills Wind Farm,F,VIC,487533.0,135426.0,93.0,0.0,93.0,0.0,On,NEM,Wind,,2015
IFM RENEWABLE ENERGY PTY LTD,Clements Gap Wind Farm,F,SA,615683.0,171023.0,26.0,0.0,26.0,0.0,On,NEM,Wind,,2015
IFM RENEWABLE ENERGY PTY LTD,Codrington Wind Farm,F,VIC,160914.0,44698.0,24.0,0.0,24.0,0.0,On,NEM,Wind,,2015
IFM RENEWABLE ENERGY PTY LTD,Eildon Pondage Hydro,F,VIC,53020.0,14728.0,0.0,0.0,0.0,0.0,On,NEM,Hydro,,2015
IFM RENEWABLE ENERGY PTY LTD,Glenmaggie Hydro,F,VIC,24404.0,6779.0,0.0,0.0,0.0,0.0,On,NEM,Hydro,,2015
IFM RENEWABLE ENERGY PTY LTD,Ord Hydro,F,WA,742103.0,206140.0,18.0,0.0,18.0,0.0,Off,Off-grid,Hydro,,2015
IFM RENEWABLE ENERGY PTY LTD,Portland Wind Farms,F,VIC,1483286.0,412024.0,21.0,0.0,21.0,0.0,On,NEM,Wind,,2015
IFM RENEWABLE ENERGY PTY LTD,The Drop Hydro,F,NSW,28205.0,7835.0,0.0,0.0,0.0,0.0,On,NEM,Hydro,,2015
IFM RENEWABLE ENERGY PTY LTD,William Hovell Hydro,F,VIC,10659.0,2961.0,0.0,0.0,0.0,0.0,On,NEM,Hydro,,2015
IFM RENEWABLE ENERGY PTY LTD,Yambuk Wind Farm,F,VIC,324867.0,90241.0,107.0,0.0,107.0,0.0,On,NEM,Wind,,2015
IFM RENEWABLE ENERGY PTY LTD,Corporate Total,C,,3930674.0,1091854.0,289.0,0.0,289.0,,,,,,2015
INFIGEN ENERGY LIMITED,Alinta Wind Farm,F,WA,1190284.0,330634.0,47.0,624.0,671.0,0.0,On,SWIS,Wind,,2015
INFIGEN ENERGY LIMITED,Capital East Solar Farm,F,NSW,689.0,191.0,0.0,8.0,8.0,0.0,On,NEM,Solar,,2015
INFIGEN ENERGY LIMITED,Capital Wind Farm,F,NSW,1184184.0,328940.0,105.0,871.0,976.0,0.0,On,NEM,Wind,,2015
INFIGEN ENERGY LIMITED,"Lake Bonney Stage 1,2 & 3 Wind Farm",F,SA,2477929.0,688314.0,88.0,888.0,976.0,0.0,On,NEM,Wind,,2015
INFIGEN ENERGY LIMITED,Woodlawn Wind Farm,F,NSW,462471.0,128464.0,33.0,186.0,219.0,0.0,On,NEM,Wind,,2015
INFIGEN ENERGY LIMITED,Corporate Total,C,,5315557.0,1476544.0,273.0,2577.0,2850.0,,,,,,2015
IPM (KWINANA) PTY LTD,Kwinana Cogeneration Plant,F,WA,3212159.0,892266.0,462837.0,96.0,462933.0,0.52,On,SWIS,Gas,,2015
IPM (KWINANA) PTY LTD,Corporate Total,C,,3212159.0,892266.0,462837.0,96.0,462933.0,,,,,,2015
IPM AUSTRALIA LIMITED,Loy Yang B Power Station,F,VIC,31039276.0,8622021.0,9755875.0,1932.0,9757807.0,1.13,On,NEM,Brown Coal,,2015
IPM AUSTRALIA LIMITED,Corporate Total,C,,31039276.0,8622021.0,9755875.0,1932.0,9757807.0,,,,,,2015
LMS ENERGY PTY LTD,Albury Renewable Energy Facility,F,NSW,28779.0,7994.0,435.0,0.0,435.0,0.05,On,NEM,Landfill Gas,,2015
LMS ENERGY PTY LTD,Atlas Renewable Energy Facility,F,WA,16710.0,4642.0,266.0,0.0,266.0,0.06,On,SWIS,Landfill Gas,,2015
LMS ENERGY PTY LTD,Awaba Renewable Energy Facility,F,NSW,33021.0,9173.0,507.0,0.0,507.0,0.06,On,NEM,Landfill Gas,,2015
LMS ENERGY PTY LTD,Ballarat Renewable Energy Facility,F,VIC,18286.0,5079.0,295.0,0.0,295.0,0.06,On,NEM,Landfill Gas,,2015
LMS ENERGY PTY LTD,Bendigo Renewable Energy Facility,F,VIC,14097.0,3916.0,225.0,0.0,225.0,0.06,On,NEM,Solar,,2015
LMS ENERGY PTY LTD,Birkdale Renewable Energy Facility,F,QLD,24124.0,6701.0,364.0,0.0,364.0,0.05,On,NEM,Landfill Gas,,2015
LMS ENERGY PTY LTD,Darwin Renewable Energy Facility,F,NT,32365.0,8990.0,528.0,0.0,528.0,0.06,On,DKIS,Landfill Gas,,2015
LMS ENERGY PTY LTD,Eastern Creek 2 Renewable Energy Facility,F,NSW,229019.0,63616.0,3323.0,0.0,3323.0,0.05,On,NEM,Landfill Gas,,2015
LMS ENERGY PTY LTD,Hampton Park Renewable Energy Facility,F,VIC,220584.0,61273.0,3222.0,0.0,3222.0,0.05,On,NEM,Landfill Gas,,2015
LMS ENERGY PTY LTD,Ipswich Renewable Energy Facility,F,QLD,30219.0,8394.0,484.0,0.0,484.0,0.06,On,NEM,Landfill Gas,,2015
LMS ENERGY PTY LTD,Mornington Peninsula Renewable Energy Facility,F,VIC,20560.0,5711.0,320.0,0.0,320.0,0.06,On,NEM,Landfill Gas,,2015
LMS ENERGY PTY LTD,Newcastle Renewable Energy Facility,F,NSW,64817.0,18005.0,993.0,0.0,993.0,0.06,On,NEM,Landfill Gas,,2015
LMS ENERGY PTY LTD,Remount Renewable Energy Facility,F,TAS,52039.0,14455.0,816.0,0.0,816.0,0.06,On,NEM,Landfill Gas,,2015
LMS ENERGY PTY LTD,Rochedale Renewable Energy Facility,F,QLD,122074.0,33909.0,1927.0,0.0,1927.0,0.06,On,NEM,Landfill Gas,,2015
LMS ENERGY PTY LTD,Shepparton Renewable Energy Facility,F,VIC,16923.0,4701.0,279.0,0.0,279.0,0.06,On,NEM,Landfill Gas,,2015
LMS ENERGY PTY LTD,South Cardup Renewable Energy Facility,F,WA,94101.0,26139.0,1508.0,0.0,1508.0,0.06,On,SWIS,Landfill Gas,,2015
LMS ENERGY PTY LTD,Stapylton Renewable Energy Facility,F,QLD,15768.0,4380.0,265.0,0.0,265.0,0.06,On,NEM,Landfill Gas,,2015
LMS ENERGY PTY LTD,Suntown Renewable Energy Facility,F,QLD,135.0,38.0,1.0,0.0,1.0,0.03,On,NEM,Landfill Gas,,2015
LMS ENERGY PTY LTD,Swanbank Renewable Energy Facility,F,QLD,34266.0,9518.0,537.0,0.0,537.0,0.06,On,NEM,Landfill Gas,,2015
LMS ENERGY PTY LTD,Tweed Shire Renewable Energy Facility,F,NSW,6224.0,1729.0,106.0,0.0,106.0,0.06,On,NEM,Landfill Gas,,2015
LMS ENERGY PTY LTD,Wollert Renewable Energy Facility,F,VIC,196497.0,54583.0,2968.0,0.0,2968.0,0.05,On,NEM,Landfill Gas,,2015
LMS ENERGY PTY LTD,Wyndham Renewable Energy Facility,F,VIC,55620.0,15450.0,764.0,0.0,764.0,0.05,On,NEM,Landfill Gas,,2015
LMS ENERGY PTY LTD,Wyong Renewable Energy Facility,F,NSW,60714.0,16865.0,929.0,0.0,929.0,0.06,On,NEM,Landfill Gas,,2015
LMS ENERGY PTY LTD,Corporate Total,C,,1386942.0,385262.0,21062.0,0.0,21062.0,,,,,,2015
MACQUARIE GENERATION,Bayswater Power Station,F,NSW,11250900.0,3125250.0,2650584.0,0.0,2650584.0,0.85,On,NEM,Black Coal,"AGL Energy Limited purchased Macquarie Generation in September 2014. This includes the Bayswater Power Station, Liddell Power Station and Hunter Valley Gas Turbines facilities.  Macquarie Generation reported these facilities for part of the 2014-15 financial year and AGL Energy Limited reported for the remainder of the year.",2015
MACQUARIE GENERATION,Hunter Valley Gas Turbines,F,NSW,238.0,66.0,102.0,191.0,293.0,1.54,On,NEM,Gas,"AGL Energy Limited purchased Macquarie Generation in September 2014. This includes the Bayswater Power Station, Liddell Power Station and Hunter Valley Gas Turbines facilities.  Macquarie Generation reported these facilities for part of the 2014-15 financial year and AGL Energy Limited reported for the remainder of the year.",2015
MACQUARIE GENERATION,Liddell Power Station,F,NSW,4182213.0,1161726.0,1061536.0,4426.0,1065962.0,0.91,On,NEM,Black Coal,"AGL Energy Limited purchased Macquarie Generation in September 2014. This includes the Bayswater Power Station, Liddell Power Station and Hunter Valley Gas Turbines facilities.  Macquarie Generation reported these facilities for part of the 2014-15 financial year and AGL Energy Limited reported for the remainder of the year.",2015
MACQUARIE GENERATION,Corporate Total,C,,15433351.0,4287042.0,3712222.0,4617.0,3716839.0,,,,,,2015
MERIDIAN ENERGY AUSTRALIA PTY LIMITED,Mt Mercer Wind farm Pty Ltd,F,VIC,1259336.0,349816.0,91.0,623.0,714.0,0.0,On,NEM,Wind,,2015
MERIDIAN ENERGY AUSTRALIA PTY LIMITED,Mt Millar Wind Farm Pty Ltd,F,SA,672546.0,186818.0,16.0,24.0,40.0,0.0,On,NEM,Wind,,2015
MERIDIAN ENERGY AUSTRALIA PTY LIMITED,Corporate Total,C,,1931882.0,536634.0,107.0,647.0,754.0,,,,,,2015
MITSUI & CO (AUSTRALIA) LTD,Bald Hills Wind Farm,F,VIC,237597.0,65999.0,45.0,431.0,476.0,0.0,On,NEM,Wind,,2015
MITSUI & CO (AUSTRALIA) LTD,Corporate Total,C,,237597.0,65999.0,45.0,431.0,476.0,,,,,,2015
MOMENTUM ENERGY PTY LIMITED,Alfred Hospital Cogeneration Plant,F,VIC,56229.0,15619.0,13869.0,590.0,14459.0,0.89,On,NEM,Gas,,2015
MOMENTUM ENERGY PTY LIMITED,Dandenong Hospital Cogeneration Plant,F,VIC,54404.0,15112.0,11329.0,429.0,11758.0,0.75,On,NEM,Gas,,2015
MOMENTUM ENERGY PTY LIMITED,Geelong Hospital Cogeneration Plant,F,VIC,55751.0,15486.0,12359.0,563.0,12922.0,0.8,On,NEM,Gas,,2015
MOMENTUM ENERGY PTY LIMITED,Royal Melbourne Hospital Cogeneration Plant,F,VIC,114442.0,31789.0,25321.0,953.0,26274.0,0.8,On,NEM,Gas,,2015
MOMENTUM ENERGY PTY LIMITED,ST. Vincent's Hospital Cogeneration Plant,F,VIC,56462.0,15684.0,13743.0,632.0,14375.0,0.88,On,NEM,Gas,,2015
MOMENTUM ENERGY PTY LIMITED,Corporate Total,C,,337288.0,93691.0,76621.0,3167.0,79788.0,,,,,,2015
MORTONS LANE WIND FARM (HOLDING) PTY LTD,Mortons Lane Windfarm Pty Ltd,F,VIC,224297.0,62305.0,0.0,0.0,0.0,0.0,On,NEM,Wind,,2015
MORTONS LANE WIND FARM (HOLDING) PTY LTD,Corporate Total,C,,224297.0,62305.0,0.0,0.0,0.0,,,,,,2015
NATIONAL POWER AUSTRALIA INVESTMENTS LIMITED,Hazelwood Power Station,F,VIC,39489921.0,10969423.0,15354936.0,192118.0,15547054.0,1.4,On,NEM,Brown Coal,,2015
NATIONAL POWER AUSTRALIA INVESTMENTS LIMITED,Corporate Total,C,,39489921.0,10969423.0,15354936.0,192118.0,15547054.0,,,,,,2015
NEW GULLEN RANGE WIND FARM  (HOLDING) PTY LTD,New Gullen Range Wind Farm Pty Ltd,F,NSW,1295661.0,359906.0,0.0,397.0,397.0,0.0,On,NEM,Wind,,2015
NEW GULLEN RANGE WIND FARM  (HOLDING) PTY LTD,Corporate Total,C,,1295661.0,359906.0,0.0,397.0,397.0,,,,,,2015
NEWGEN KWINANA HOLDINGS PTY LTD,Kwinana Gas Fired Power Station,F,WA,7750392.0,2152887.0,851682.0,3081.0,854763.0,0.4,On,SWIS,Gas,,2015
NEWGEN KWINANA HOLDINGS PTY LTD,Corporate Total,C,,7750392.0,2152887.0,851682.0,3081.0,854763.0,,,,,,2015
NRG VICTORIA I PTY LTD,Gladstone Power Station,F,QLD,23336871.0,6482464.0,6301561.0,55547.0,6357108.0,0.97,On,NEM,Black Coal,,2015
NRG VICTORIA I PTY LTD,Corporate Total,C,,23336871.0,6482464.0,6301561.0,55547.0,6357108.0,,,,,,2015
ORIGIN ENERGY LIMITED,Australand,F,NSW,4031.0,1120.0,668.0,48.0,716.0,0.6,On,NEM,Gas,,2015
ORIGIN ENERGY LIMITED,Ballarat Solar Park,F,VIC,658.0,183.0,0.0,2.0,2.0,0.0,On,NEM,Solar,,2015
ORIGIN ENERGY LIMITED,Bendigo Solar Park,F,VIC,1881.0,523.0,0.0,4.0,4.0,0.0,On,NEM,Solar,,2015
ORIGIN ENERGY LIMITED,Blackmores,F,NSW,4190.0,1164.0,807.0,50.0,857.0,0.69,On,NEM,Gas,,2015
ORIGIN ENERGY LIMITED,Bond,F,NSW,4349.0,1208.0,668.0,52.0,720.0,0.55,On,NEM,Gas,,2015
ORIGIN ENERGY LIMITED,Chifley Square,F,NSW,4395.0,1221.0,650.0,52.0,702.0,0.53,On,NEM,Gas,,2015
ORIGIN ENERGY LIMITED,Cullerin Wind Farm,F,NSW,325681.0,90467.0,19.0,105.0,124.0,0.0,On,NEM,Wind,,2015
ORIGIN ENERGY LIMITED,Dandenong,F,VIC,13681.0,3800.0,2129.0,232.0,2361.0,0.56,On,NEM,Gas,,2015
ORIGIN ENERGY LIMITED,Darling Downs Power Station,F,QLD,15616147.0,4337819.0,1767735.0,1581.0,1769316.0,0.41,On,NEM,Gas,,2015
ORIGIN ENERGY LIMITED,Drapac,F,VIC,2312.0,642.0,393.0,38.0,431.0,0.61,On,NEM,Gas,,2015
ORIGIN ENERGY LIMITED,Eraring Power Station,F,NSW,51539324.0,14316479.0,12289095.0,14022.0,12303117.0,0.86,On,NEM,Black Coal,,2015
ORIGIN ENERGY LIMITED,Exhibition Street,F,VIC,11341.0,3150.0,1710.0,186.0,1896.0,0.54,On,NEM,Gas,,2015
ORIGIN ENERGY LIMITED,Kent Street,F,NSW,11297.0,3138.0,1571.0,250.0,1821.0,0.5,On,NEM,Gas,,2015
ORIGIN ENERGY LIMITED,La Trobe,F,VIC,3089.0,858.0,521.0,83.0,604.0,0.61,On,NEM,Gas,,2015
ORIGIN ENERGY LIMITED,Ladbroke Grove Power Station,F,SA,663862.0,184406.0,96421.0,516.0,96937.0,0.52,On,NEM,Gas,,2015
ORIGIN ENERGY LIMITED,Mirvac,F,NSW,17071.0,4742.0,2584.0,220.0,2804.0,0.54,On,NEM,Gas,,2015
ORIGIN ENERGY LIMITED,Mortlake Power Station,F,VIC,4188517.0,1163477.0,617279.0,5853.0,623132.0,0.53,On,NEM,Gas,,2015
ORIGIN ENERGY LIMITED,Mount,F,NSW,5847.0,1624.0,891.0,70.0,961.0,0.55,On,NEM,Gas,,2015
ORIGIN ENERGY LIMITED,Mt Stuart Power Station,F,QLD,110955.0,30821.0,27037.0,4121.0,31158.0,0.88,On,NEM,Kerosene,,2015
ORIGIN ENERGY LIMITED,Quarantine Power Station,F,SA,774888.0,215247.0,157160.0,2065.0,159225.0,0.73,On,NEM,Gas,,2015
ORIGIN ENERGY LIMITED,Roma Power Station,F,QLD,746188.0,207274.0,134645.0,681.0,135326.0,0.65,On,NEM,Gas,,2015
ORIGIN ENERGY LIMITED,Shoalhaven Scheme,F,NSW,276441.0,76789.0,2.0,73496.0,73498.0,0.0,On,NEM,Hydro,,2015
ORIGIN ENERGY LIMITED,Stockland Headquarters,F,NSW,4647.0,1291.0,745.0,56.0,801.0,0.58,On,NEM,Gas,,2015
ORIGIN ENERGY LIMITED,University of NSW,F,NSW,8740.0,2428.0,1294.0,104.0,1398.0,0.53,On,NEM,Gas,,2015
ORIGIN ENERGY LIMITED,Uranquinty Power Station,F,NSW,1537782.0,427162.0,221484.0,5449.0,226933.0,0.52,On,NEM,Gas,,2015
ORIGIN ENERGY LIMITED,Corporate Total,C,,75877314.0,21077032.0,15325508.0,109336.0,15434844.0,,,,,,2015
OZGEN HOLDINGS AUSTRALIA PTY LTD,Callide C Power Station (facility),F,QLD,19988727.0,5552424.0,4961514.0,20952.0,4982466.0,0.89,On,NEM,Black Coal,"Please note that in some circumstances Joint Venture partners are required to report a full amount for each facility they have in a Joint Venture. This results in that facility appearing twice. The identified Joint Venture participants have each included the same data for the Callide C Power Station in their NGER reports. This is because neither participant had the greatest ability to introduce and implement the operating and environmental policies in relation to the facility, and a nomination of operational control has not been made.",2015
OZGEN HOLDINGS AUSTRALIA PTY LTD,Millmerran Power Station (facility),F,QLD,23865350.0,6629264.0,5384007.0,4129.0,5388136.0,0.81,On,NEM,Black Coal,,2015
OZGEN HOLDINGS AUSTRALIA PTY LTD,Corporate Total,C,,43854077.0,12181688.0,10345521.0,25081.0,10370602.0,,,,,,2015
PELICAN POINT POWER LIMITED,Pelican Point Power Station,F,SA,3708417.0,1030116.0,411975.0,6659.0,418634.0,0.4,On,NEM,Gas,,2015
PELICAN POINT POWER LIMITED,Corporate Total,C,,3708417.0,1030116.0,411975.0,6659.0,418634.0,,,,,,2015
POWER AND WATER CORPORATION,Katherine Region,FA,NT,63066.0,17518.0,12363.0,0.0,12363.0,0.08,Off,Off-grid,Multiple sources,,2015
POWER AND WATER CORPORATION,Northern (Darwin) Region,FA,NT,224073.0,62243.0,43878.0,0.0,43878.0,0.7,Off,Off-grid,Multiple sources,,2015
POWER AND WATER CORPORATION,Remote Centres Generation,FA,NT,51189.0,14219.0,10283.0,0.0,10283.0,0.72,Off,Off-grid,Multiple sources,,2015
POWER AND WATER CORPORATION,Southern Region,FA,NT,100879.0,28022.0,19683.0,0.0,19683.0,0.7,Off,Off-grid,Multiple sources,,2015
POWER AND WATER CORPORATION,Corporate Total,C,,439207.0,122002.0,86207.0,0.0,86207.0,,,,,,2015
POWER GENERATION CORPORATION,Channel Island Power Station,F,NT,3520970.0,978047.0,607777.0,0.0,607777.0,0.62,On,DKIS,Gas,,2015
POWER GENERATION CORPORATION,Katherine Power Station,F,NT,55966.0,15546.0,12589.0,0.0,12589.0,0.81,On,DKIS,Gas,,2015
POWER GENERATION CORPORATION,Kings Canyon,F,NT,6202.0,1723.0,1141.0,0.0,1141.0,0.66,Off,Off-grid,Solar,,2015
POWER GENERATION CORPORATION,Owen Springs Power Station,F,NT,286571.0,79603.0,40674.0,0.0,40674.0,0.51,Off,Off-grid,Gas,,2015
POWER GENERATION CORPORATION,Ron Goodin Power Station,F,NT,334973.0,93048.0,62680.0,0.0,62680.0,0.67,Off,Off-grid,Gas,,2015
POWER GENERATION CORPORATION,Tennant Creek Power Station,F,NT,109184.0,30329.0,23220.0,0.0,23220.0,0.77,Off,Off-grid,Gas,,2015
POWER GENERATION CORPORATION,Weddell Power Station,F,NT,1576552.0,437931.0,270679.0,0.0,270679.0,0.62,On,DKIS,Gas,,2015
POWER GENERATION CORPORATION,Yulara Power Station,F,NT,86710.0,24086.0,15800.0,0.0,15800.0,0.66,Off,Off-grid,Gas/Diesel,,2015
POWER GENERATION CORPORATION,Corporate Total,C,,5977128.0,1660313.0,1034560.0,0.0,1034560.0,,,,,,2015
PRATT CONSOLIDATED HOLDINGS PTY. LTD.,Visy Energy - Coolaroo Co-gen,F,VIC,57190.0,15886.0,20066.0,11653.0,31719.0,1.26,On,NEM,Biofuel,,2015
PRATT CONSOLIDATED HOLDINGS PTY. LTD.,Corporate Total,C,,57190.0,15886.0,20066.0,11653.0,31719.0,,,,,,2015
RATCH - AUSTRALIA CORPORATION LIMITED,Kemerton Power Station,F,WA,302277.0,83966.0,54862.0,2534.0,57396.0,0.65,On,SWIS,Gas/Diesel,,2015
RATCH - AUSTRALIA CORPORATION LIMITED,Starfish Hill Wind Farm,F,SA,326963.0,90823.0,45.0,59.0,104.0,0.0,On,NEM,Wind,,2015
RATCH - AUSTRALIA CORPORATION LIMITED,Toora Wind Farm,F,VIC,186002.0,51667.0,20.0,269.0,289.0,0.0,On,NEM,Wind,,2015
RATCH - AUSTRALIA CORPORATION LIMITED,Townsville Power Station,F,QLD,290779.0,80772.0,39843.0,2758.0,42601.0,0.49,On,NEM,Gas,,2015
RATCH - AUSTRALIA CORPORATION LIMITED,Windy Hill Wind Farm,F,QLD,112473.0,31243.0,18.0,15.0,33.0,0.0,On,NEM,Wind,,2015
RATCH - AUSTRALIA CORPORATION LIMITED,Corporate Total,C,,1218494.0,338471.0,94788.0,5635.0,100423.0,,,,,,2015
REGIONAL POWER CORPORATION,Carnarvon Power Station,F,WA,165889.0,46080.0,26831.0,0.0,26831.0,0.58,Off,Off-grid,Gas,,2015
REGIONAL POWER CORPORATION,Horizon Power Aggregated Minor Power Stations,FA,WA,42232.0,11731.0,7794.0,0.0,7794.0,0.66,Off,Off-grid,Diesel,,2015
REGIONAL POWER CORPORATION,South Hedland Temporary Generation Power Station,F,WA,215850.0,59958.0,43013.0,0.0,43013.0,0.72,On,NWIS,Gas,,2015
REGIONAL POWER CORPORATION,Corporate Total,C,,423971.0,117770.0,77638.0,0.0,77638.0,,,,,,2015
RIO TINTO LIMITED,Paraburdoo Power Station,F,WA,2051703.0,569918.0,322110.0,0.0,322110.0,0.57,On,NWIS,Gas,,2015
RIO TINTO LIMITED,West Angelas Power Station,F,WA,2247.0,624.0,4670.0,0.0,4670.0,7.48,On,NWIS,Gas,,2015
RIO TINTO LIMITED,Yurralyi Maya Power Station,F,WA,3518017.0,977227.0,527491.0,0.0,527491.0,0.54,On,NWIS,Gas,,2015
RIO TINTO LIMITED,Corporate Total,C,,5571967.0,1547769.0,854271.0,0.0,854271.0,,,,,,2015
ROYALLA HOLDINGS ASSET PTY LTD,Royalla Solar Farm,F,ACT,49475.0,13743.0,0.0,85.0,85.0,0.0,On,NEM,Solar,,2015
ROYALLA HOLDINGS ASSET PTY LTD,Corporate Total,C,,49475.0,13743.0,0.0,85.0,85.0,,,,,,2015
SANTOS LTD,Wilga Park Power Station,F,NSW,194465.0,54018.0,30404.0,175.0,30579.0,0.56,On,NEM,Coal Seam Methane,,2015
SANTOS LTD,Corporate Total,C,,194465.0,54018.0,30404.0,175.0,30579.0,,,,,,2015
SENVION HOLDINGS PTY LTD,Wonthaggi Wind Farm,F,VIC,102127.0,28369.0,5.0,0.0,5.0,0.0,On,NEM,Wind,,2015
SENVION HOLDINGS PTY LTD,Corporate Total,C,,102127.0,28369.0,5.0,0.0,5.0,,,,,,2015
SHENHUA CLEAN ENERGY HOLDINGS PTY LTD,Musselroe Wind Farm Pty Ltd,F,TAS,1900382.0,527884.0,151.0,2881.0,3032.0,0.0,On,NEM,Wind,,2015
SHENHUA CLEAN ENERGY HOLDINGS PTY LTD,Woolnorth Bluff point Wind Farm Pty Ltd,F,TAS,872765.0,242435.0,76.0,4756.0,4832.0,0.0,On,NEM,Wind,,2015
SHENHUA CLEAN ENERGY HOLDINGS PTY LTD,Woolnorth Studland Bay Wind Farm Pty Ltd,F,TAS,1008270.0,280075.0,83.0,5486.0,5569.0,0.0,On,NEM,Wind,,2015
SHENHUA CLEAN ENERGY HOLDINGS PTY LTD,Corporate Total,C,,3781417.0,1050394.0,310.0,13123.0,13433.0,,,,,,2015
SNOWTOWN SOUTH WIND FARM PTY. LTD.,SNOWTOWN SOUTH WIND FARM,F,SA,1538563.0,427379.0,47.0,148.0,195.0,0.0,On,NEM,Wind,,2015
SNOWTOWN SOUTH WIND FARM PTY. LTD.,Corporate Total,C,,1538563.0,427379.0,47.0,148.0,195.0,,,,,,2015
SNOWTOWN WIND FARM PTY LTD,Snowtown Wind Farm,F,SA,1229676.0,341577.0,0.0,202.0,202.0,0.0,On,NEM,Wind,,2015
SNOWTOWN WIND FARM PTY LTD,Corporate Total,C,,1229676.0,341577.0,0.0,202.0,202.0,,,,,,2015
SNOWTOWN WIND FARM STAGE 2 PTY. LTD.,SNOWTOWN WIND FARM STAGE 2,F,SA,1493388.0,414830.0,54.0,203.0,257.0,0.0,On,NEM,Wind,,2015
SNOWTOWN WIND FARM STAGE 2 PTY. LTD.,Corporate Total,C,,1493388.0,414830.0,54.0,203.0,257.0,,,,,,2015
SNOWY HYDRO LIMITED,Angaston Power Station,F,SA,5951.0,1653.0,895.0,569.0,1464.0,0.54,On,NEM,Liquid Fuel,,2015
SNOWY HYDRO LIMITED,Colongra Power Station,F,NSW,7027.0,1952.0,4646.0,2716.0,7362.0,2.38,On,NEM,Gas,,2015
SNOWY HYDRO LIMITED,HEZ Power Station,F,NSW,840.0,233.0,149.0,519.0,668.0,0.64,On,NEM,Diesel,,2015
SNOWY HYDRO LIMITED,Laverton North Power Station,F,VIC,4119.0,1144.0,1854.0,3292.0,5146.0,1.62,On,NEM,Gas,,2015
SNOWY HYDRO LIMITED,Lonsdale/Port Stanvac Power Station,F,SA,13511.0,3753.0,2083.0,307.0,2390.0,0.56,On,NEM,Diesel,,2015
SNOWY HYDRO LIMITED,Snowy Hydro Ltd,F,NSW,9322679.0,2589633.0,1312.0,113899.0,115211.0,0.0,On,NEM,Hydro,,2015
SNOWY HYDRO LIMITED,Valley Power,F,VIC,18715.0,5199.0,4314.0,2946.0,7260.0,0.83,On,NEM,Gas,,2015
SNOWY HYDRO LIMITED,Corporate Total,C,,9372842.0,2603567.0,15253.0,124248.0,139501.0,,,,,,2015
STANWELL CORPORATION LIMITED,Barron Gorge Power Station,F,QLD,625416.0,173727.0,206.0,638.0,844.0,0.0,On,NEM,Hydro,,2015
STANWELL CORPORATION LIMITED,Kareeya Power Station,F,QLD,1614214.0,448393.0,35.0,1213.0,1248.0,0.0,On,NEM,Hydro,,2015
STANWELL CORPORATION LIMITED,Mackay Gas Turbine,F,QLD,1049.0,291.0,332.0,3.0,335.0,1.14,On,NEM,Diesel,,2015
STANWELL CORPORATION LIMITED,Mica Creek Power Station,F,QLD,2316247.0,643402.0,307351.0,0.0,307351.0,0.48,On,Mt Isa,Gas,,2015
STANWELL CORPORATION LIMITED,Stanwell Power Station,F,QLD,31516125.0,8754479.0,7396349.0,6645.0,7402994.0,0.84,On,NEM,Black Coal,,2015
STANWELL CORPORATION LIMITED,Swanbank E Power Station,F,QLD,3430389.0,952886.0,341746.0,2663.0,344409.0,0.36,On,NEM,Gas,,2015
STANWELL CORPORATION LIMITED,Tarong Power Stations,F,QLD,27422475.0,7617354.0,6690964.0,38225.0,6729189.0,0.88,On,NEM,Black Coal,,2015
STANWELL CORPORATION LIMITED,Corporate Total,C,,66925915.0,18590532.0,14736983.0,49387.0,14786370.0,,,,,,2015
SYNERGEN POWER PTY LIMITED,Dry Creek Power Station,F,SA,17591.0,4886.0,6105.0,525.0,6630.0,1.25,On,NEM,Gas,,2015
SYNERGEN POWER PTY LIMITED,Mintaro Power Station,F,SA,25681.0,7134.0,5795.0,144.0,5939.0,0.81,On,NEM,Gas,,2015
SYNERGEN POWER PTY LIMITED,Port Lincoln Power Station,F,SA,1386.0,385.0,551.0,381.0,932.0,1.43,On,NEM,Diesel,,2015
SYNERGEN POWER PTY LIMITED,Snuggery Power Station,F,SA,1350.0,375.0,510.0,583.0,1093.0,1.36,On,NEM,Diesel,,2015
SYNERGEN POWER PTY LIMITED,Corporate Total,C,,46008.0,12780.0,12961.0,1633.0,14594.0,,,,,,2015
TRANSALTA ENERGY (AUSTRALIA) PTY LTD,Kalgoorlie Power Station,F,WA,581978.0,161661.0,103462.0,0.0,103462.0,0.64,On,SWIS,Gas,,2015
TRANSALTA ENERGY (AUSTRALIA) PTY LTD,Kambalda Power Station,F,WA,651671.0,181020.0,114377.0,0.0,114377.0,0.63,On,SWIS,Gas,,2015
TRANSALTA ENERGY (AUSTRALIA) PTY LTD,Leinster Power Station,F,WA,1011064.0,280851.0,154478.0,0.0,154478.0,0.55,Off,Off-grid,Gas/Diesel,,2015
TRANSALTA ENERGY (AUSTRALIA) PTY LTD,Mt Keith Power Station,F,WA,1106066.0,307241.0,179213.0,0.0,179213.0,0.58,Off,Off-grid,Gas,,2015
TRANSALTA ENERGY (AUSTRALIA) PTY LTD,Solomon Power Station,F,WA,864667.0,240185.0,218293.0,0.0,218293.0,0.91,Off,Off-grid,Gas/Diesel,,2015
TRANSALTA ENERGY (AUSTRALIA) PTY LTD,Corporate Total,C,,4215446.0,1170957.0,769823.0,0.0,769823.0,,,,,,2015
WATER CORPORATION,Cocos Keeling Islands Generation,FA,WA,20311.0,5642.0,3886.0,0.0,3886.0,0.69,Off,Off-grid,Liquid Fuel,,2015
WATER CORPORATION,Corporate Total,C,,20311.0,5642.0,3886.0,0.0,3886.0,,,,,,2015
WORLEYPARSONS LIMITED,Exmouth Power Station,F,WA,81850.0,22736.0,15883.0,0.0,15883.0,0.7,Off,Off-grid,Gas,,2015
WORLEYPARSONS LIMITED,Corporate Total,C,,81850.0,22736.0,15883.0,0.0,15883.0,,,,,,2015
,Gunning Wind Farm,F,NSW,595234.0,165343.0,,,305.0,0.0,On,NEM,Wind,,2016
,Waubra Wind Farm,F,VIC,2352139.0,653372.0,,,1043.0,0.0,On,NEM,Wind,,2016
,Corporate Total,C,,2947373.0,818715.0,,,1348.0,,,,,,2016
,Banimboola Hydro,F,VIC,170057.0,47238.0,,,5.0,0.0,On,NEM,Hydro,,2016
,Bayswater Power Station,F,NSW,64493748.0,17914930.0,,,15919040.0,0.89,On,NEM,Black Coal,,2016
,Bogong Power Station,F,VIC,263335.0,73149.0,,,956.0,0.0,On,NEM,Hydro,,2016
,Broken Hill Solar Plant,F,NSW,331577.0,92105.0,,,257.0,0.0,On,NEM,Solar,,2016
,Burrendong Hydro,F,NSW,24438.0,6788.0,,,49.0,0.0,On,NEM,Hydro,,2016
,Clover Hydro,F,VIC,164536.0,45704.0,,,210.0,0.0,On,NEM,Hydro,,2016
,Coopers Cogeneration,F,SA,91410.0,25392.0,,,18958.0,0.74,On,NEM,Gas,,2016
,Copeton Hydro,F,NSW,45682.0,12689.0,,,59.0,0.0,On,NEM,Hydro,,2016
,Dartmouth Hydro,F,VIC,1829104.0,508084.0,,,183.0,0.0,On,NEM,Hydro,,2016
,Eildon Hydro,F,VIC,551464.0,153184.0,,,1025.0,0.0,On,NEM,Hydro,,2016
,Glenbawn Hydro,F,NSW,32673.0,9076.0,,,7.0,0.0,On,NEM,Hydro,,2016
,Glenorchy Landfill Generation,F,TAS,39788.0,11052.0,,,640.0,0.06,On,NEM,Landfill Gas,,2016
,Hallett (Stage 1) Wind Farm,F,SA,1160705.0,322418.0,,,277.0,0.0,On,NEM,Wind,,2016
,Hallett (Stage 2) Wind Farm,F,SA,896973.0,249159.0,,,224.0,0.0,On,NEM,Wind,,2016
,Hallett (Stage 4) Wind Farm,F,SA,1646119.0,457255.0,,,519.0,0.0,On,NEM,Wind,,2016
,Hallett (Stage 5) Wind Farm,F,SA,540044.0,150012.0,,,275.0,0.0,On,NEM,Wind,,2016
,Hobart Landfill Generation,F,TAS,14083.0,3912.0,,,383.0,0.1,On,NEM,Landfill Gas,,2016
,Hunter Valley Gas Turbines,F,NSW,4078.0,1133.0,,,2369.0,1.18,On,NEM,Gas,,2016
,Kincumber Landfill Generation,F,NSW,13749.0,3819.0,,,223.0,0.06,On,NEM,Landfill Gas,,2016
,Liddell Power Station,F,NSW,28639532.0,7955426.0,,,7647591.0,0.95,On,NEM,Black Coal,,2016
,Loy Yang Power Station and Mine,F,VIC,56575968.0,15715547.0,,,18401416.0,1.15,On,NEM,Brown Coal,,2016
,Macarthur Wind Farm,F,VIC,3624124.0,1006701.0,,,2960.0,0.0,On,NEM,Wind,,2016
,McKay Creek Hydro,F,VIC,315917.0,87755.0,,,5308.0,0.0,On,NEM,Hydro,,2016
,Moranbah Power Station,F,QLD,130693.0,36304.0,,,22679.0,0.56,On,NEM,Coal Seam Methane,,2016
,Nyngan Solar Plant,F,NSW,826348.0,229541.0,,,936.0,0.0,On,NEM,Solar,,2016
,Oaklands Hill Wind Farm,F,VIC,604314.0,167865.0,,,778.0,0.0,On,NEM,Wind,,2016
,Pindari Hydro,F,NSW,4151.0,1153.0,,,24.0,0.0,On,NEM,Hydro,,2016
,Rockingham Landfill Generation,F,WA,75943.0,21095.0,,,1258.0,0.06,On,SWIS,Landfill Gas,,2016
,Rubicon Hydro Scheme,F,VIC,165761.0,46045.0,,,53.0,0.0,On,NEM,Hydro,,2016
,Shoalhaven Landfill Generation,F,NSW,16451.0,4570.0,,,271.0,0.06,On,NEM,Landfill Gas,,2016
,Somerton Power Station,F,VIC,41928.0,11647.0,,,12101.0,0.87,On,NEM,Gas,,2016
,Torrens Island Power Station,F,SA,9462551.0,2628486.0,,,1527746.0,0.58,On,NEM,Gas/Diesel,,2016
,Wattle Point Wind Farm,F,SA,963022.0,267506.0,,,240.0,0.0,On,NEM,Wind,,2016
,Werribee Biogas Generator,F,VIC,177210.0,49225.0,,,3754.0,0.05,On,NEM,Biogas,,2016
,West Kiewa Hydro,F,VIC,465756.0,129377.0,,,1418.0,0.0,On,NEM,Hydro,,2016
,Wilpena Pound Solar Generation,F,SA,3443.0,956.0,,,617.0,0.65,Off,Off-grid,Solar,,2016
,Woy Woy Landfill Generation,F,NSW,29824.0,8284.0,,,454.0,0.05,On,NEM,Landfill Gas,,2016
,Yarrawonga Hydro,F,VIC,165727.0,46035.0,,,43.0,0.0,On,NEM,Hydro,,2016
,Corporate Total,C,,174602226.0,48500618.0,,,43575306.0,,,,,,2016
,Alinta Pinjarra Generation Facility,F,WA,7406121.0,2057256.0,,,1401534.0,0.68,On,SWIS,Gas,"The electricity production data is unavailable for this facility, due to issues with the accuracy of the data reported and/or pending outcome of regulatory matters.  The data on this facility may be made available in future publications.",2016
,Alinta Wagerup Generation Facility,F,WA,805895.0,223860.0,,,148259.0,0.64,On,SWIS,Gas/Diesel,,2016
,Anglesea Power Station,F,VIC,604368.0,167880.0,,,202555.0,1.1,On,NEM,Brown Coal,,2016
,Corporate Total,C,,8816384.0,2448996.0,,,1752348.0,,,,,,2016
,Augusta Power Stations,F,SA,9364212.0,2601170.0,,,2639744.0,1.01,On,NEM,Brown Coal,,2016
,Bairnsdale Power Station,F,VIC,711146.0,197541.0,,,108009.0,0.54,On,NEM,Gas,,2016
,Braemar Power Station,F,QLD,4550759.0,1264100.0,,,716592.0,0.57,On,NEM,Coal Seam Methane,,2016
,Newman Power Station,F,WA,439162.0,121989.0,,,118285.0,0.97,Off,Off-grid,Gas,,2016
,Port Hedland Power Station,F,WA,1779045.0,494179.0,,,386071.0,0.78,On,NWIS,Gas,,2016
,Corporate Total,C,,16844324.0,4678979.0,,,3968701.0,,,,,,2016
,Emu Downs Wind Farm,F,WA,815306.0,226474.0,,,544.0,0.0,On,SWIS,Wind,,2016
,Corporate Total,C,,815306.0,226474.0,,,544.0,,,,,,2016
,Braemar 2 Power Station,F,QLD,4180327.0,1161202.0,,,698241.0,0.6,On,NEM,Coal Seam Methane,,2016
,Corporate Total,C,,4180327.0,1161202.0,,,698241.0,,,,,,2016
,Karratha Power Station,F,WA,1627387.0,452052.0,,,239663.0,0.53,On,NWIS,Gas,,2016
,Osborne facility,F,SA,4262553.0,1184043.0,,,492944.0,0.42,On,NEM,Gas,,2016
,Corporate Total,C,,5889940.0,1636094.0,,,732607.0,,,,,,2016
,Smithfield Power Partnership,F,NSW,3495583.0,970995.0,,,458892.0,0.47,On,NEM,Gas,,2016
,Corporate Total,C,,3495583.0,970995.0,,,458892.0,,,,,,2016
,Condamine Power Station,F,QLD,2604882.0,723578.0,,,314037.0,0.43,On,NEM,Gas,,2016
,Corporate Total,C,,2604882.0,723578.0,,,314037.0,,,,,,2016
,Yarnima Power Station,F,WA,2440531.0,677925.0,,,337537.0,0.5,Off,Off-grid,Gas,,2016
,Corporate Total,C,,2440531.0,677925.0,,,337537.0,,,,,,2016
,Bluewaters Power 1,F,WA,5660342.0,1572317.0,,,1395504.0,0.89,On,SWIS,Black Coal,,2016
,Corporate Total,C,,5660342.0,1572317.0,,,1395504.0,,,,,,2016
,Bluewaters Power 2,F,WA,5908732.0,1641314.0,,,1415268.0,0.86,On,SWIS,Black Coal,,2016
,Corporate Total,C,,5908732.0,1641314.0,,,1415268.0,,,,,,2016
,BIEP - CoGen,F,QLD,9285.0,2579.0,,,7589.0,2.76,On,NEM,Gas,,2016
,Corporate Total,C,,9285.0,2579.0,,,7589.0,,,,,,2016
,GX Energy Pty Ltd,F,NSW,84813.0,23559.0,,,15335.0,0.56,On,NEM,Gas,,2016
,Corporate Total,C,,84813.0,23559.0,,,15335.0,,,,,,2016
,Callide B Power Station,F,QLD,15465748.0,4296041.0,,,4026191.0,0.93,On,NEM,Black Coal,,2016
,Callide C Power Station,F,QLD,21727941.0,6035539.0,,,5439466.0,0.9,On,NEM,Black Coal,,2016
,Kogan Creek Power Station,F,QLD,16121026.0,4478063.0,,,3771012.0,0.84,On,NEM,Black Coal,,2016
,Wivenhoe Power Station,F,QLD,312957.0,86933.0,,,128727.0,0.0,On,NEM,Hydro,,2016
,Corporate Total,C,,53627672.0,14896576.0,,,13365396.0,,,,,,2016
,Canunda Wind Farm,F,SA,426416.0,118449.0,,,132.0,0.0,On,NEM,Wind,,2016
,Corporate Total,C,,426416.0,118449.0,,,132.0,,,,,,2016
,Broadwater Power Plant,F,NSW,729154.0,202543.0,,,8802.0,0.04,On,NEM,Bagasse,,2016
,Condong Power Plant,F,NSW,532727.0,147980.0,,,5507.0,0.03,On,NEM,Bagasse,,2016
,Corporate Total,C,,1261881.0,350522.0,,,14309.0,,,,,,2016
,Facility,F,VIC,73901.0,20528.0,,,40.0,0.0,On,NEM,Wind,,2016
,Corporate Total,C,,73901.0,20528.0,,,40.0,,,,,,2016
,Daandine Power Station,F,QLD,933429.0,259286.0,,,132099.0,0.51,On,NEM,Coal Seam Methane,,2016
,Corporate Total,C,,933429.0,259286.0,,,132099.0,,,,,,2016
,Cue Town Powerstation,F,WA,8671.0,2409.0,,,1682.0,0.7,Off,Off-grid,Liquid Fuel,,2016
,FMG Cloud Break Mine Site Power Station,F,WA,622995.0,173054.0,,,116101.0,0.67,Off,Off-grid,Diesel,,2016
,Meekatharra Town Powerstation,F,WA,27859.0,7739.0,,,5320.0,0.69,Off,Off-grid,Liquid Fuel,,2016
,Mt Magnet Town Powerstation,F,WA,14705.0,4085.0,,,3141.0,0.77,Off,Off-grid,Gas,,2016
,Norseman Gold Power Station,F,WA,54245.0,15068.0,,,10711.0,0.71,Off,Off-grid,Diesel,,2016
,Sandstone Town Powerstation,F,WA,2447.0,680.0,,,523.0,0.77,Off,Off-grid,Liquid Fuel,,2016
,Wiluna Town Powerstation,F,WA,9022.0,2506.0,,,1753.0,0.7,Off,Off-grid,Liquid Fuel,,2016
,Yalgoo Town Powerstation,F,WA,3918.0,1088.0,,,790.0,0.73,Off,Off-grid,Liquid Fuel,,2016
,Corporate Total,C,,743862.0,206628.0,,,140021.0,,,,,,2016
,Collgar Wind Farm,F,WA,2414544.0,670707.0,,,990.0,0.0,On,SWIS,Wind,,2016
,Corporate Total,C,,2414544.0,670707.0,,,990.0,,,,,,2016
,Boco Rock Wind Farm Pty Ltd,F,NSW,1202811.0,334114.0,,,1026.0,0.0,On,NEM,Wind,,2016
,Taralga Wind Farm Pty Ltd,F,NSW,1011619.0,281005.0,,,332.0,0.0,On,NEM,Wind,,2016
,Corporate Total,C,,2214430.0,615119.0,,,1358.0,,,,,,2016
,Brown Mountain Power Station,F,NSW,84542.0,23484.0,,,13.0,0.0,On,NEM,Hydro,,2016
,Vales Point Power Station,F,NSW,13577741.0,3771595.0,,,3130675.0,0.82,On,NEM,Black Coal,,2016
,Corporate Total,C,,13662283.0,3795079.0,,,3130688.0,,,,,,2016
,Diamantina Power Station,F,QLD,6180779.0,1716883.0,,,681609.0,0.4,On,Mt Isa,Gas,,2016
,Corporate Total,C,,6180779.0,1716883.0,,,681609.0,,,,,,2016
,Royalla Solar Farm,F,ACT,138848.0,38569.0,,,190.0,0.0,On,NEM,Solar,,2016
,Corporate Total,C,,138848.0,38569.0,,,190.0,,,,,,2016
,Jeeralang Power Station,F,VIC,247972.0,68881.0,,,58785.0,0.76,On,NEM,Gas,,2016
,Newport Power Station,F,VIC,1196359.0,332322.0,,,207691.0,0.56,On,NEM,Gas,,2016
,Corporate Total,C,,1444331.0,401203.0,,,266476.0,,,,,,2016
,Albany Wind Farm,F,WA,345142.0,95873.0,,,20.0,0.0,On,SWIS,Wind,,2016
,Bremer Bay Wind Diesel Power Station,F,WA,6244.0,1734.0,,,17.0,0.01,On,SWIS,Wind/Diesel,,2016
,Cockburn Power Station,F,WA,2297450.0,638181.0,,,251963.0,0.39,On,SWIS,Gas,,2016
,Collie Power Station,F,WA,8180901.0,2272473.0,,,2057883.0,0.9,On,SWIS,Black Coal,,2016
,Coral Bay Wind Diesel Power Station,F,WA,12099.0,3361.0,,,1541.0,0.46,Off,Off-grid,Wind/Diesel,,2016
,Denham Wind Farm,F,WA,6683.0,1856.0,,,0.0,0.0,Off,Off-grid,Wind,,2016
,Esperance Wind Farm,F,WA,51539.0,14316.0,,,7.0,0.0,Off,Off-grid,Wind,,2016
,Hopetoun Wind Diesel Power Station,F,WA,18456.0,5127.0,,,2366.0,0.46,Off,Off-grid,Wind/Diesel,,2016
,Kalbarri Wind Farm,F,WA,13826.0,3841.0,,,6.0,0.0,On,SWIS,Wind,,2016
,Kalgoorlie Gas Turbine Station,F,WA,6361.0,1767.0,,,2151.0,1.22,On,SWIS,Gas,,2016
,Kwinana Power Station,F,WA,2469976.0,686104.0,,,368177.0,0.54,On,SWIS,Gas,,2016
,Muja Power Station,F,WA,15928915.0,4424699.0,,,4273250.0,0.97,On,SWIS,Black Coal,,2016
,Mungarra Gas Turbine Station,F,WA,65514.0,18198.0,,,14545.0,0.8,On,SWIS,Gas,,2016
,Pinjar Gas Turbine Station,F,WA,2197630.0,610453.0,,,496932.0,0.81,On,SWIS,Gas,,2016
,South West Cogeneration Joint Venture,F,WA,2652093.0,736693.0,,,462860.0,0.63,On,SWIS,Gas,,2016
,Corporate Total,C,,34252829.0,9514675.0,,,7931718.0,,,,,,2016
,Ravensthorpe Power Station,F,WA,387.0,108.0,,,76.0,0.71,On,SWIS,Liquid Fuel,,2016
,Corporate Total,C,,387.0,108.0,,,76.0,,,,,,2016
,Energy Impact - Bromelton Peak Generation Plant,F,QLD,4248.0,1180.0,,,1273.0,0.72,On,NEM,Liquid Fuel,,2016
,Energy Impact - Generation,F,QLD,3650.0,1014.0,,,715.0,0.71,On,NEM,Liquid Fuel,,2016
,Corporate Total,C,,7898.0,2194.0,,,1988.0,,,,,,2016
,Appin CSM Power Station,F,NSW,572159.0,158933.0,,,123998.0,0.78,On,NEM,Coal Seam Methane,,2016
,Ardyaloon Remote Power Station,F,WA,7231.0,2009.0,,,1472.0,0.73,Off,Off-grid,Liquid Fuel,,2016
,Beagle Bay Remote Power Station,F,WA,6737.0,1871.0,,,1356.0,0.72,Off,Off-grid,Liquid Fuel,,2016
,Belrose LFG Power Station,F,NSW,22260.0,6183.0,,,410.0,0.06,On,NEM,Landfill Gas,,2016
,Berwick LFG Power Station,F,VIC,65410.0,18169.0,,,1757.0,0.06,On,NEM,Landfill Gas,,2016
,Bidyadanga Remote Power Staiton,F,WA,11623.0,3229.0,,,2306.0,0.71,Off,Off-grid,Liquid Fuel,,2016
,Broadmeadows LFG Power Station,F,VIC,63009.0,17503.0,,,1241.0,0.06,On,NEM,Landfill Gas,,2016
,Brooklyn LFG Power Station,F,VIC,51958.0,14433.0,,,899.0,0.06,On,NEM,Landfill Gas,,2016
,Broome LNG Power Station,F,WA,522231.0,145064.0,,,81444.0,0.56,Off,Off-grid,Gas/Diesel,,2016
,Browns Plains LFG Power Station,F,QLD,45924.0,12757.0,,,813.0,0.06,On,NEM,Landfill Gas,,2016
,Century Power Station,F,QLD,6112.0,1698.0,,,1195.0,0.7,On,Mt Isa,Diesel,,2016
,Clayton LFG Power Station,F,VIC,271316.0,75366.0,,,4481.0,0.06,On,NEM,Landfill Gas,,2016
,Coober Pedy Remote Power Station,F,SA,44801.0,12445.0,,,8455.0,0.68,Off,Off-grid,Diesel,,2016
,Corio LFG Power Station,F,VIC,23608.0,6558.0,,,448.0,0.07,On,NEM,Landfill Gas,,2016
,Derby LNG Power Station,F,WA,134835.0,37454.0,,,21851.0,0.58,Off,Off-grid,Gas/Diesel,,2016
,Djarandjin Remote Power Station,F,WA,6870.0,1908.0,,,1394.0,0.73,Off,Off-grid,Liquid Fuel,,2016
,Eastern Creek LFG Power Station,F,NSW,43534.0,12093.0,,,703.0,0.06,On,NEM,Landfill Gas,,2016
,Fitzroy Crossing LNG Power Station,F,WA,53287.0,14802.0,,,9575.0,0.65,Off,Off-grid,Gas/Diesel,,2016
,Gascoyne Junction Remote Power Station,F,WA,2814.0,782.0,,,627.0,0.8,Off,Off-grid,Liquid Fuel,,2016
,German Creek CMM Power Station,F,QLD,1163012.0,323059.0,,,173850.0,0.54,On,NEM,Waste Coal Mine Gas,,2016
,Glennies Creek Power Station,F,NSW,337619.0,93783.0,,,50062.0,0.53,On,NEM,Waste Coal Mine Gas,,2016
,Grange Avenue LFG Power Station,F,NSW,25014.0,6948.0,,,412.0,0.06,On,NEM,Landfill Gas,,2016
,Halls Creek LNG Power Station,F,WA,43083.0,11968.0,,,7306.0,0.61,Off,Off-grid,Gas/Diesel,,2016
,Highbury LFG Power Station,F,SA,4330.0,1203.0,,,96.0,0.08,On,NEM,Landfill Gas,,2016
,Jacks Gully LFG Power Station,F,NSW,52288.0,14524.0,,,902.0,0.06,On,NEM,Landfill Gas,,2016
,Kalamunda Power Station,F,WA,6.0,2.0,,,5.0,3.0,On,SWIS,Diesel,,2016
,Karumba Power Station,F,QLD,29025.0,8063.0,,,5756.0,0.71,Off,Off-grid,Diesel,,2016
,Laverton Remote Power Station,F,WA,12837.0,3566.0,,,2572.0,0.72,Off,Off-grid,Liquid Fuel,,2016
,Leonora Remote Power Station,F,WA,30635.0,8510.0,,,6108.0,0.72,Off,Off-grid,Gas,,2016
,Looma Power Station,F,WA,10467.0,2908.0,,,2350.0,0.81,Off,Off-grid,Gas/Diesel,,2016
,Lucas Heights 1 LFG Power Station,F,NSW,53108.0,14752.0,,,950.0,0.06,On,NEM,Landfill Gas,,2016
,Lucas Heights 2 LFG Power Station,F,NSW,368337.0,102316.0,,,6468.0,0.06,On,NEM,Landfill Gas,,2016
,McArthur River Power Station,F,NT,939293.0,260915.0,,,127212.0,0.49,Off,Off-grid,Gas,,2016
,Menzies Remote Power Station,F,WA,2449.0,680.0,,,531.0,0.78,Off,Off-grid,Liquid Fuel,,2016
,Moranbah North CMM Power Station,F,QLD,1678462.0,466239.0,,,255855.0,0.55,On,NEM,Waste Coal Mine Gas,,2016
,Mugga Lane LFG Power Station,F,ACT,80866.0,22463.0,,,1432.0,0.06,On,NEM,Landfill Gas,,2016
,Oaky Creek Power Station,F,QLD,466633.0,129620.0,,,65535.0,0.51,On,NEM,Coal Seam Methane,,2016
,Pedler Creek LFG Power Station,F,SA,57633.0,16009.0,,,1014.0,0.06,On,NEM,Landfill Gas,,2016
,Pine Creek A Power Station,F,NT,687890.0,191081.0,,,94297.0,0.49,On,DKIS,Gas,,2016
,Red Hill Power Station,F,WA,10009.0,2780.0,,,160.0,0.06,On,SWIS,Landfill Gas,,2016
,Roghan Road LFG Power Station,F,QLD,3589.0,997.0,,,111.0,0.07,On,NEM,Landfill Gas,,2016
,Springvale LFG Power Station,F,VIC,53229.0,14786.0,,,953.0,0.06,On,NEM,Landfill Gas,,2016
,Tahmoor Power Station,F,NSW,140096.0,38916.0,,,20223.0,0.52,On,NEM,Waste Coal Mine Gas,,2016
,Tamala Park Power Station,F,WA,14976.0,4160.0,,,237.0,0.06,On,SWIS,Landfill Gas,,2016
,Tea Tree Gully LFG Power Station,F,SA,4164.0,1157.0,,,95.0,0.08,On,NEM,Landfill Gas,,2016
,Tower CSM Power Station,F,NSW,846109.0,235030.0,,,162238.0,0.69,On,NEM,Coal Seam Methane,,2016
,Warmun Remote Power Station,F,WA,10668.0,2963.0,,,2208.0,0.75,Off,Off-grid,Liquid Fuel,,2016
,West Belconnen LFG Power Station,F,ACT,8006.0,2224.0,,,166.0,0.07,On,NEM,Landfill Gas,,2016
,Wingfield 1 LFG Power Station,F,SA,53049.0,14736.0,,,934.0,0.06,On,NEM,Landfill Gas,,2016
,Wingfield 2 LFG Power Station,F,SA,59208.0,16447.0,,,1042.0,0.06,On,NEM,Landfill Gas,,2016
,Corporate Total,C,,9201809.0,2556058.0,,,1255505.0,,,,,,2016
,Brewer Power Station,F,NT,109710.0,30475.0,,,20507.0,0.67,Off,Off-grid,Gas,,2016
,Corporate Total,C,,109710.0,30475.0,,,20507.0,,,,,,2016
,Cathedral Rocks Wind Farm,F,SA,616428.0,171230.0,,,176.0,0.0,On,NEM,Wind,,2016
,Hallett Power Station,F,SA,119986.0,33329.0,,,36426.0,1.02,On,NEM,Gas/Diesel,,2016
,Mt Piper Power Station,F,NSW,26133104.0,7259196.0,,,6349124.0,0.87,On,NEM,Black Coal,,2016
,Tallawarra Power Station,F,NSW,6717747.0,1866041.0,,,692463.0,0.37,On,NEM,Gas,,2016
,Waterloo Wind Farm,F,SA,1103990.0,306664.0,,,282.0,0.0,On,NEM,Wind,,2016
,Yallourn Power Station,F,VIC,41717196.0,11588110.0,,,15484843.0,1.32,On,NEM,Brown Coal,,2016
,Corporate Total,C,,76408451.0,21224570.0,,,22563314.0,,,,,,2016
,Newgen Neerabup Power Station,F,WA,406064.0,112796.0,,,72350.0,0.61,On,SWIS,Gas,,2016
,Oakey Power Station,F,QLD,1873005.0,520279.0,,,333439.0,0.64,On,NEM,Gas,,2016
,Corporate Total,C,,2279069.0,633075.0,,,405789.0,,,,,,2016
,Esperance Power Station,F,WA,276530.0,76814.0,,,58694.0,0.76,Off,Off-grid,Gas/Diesel,,2016
,Corporate Total,C,,276530.0,76814.0,,,58694.0,,,,,,2016
,Essential Energy Generation Facilities,F,NSW,3290.0,914.0,,,1645.0,1.36,On,NEM,Multiple sources,,2016
,Corporate Total,C,,3290.0,914.0,,,1645.0,,,,,,2016
,Exmouth Power Station Pty Ltd,F,WA,85721.0,23811.0,,,17304.0,0.73,Off,Off-grid,Gas,,2016
,Corporate Total,C,,85721.0,23811.0,,,17304.0,,,,,,2016
,FPC Green Energy,F,QLD,284724.0,79090.0,,,5814.0,0.05,On,NEM,Biofuel,,2016
,Corporate Total,C,,284724.0,79090.0,,,5814.0,,,,,,2016
,Parkeston Power Station,F,WA,879767.0,244380.0,,,130402.0,0.53,On,SWIS,Gas/Diesel,,2016
,Corporate Total,C,,879767.0,244380.0,,,130402.0,,,,,,2016
,Blayney Wind Farm,F,NSW,68007.0,18891.0,,,44.0,0.0,On,NEM,Wind,,2016
,Burrinjuck Power Station,F,NSW,299060.0,83072.0,,,66.0,0.0,On,NEM,Hydro,,2016
,Crookwell Wind Farm,F,NSW,31427.0,8730.0,,,31.0,0.0,On,NEM,Wind,,2016
,Hume Power Station,F,NSW,653966.0,181657.0,,,164.0,0.0,On,NEM,Hydro,,2016
,Keepit Power Station,F,NSW,4405.0,1224.0,,,0.0,0.0,On,NEM,Hydro,,2016
,Corporate Total,C,,1056865.0,293574.0,,,305.0,,,,,,2016
,Wyangala A,F,NSW,144408.0,40113.0,,,0.0,0.0,On,NEM,Hydro,,2016
,Corporate Total,C,,144408.0,40113.0,,,0.0,,,,,,2016
,Bastyan Hydro Power Station,F,TAS,976362.0,271212.0,,,94.0,0.0,On,NEM,Hydro,,2016
,Bell Bay Thermal Power Station,F,TAS,543.0,151.0,,,801.0,5.04,On,NEM,Gas,,2016
,Butlers Gorge Hydro Power Station,F,TAS,169404.0,47057.0,,,0.0,0.0,On,NEM,Hydro,,2016
,Catagunya Hydro Power Station,F,TAS,805018.0,223616.0,,,15032.0,0.07,On,NEM,Hydro,,2016
,Cethana Hydro Power Station,F,TAS,611375.0,169826.0,,,103.0,0.0,On,NEM,Hydro,,2016
,Cluny Hydro Power Station,F,TAS,270139.0,75039.0,,,9.0,0.0,On,NEM,Hydro,,2016
,Devils Gate Hydro Power Station,F,TAS,814361.0,226211.0,,,15.0,0.0,On,NEM,Hydro,,2016
,Fisher Hydro Power Station,F,TAS,594628.0,165174.0,,,0.0,0.0,On,NEM,Hydro,,2016
,Flinders Island Power Station,F,TAS,13222.0,3673.0,,,2500.0,0.68,Off,Off-grid,Wind/Diesel,,2016
,George Town (Temp Diesel),F,TAS,31595.0,8776.0,,,6163.0,0.7,On,NEM,Diesel,,2016
,Gordon Hydro Power Station,F,TAS,5003528.0,1389869.0,,,152.0,0.0,On,NEM,Hydro,,2016
,John Butters Hydro Power Station,F,TAS,1344498.0,373472.0,,,203.0,0.0,On,NEM,Hydro,,2016
,King Island Power Station,F,TAS,46703.0,12973.0,,,4469.0,0.34,Off,Off-grid,Wind/Diesel,,2016
,Lake Echo Hydro Power Station,F,TAS,378203.0,105056.0,,,11.0,0.0,On,NEM,Hydro,,2016
,Lake Margaret Lower Hydro Power station,F,TAS,55477.0,15410.0,,,1.0,0.0,On,NEM,Hydro,,2016
,Lake Margaret Upper Hydro Power Station,F,TAS,152031.0,42231.0,,,3.0,0.0,On,NEM,Hydro,,2016
,Lemonthyme Hydro Power Station,F,TAS,810358.0,225099.0,,,36.0,0.0,On,NEM,Hydro,,2016
,Liapootah Hydro Power Station,F,TAS,1371491.0,380970.0,,,287.0,0.0,On,NEM,Hydro,,2016
,Mackintosh Hydro Power Station,F,TAS,970421.0,269561.0,,,280.0,0.0,On,NEM,Hydro,,2016
,Meadowbank Hydro Power Station,F,TAS,370684.0,102968.0,,,10009.0,0.1,On,NEM,Hydro,,2016
,Paloona Hydro Power Station,F,TAS,360020.0,100006.0,,,12.0,0.0,On,NEM,Hydro,,2016
,Parangana Hydro Power Station,F,TAS,7916.0,2199.0,,,0.0,0.0,On,NEM,Hydro,,2016
,Poatina Hydro Power Station,F,TAS,4523235.0,1256454.0,,,782.0,0.0,On,NEM,Hydro,,2016
,Port Latta (Temp Diesel),F,TAS,19236.0,5343.0,,,3887.0,0.73,On,NEM,Diesel,,2016
,Que River (Temp Diesel),F,TAS,23521.0,6534.0,,,5070.0,0.78,On,NEM,Diesel,,2016
,Reece Hydro Power Station,F,TAS,2736735.0,760204.0,,,1593.0,0.0,On,NEM,Hydro,,2016
,Repulse Hydro Power Station,F,TAS,455516.0,126532.0,,,6.0,0.0,On,NEM,Hydro,,2016
,Rowallan Hydro Power Station,F,TAS,105014.0,29171.0,,,0.0,0.0,On,NEM,Hydro,,2016
,Tamar Valley Power Station,F,TAS,2811111.0,780864.0,,,358853.0,0.46,On,NEM,Gas,,2016
,Tarraleah Hydro Power Station,F,TAS,1613976.0,448327.0,,,61.0,0.0,On,NEM,Hydro,,2016
,Tods Corner Hydro Power Station,F,TAS,9085.0,2524.0,,,3.0,0.0,On,NEM,Hydro,,2016
,Trevallyn Hydro Power Station,F,TAS,1372595.0,381276.0,,,44.0,0.0,On,NEM,Hydro,,2016
,Tribute Hydro Power Station,F,TAS,656992.0,182498.0,,,39.0,0.0,On,NEM,Hydro,,2016
,Tungatinah Hydro Power Station,F,TAS,1831827.0,508841.0,,,94.0,0.0,On,NEM,Hydro,,2016
,Wayatinah Hydro Power Station,F,TAS,799235.0,222010.0,,,4.0,0.0,On,NEM,Hydro,,2016
,Wilmot Hydro Power Station,F,TAS,371141.0,103095.0,,,28.0,0.0,On,NEM,Hydro,,2016
,Corporate Total,C,,32487196.0,9024221.0,,,410644.0,,,,,,2016
,Challicum Hills Wind Farm,F,VIC,491832.0,136620.0,,,223.0,0.0,On,NEM,Wind,,2016
,Clements Gap Wind Farm,F,SA,631683.0,175468.0,,,194.0,0.0,On,NEM,Wind,,2016
,Codrington Wind Farm,F,VIC,148019.0,41116.0,,,66.0,0.0,On,NEM,Wind,,2016
,Eildon Pondage Hydro,F,VIC,45476.0,12632.0,,,0.0,0.0,On,NEM,Hydro,,2016
,Glenmaggie Hydro,F,VIC,18037.0,5010.0,,,0.0,0.0,On,NEM,Hydro,,2016
,Ord Hydro,F,WA,780200.0,216722.0,,,18.0,0.0,Off,Off-grid,Hydro,,2016
,Portland Wind Farms,F,VIC,1657431.0,460398.0,,,5.0,0.0,On,NEM,Wind,,2016
,The Drop Hydro,F,NSW,14184.0,3940.0,,,0.0,0.0,On,NEM,Hydro,,2016
,William Hovell Hydro,F,VIC,9951.0,2764.0,,,30.0,0.0,On,NEM,Hydro,,2016
,Yambuk Wind Farm,F,VIC,308923.0,85812.0,,,220.0,0.0,On,NEM,Wind,,2016
,Corporate Total,C,,4105736.0,1140482.0,,,756.0,,,,,,2016
,Alinta Wind Farm,F,WA,1103621.0,306561.0,,,795.0,0.0,On,SWIS,Wind,,2016
,Capital East Solar Farm,F,NSW,149.0,41.0,,,4.0,0.0,On,NEM,Solar,,2016
,Capital Wind Farm,F,NSW,1333851.0,370514.0,,,891.0,0.0,On,NEM,Wind,,2016
,"Lake Bonney Stage 1,2 & 3 Wind Farm",F,SA,2394147.0,665041.0,,,866.0,0.0,On,NEM,Wind,,2016
,Woodlawn Wind Farm,F,NSW,545517.0,151533.0,,,357.0,0.0,On,NEM,Wind,,2016
,Corporate Total,C,,5377285.0,1493690.0,,,2913.0,,,,,,2016
,Kwinana Cogeneration Plant,F,WA,3161087.0,878080.0,,,472547.0,0.54,On,SWIS,Gas,,2016
,Corporate Total,C,,3161087.0,878080.0,,,472547.0,,,,,,2016
,Loy Yang B Power Station,F,VIC,30425411.0,8451503.0,,,9650105.0,1.14,On,NEM,Brown Coal,,2016
,Corporate Total,C,,30425411.0,8451503.0,,,9650105.0,,,,,,2016
,Albury Renewable Energy Facility,F,NSW,27524.0,7646.0,,,425.0,0.06,On,NEM,Landfill Gas,,2016
,Atlas Renewable Energy Facility,F,WA,14490.0,4025.0,,,228.0,0.06,On,SWIS,Landfill Gas,,2016
,Awaba Renewable Energy Facility,F,NSW,31788.0,8830.0,,,497.0,0.06,On,NEM,Landfill Gas,,2016
,Ballarat Renewable Energy Facility,F,VIC,24593.0,6831.0,,,392.0,0.06,On,NEM,Landfill Gas,,2016
,Bendigo Renewable Energy Facility,F,VIC,15151.0,4209.0,,,236.0,0.06,On,NEM,Solar,,2016
,Birkdale Renewable Energy Facility,F,QLD,23993.0,6665.0,,,364.0,0.05,On,NEM,Landfill Gas,,2016
,Darwin Renewable Energy Facility,F,NT,27675.0,7688.0,,,445.0,0.06,On,DKIS,Landfill Gas,,2016
,Eastern Creek 2 Renewable Energy Facility,F,NSW,226741.0,62984.0,,,3247.0,0.05,On,NEM,Landfill Gas,,2016
,Hampton Park Renewable Energy Facility,F,VIC,211479.0,58744.0,,,3081.0,0.05,On,NEM,Landfill Gas,,2016
,Ipswich Renewable Energy Facility,F,QLD,27367.0,7602.0,,,445.0,0.06,On,NEM,Landfill Gas,,2016
,Mornington Peninsula Renewable Energy Facility,F,VIC,22762.0,6323.0,,,356.0,0.06,On,NEM,Landfill Gas,,2016
,Newcastle Renewable Energy Facility,F,NSW,64609.0,17947.0,,,973.0,0.05,On,NEM,Landfill Gas,,2016
,Remount Renewable Energy Facility,F,TAS,44237.0,12288.0,,,705.0,0.06,On,NEM,Landfill Gas,,2016
,Rochedale Renewable Energy Facility,F,QLD,123969.0,34436.0,,,1768.0,0.05,On,NEM,Landfill Gas,,2016
,Shepparton Renewable Energy Facility,F,VIC,15685.0,4357.0,,,242.0,0.06,On,NEM,Landfill Gas,,2016
,South Cardup Renewable Energy Facility,F,WA,100737.0,27983.0,,,1566.0,0.06,On,SWIS,Landfill Gas,,2016
,Stapylton Renewable Energy Facility,F,QLD,51102.0,14195.0,,,841.0,0.06,On,NEM,Landfill Gas,,2016
,Suntown Renewable Energy Facility,F,QLD,99.0,28.0,,,2.0,0.07,On,NEM,Landfill Gas,,2016
,Swanbank Renewable Energy Facility,F,QLD,40332.0,11203.0,,,627.0,0.06,On,NEM,Landfill Gas,,2016
,Tweed Shire Renewable Energy Facility,F,NSW,2118.0,588.0,,,37.0,0.06,On,NEM,Landfill Gas,,2016
,Wollert Renewable Energy Facility,F,VIC,197228.0,54786.0,,,3053.0,0.06,On,NEM,Landfill Gas,,2016
,Wyndham Renewable Energy Facility,F,VIC,55106.0,15307.0,,,763.0,0.05,On,NEM,Landfill Gas,,2016
,Wyong Renewable Energy Facility,F,NSW,65920.0,18311.0,,,1004.0,0.05,On,NEM,Landfill Gas,,2016
,Corporate Total,C,,1414705.0,392974.0,,,21297.0,,,,,,2016
,Mt Mercer Wind farm Pty Ltd,F,VIC,1271657.0,353238.0,,,121.0,0.0,On,NEM,Wind,,2016
,Mt Millar Wind Farm Pty Ltd,F,SA,658516.0,182921.0,,,0.0,0.0,On,NEM,Wind,,2016
,Corporate Total,C,,1930173.0,536159.0,,,121.0,,,,,,2016
,Bald Hills Wind Farm,F,VIC,1165374.0,323715.0,,,889.0,0.0,On,NEM,Wind,,2016
,Corporate Total,C,,1165374.0,323715.0,,,889.0,,,,,,2016
,Alfred Hospital Cogeneration Plant,F,VIC,51831.0,14398.0,,,14120.0,0.94,On,NEM,Gas,,2016
,Dandenong Hospital Cogeneration Plant,F,VIC,43841.0,12178.0,,,11385.0,0.9,On,NEM,Gas,,2016
,Geelong Hospital Cogeneration Plant,F,VIC,52425.0,14563.0,,,13261.0,0.87,On,NEM,Gas,,2016
,Royal Melbourne Hospital Cogeneration Plant,F,VIC,114617.0,31838.0,,,26636.0,0.83,On,NEM,Gas,,2016
,ST. Vincent's Hospital Cogeneration Plant,F,VIC,47008.0,13058.0,,,14616.0,1.08,On,NEM,Gas,,2016
,Corporate Total,C,,309722.0,86034.0,,,80018.0,,,,,,2016
,Mortons Lane Windfarm Pty Ltd,F,VIC,220200.0,61167.0,,,41.0,0.0,On,NEM,Wind,,2016
,Corporate Total,C,,220200.0,61167.0,,,41.0,,,,,,2016
,Mumbida Wind Farm,F,WA,547031.0,151953.0,,,330.0,0.0,On,SWIS,Wind,,2016
,Corporate Total,C,,547031.0,151953.0,,,330.0,,,,,,2016
,Hazelwood Power Station,F,VIC,37172802.0,10325778.0,,,14629241.0,1.4,On,NEM,Brown Coal,,2016
,Corporate Total,C,,37172802.0,10325778.0,,,14629241.0,,,,,,2016
,New Gullen Range Wind Farm Pty Ltd,F,NSW,1679312.0,466476.0,,,437.0,0.0,On,NEM,Wind,,2016
,Corporate Total,C,,1679312.0,466476.0,,,437.0,,,,,,2016
,Kwinana Gas Fired Power Station,F,WA,6955328.0,1932036.0,,,770615.0,0.4,On,SWIS,Gas,,2016
,Corporate Total,C,,6955328.0,1932036.0,,,770615.0,,,,,,2016
,Gladstone Power Station,F,QLD,24841222.0,6900339.0,,,6635321.0,0.95,On,NEM,Black Coal,,2016
,Corporate Total,C,,24841222.0,6900339.0,,,6635321.0,,,,,,2016
,Onslow Power Station,F,WA,53587.0,14885.0,,,9371.0,0.63,Off,Off-grid,Gas,,2016
,Corporate Total,C,,53587.0,14885.0,,,9371.0,,,,,,2016
,Australand,F,NSW,4139.0,1150.0,,,733.0,0.6,On,NEM,Gas,,2016
,Ballarat Solar Park,F,VIC,1402.0,389.0,,,2.0,0.0,On,NEM,Solar,,2016
,Bendigo Solar Park,F,VIC,1833.0,509.0,,,4.0,0.0,On,NEM,Solar,,2016
,Blackmores,F,NSW,4811.0,1336.0,,,1026.0,0.73,On,NEM,Gas,,2016
,Bond,F,NSW,4035.0,1121.0,,,667.0,0.55,On,NEM,Gas,,2016
,Chifley Square,F,NSW,3005.0,835.0,,,615.0,0.69,On,NEM,Gas,,2016
,Cullerin Wind Farm,F,NSW,367841.0,102178.0,,,98.0,0.0,On,NEM,Wind,,2016
,Dandenong,F,VIC,8719.0,2422.0,,,1780.0,0.63,On,NEM,Gas,,2016
,Darling Downs Power Station,F,QLD,13228362.0,3674545.0,,,1566422.0,0.42,On,NEM,Gas,,2016
,Drapac,F,VIC,2673.0,743.0,,,504.0,0.62,On,NEM,Gas,,2016
,Eraring Power Station,F,NSW,52673634.0,14631565.0,,,12948439.0,0.88,On,NEM,Black Coal,,2016
,Exhibition Street,F,VIC,9755.0,2710.0,,,1646.0,0.55,On,NEM,Gas,,2016
,Kent Street,F,NSW,12395.0,3443.0,,,1896.0,0.51,On,NEM,Gas,,2016
,La Trobe,F,VIC,2880.0,800.0,,,498.0,0.57,On,NEM,Gas,,2016
,Ladbroke Grove Power Station,F,SA,735807.0,204391.0,,,106877.0,0.52,On,NEM,Gas,,2016
,Mirvac,F,NSW,18779.0,5216.0,,,3016.0,0.54,On,NEM,Gas,,2016
,Mortlake Power Station,F,VIC,1753502.0,487084.0,,,268634.0,0.54,On,NEM,Gas,,2016
,Mount,F,NSW,6782.0,1884.0,,,1130.0,0.56,On,NEM,Gas,,2016
,Mt Stuart Power Station,F,QLD,197763.0,54934.0,,,58225.0,0.99,On,NEM,Kerosene,,2016
,Quarantine Power Station,F,SA,486565.0,135157.0,,,88611.0,0.64,On,NEM,Gas,,2016
,Roma Power Station,F,QLD,393277.0,109244.0,,,72412.0,0.66,On,NEM,Gas,,2016
,Shoalhaven Scheme,F,NSW,568395.0,157888.0,,,168701.0,0.0,On,NEM,Hydro,,2016
,Stockland Headquarters,F,NSW,5152.0,1431.0,,,884.0,0.58,On,NEM,Gas,,2016
,University of NSW,F,NSW,8961.0,2489.0,,,1326.0,0.49,On,NEM,Gas,,2016
,Uranquinty Power Station,F,NSW,2818838.0,783011.0,,,479760.0,0.61,On,NEM,Gas,,2016
,Corporate Total,C,,73319305.0,20366474.0,,,15773906.0,,,,,,2016
,Millmerran Power Station (facility),F,QLD,23953296.0,6653693.0,,,5465276.0,0.82,On,NEM,Black Coal,,2016
,Corporate Total,C,,23953296.0,6653693.0,,,5465276.0,,,,,,2016
,Pelican Point Power Station,F,SA,1095846.0,304402.0,,,125936.0,0.4,On,NEM,Gas,,2016
,Corporate Total,C,,1095846.0,304402.0,,,125936.0,,,,,,2016
,Kwinana Swift Power Station,F,WA,49953.0,13876.0,,,9131.0,0.61,On,SWIS,Gas,,2016
,Corporate Total,C,,49953.0,13876.0,,,9131.0,,,,,,2016
,Alpurrurulam (Lake Nash),F,NT,7102.0,1973.0,,,1240.0,0.63,Off,Off-grid,Diesel,,2016
,Amanbidgi (Kildurk),F,NT,1035.0,288.0,,,263.0,0.91,Off,Off-grid,Diesel,,2016
,"Ampilatwatja (Alparra, Ammaroo)",F,NT,12014.0,3337.0,,,2390.0,0.72,Off,Off-grid,Diesel,,2016
,Amunturangu,F,NT,2673.0,743.0,,,581.0,0.78,Off,Off-grid,Diesel,,2016
,Aputula (Finke),F,NT,3704.0,1029.0,,,735.0,0.71,Off,Off-grid,Diesel,,2016
,Areyonga (Utju),F,NT,3929.0,1091.0,,,791.0,0.72,Off,Off-grid,Diesel,,2016
,Atitjere (Harts Range),F,NT,3417.0,949.0,,,708.0,0.75,Off,Off-grid,Diesel,,2016
,Borroloola Generation,F,NT,23342.0,6484.0,,,4453.0,0.69,Off,Off-grid,Diesel,,2016
,Bulla Camp,F,NT,1483.0,412.0,,,375.0,0.91,Off,Off-grid,Diesel,,2016
,Bulman,F,NT,4815.0,1338.0,,,1082.0,0.81,Off,Off-grid,Diesel,,2016
,Daly Waters Generation,F,NT,4051.0,1125.0,,,851.0,0.76,Off,Off-grid,Diesel,,2016
,Elliot Generation,F,NT,10483.0,2912.0,,,2230.0,0.77,Off,Off-grid,Diesel,,2016
,Engawala (Alcoota),F,NT,1888.0,524.0,,,426.0,0.81,Off,Off-grid,Diesel,,2016
,Epenarra,F,NT,2572.0,714.0,,,589.0,0.82,Off,Off-grid,Diesel,,2016
,Eva Valley,F,NT,1299.0,361.0,,,309.0,0.86,Off,Off-grid,Diesel,,2016
,Galiwinku (Elcho Island),F,NT,26054.0,7237.0,,,5017.0,0.69,Off,Off-grid,Diesel,,2016
,Gapuwiyak (Lake Evella),F,NT,11076.0,3077.0,,,2227.0,0.72,Off,Off-grid,Diesel,,2016
,Gunbalanya (Oenpelli),F,NT,18127.0,5035.0,,,3539.0,0.7,Off,Off-grid,Diesel,,2016
,Ikuntji (Haasts Bluff),F,NT,2796.0,777.0,,,611.0,0.79,Off,Off-grid,Diesel,,2016
,Imangara (Murray Downs),F,NT,1108.0,308.0,,,253.0,0.82,Off,Off-grid,Diesel,,2016
,Imanpa (Mount Ebenezer),F,NT,2092.0,581.0,,,483.0,0.83,Off,Off-grid,Diesel,,2016
,Kalkaringi (Wave Hill),F,NT,10524.0,2923.0,,,1787.0,0.61,Off,Off-grid,Diesel,,2016
,Kaltukatjara (Docker River),F,NT,5669.0,1575.0,,,1144.0,0.73,Off,Off-grid,Diesel,,2016
,Lajamanu (Hooker Creek),F,NT,11053.0,3070.0,,,2195.0,0.71,Off,Off-grid,Diesel,,2016
,Laramba (Napperby),F,NT,3585.0,996.0,,,702.0,0.7,Off,Off-grid,Diesel,,2016
,Maningrida,F,NT,32217.0,8949.0,,,6205.0,0.69,Off,Off-grid,Diesel,,2016
,Milikapiti (Snake Bay),F,NT,8568.0,2380.0,,,1835.0,0.77,Off,Off-grid,Diesel,,2016
,Milingimbi,F,NT,12762.0,3545.0,,,2739.0,0.77,Off,Off-grid,Diesel,,2016
,Milyakburra (Bickerton Island),F,NT,3722.0,1034.0,,,721.0,0.7,Off,Off-grid,Diesel,,2016
,Minjilang (Croker Island),F,NT,5182.0,1439.0,,,1107.0,0.77,Off,Off-grid,Diesel,,2016
,Minyerri (Hodgson Downs),F,NT,8141.0,2261.0,,,1664.0,0.74,Off,Off-grid,Diesel,,2016
,Nauiyu Nambiyu (Daly River),F,NT,10999.0,3055.0,,,2153.0,0.7,Off,Off-grid,Diesel,,2016
,Nguiu (Bathurst Island),F,NT,23767.0,6602.0,,,4835.0,0.73,Off,Off-grid,Diesel,,2016
,Ngukurr (Roper River),F,NT,17122.0,4756.0,,,3465.0,0.73,Off,Off-grid,Diesel,,2016
,Numbulwar (Rose River),F,NT,11571.0,3214.0,,,2273.0,0.71,Off,Off-grid,Diesel,,2016
,Nyirripi (Waite Creek),F,NT,4034.0,1121.0,,,764.0,0.68,Off,Off-grid,Diesel,,2016
,Orwaitilla (Canteen Creek),F,NT,3509.0,975.0,,,692.0,0.71,Off,Off-grid,Diesel,,2016
,Palumpa,F,NT,5467.0,1519.0,,,1074.0,0.71,Off,Off-grid,Diesel,,2016
,Papunya,F,NT,7208.0,2002.0,,,1504.0,0.75,Off,Off-grid,Diesel,,2016
,Peppimenarti,F,NT,4432.0,1231.0,,,887.0,0.72,Off,Off-grid,Diesel,,2016
,Pidgeon Hole,F,NT,1811.0,503.0,,,399.0,0.79,Off,Off-grid,Diesel,,2016
,Pirlangimpi (Garden Point),F,NT,7460.0,2072.0,,,1643.0,0.79,Off,Off-grid,Diesel,,2016
,Ramingining,F,NT,11419.0,3172.0,,,2254.0,0.71,Off,Off-grid,Diesel,,2016
,Robinson River,F,NT,3917.0,1088.0,,,808.0,0.74,Off,Off-grid,Diesel,,2016
,Tara (Neutral Junction),F,NT,1248.0,347.0,,,309.0,0.89,Off,Off-grid,Diesel,,2016
,Ti Tree Generation,F,NT,9424.0,2618.0,,,1660.0,0.63,Off,Off-grid,Diesel,,2016
,Timber Creek Generation,F,NT,10699.0,2972.0,,,2138.0,0.72,Off,Off-grid,Diesel,,2016
,Titjikala (Maryvale),F,NT,4254.0,1182.0,,,810.0,0.69,Off,Off-grid,Diesel,,2016
,Umbakumba,F,NT,9443.0,2623.0,,,1979.0,0.75,Off,Off-grid,Diesel,,2016
,Wadeye (Port Keats),F,NT,34366.0,9546.0,,,6032.0,0.63,Off,Off-grid,Diesel,,2016
,Walungurru (Kintore),F,NT,6796.0,1888.0,,,1353.0,0.72,Off,Off-grid,Diesel,,2016
,Warruwi (Goulburn Is),F,NT,6719.0,1866.0,,,1283.0,0.69,Off,Off-grid,Diesel,,2016
,Wilora (Stirling),F,NT,1158.0,322.0,,,274.0,0.85,Off,Off-grid,Diesel,,2016
,Wirliyatjarrayi (Willowra),F,NT,3412.0,948.0,,,654.0,0.69,Off,Off-grid,Diesel,,2016
,Yarralin,F,NT,5181.0,1439.0,,,987.0,0.69,Off,Off-grid,Diesel,,2016
,Yuendumu,F,NT,18780.0,5217.0,,,3702.0,0.71,Off,Off-grid,Diesel,,2016
,Corporate Total,C,,470679.0,130744.0,,,847503.0,,,,,,2016
,Channel Island Power Station,F,NT,3846381.0,1068439.0,,,589467.0,0.55,On,DKIS,Gas,,2016
,Katherine Power Station,F,NT,40490.0,11247.0,,,5931.0,0.53,On,DKIS,Gas,,2016
,Kings Canyon,F,NT,4338.0,1205.0,,,862.0,0.72,Off,Off-grid,Solar,,2016
,Owen Springs Power Station,F,NT,331359.0,92044.0,,,50416.0,0.55,Off,Off-grid,Gas,,2016
,Ron Goodin Power Station,F,NT,319342.0,88706.0,,,54059.0,0.61,Off,Off-grid,Gas,,2016
,Tennant Creek Power Station,F,NT,110408.0,30669.0,,,20867.0,0.68,Off,Off-grid,Gas,,2016
,Weddell Power Station,F,NT,1550009.0,430558.0,,,243586.0,0.57,On,DKIS,Gas,,2016
,Yulara Power Station,F,NT,82958.0,23044.0,,,15203.0,0.66,Off,Off-grid,Gas/Diesel,,2016
,Corporate Total,C,,6285285.0,1745912.0,,,980391.0,,,,,,2016
,Visy Energy - Coolaroo Co-gen,F,VIC,55901.0,15528.0,,,34678.0,1.46,On,NEM,Biofuel,,2016
,Corporate Total,C,,55901.0,15528.0,,,34678.0,,,,,,2016
,Kemerton Power Station,F,WA,431232.0,119787.0,,,79824.0,0.65,On,SWIS,Gas/Diesel,,2016
,Starfish Hill Wind Farm,F,SA,326439.0,90678.0,,,114.0,0.0,On,NEM,Wind,,2016
,Toora Wind Farm,F,VIC,186575.0,51826.0,,,254.0,0.0,On,NEM,Wind,,2016
,Townsville Power Station,F,QLD,629309.0,174808.0,,,78119.0,0.43,On,NEM,Gas,,2016
,Windy Hill Wind Farm,F,QLD,98228.0,27286.0,,,35.0,0.0,On,NEM,Wind,,2016
,Corporate Total,C,,1671783.0,464384.0,,,158346.0,,,,,,2016
,Carnarvon Power Station,F,WA,160886.0,44691.0,,,26706.0,0.6,Off,Off-grid,Gas,,2016
,Horizon Power Aggregated Minor Power Stations,F,WA,42816.0,11893.0,,,8299.0,0.7,Off,Off-grid,Diesel,,2016
,South Hedland Temporary Generation Power Station,F,WA,292255.0,81182.0,,,58945.0,0.73,On,NWIS,Gas,,2016
,Corporate Total,C,,495957.0,137766.0,,,93950.0,,,,,,2016
,Paraburdoo Power Station,F,WA,2060232.0,572287.0,,,308432.0,0.54,On,NWIS,Gas,,2016
,West Angelas Power Station,F,WA,647820.0,179950.0,,,98197.0,0.55,On,NWIS,Gas,,2016
,Yurralyi Maya Power Station,F,WA,3404008.0,945558.0,,,523898.0,0.55,On,NWIS,Gas,,2016
,Corporate Total,C,,6112060.0,1697794.0,,,930527.0,,,,,,2016
,Wilga Park Power Station,F,NSW,319619.0,88783.0,,,47762.0,0.54,On,NEM,Coal Seam Methane,,2016
,Corporate Total,C,,319619.0,88783.0,,,47762.0,,,,,,2016
,Musselroe Wind Farm Pty Ltd,F,TAS,1958343.0,543984.0,,,1906.0,0.0,On,NEM,Wind,,2016
,Woolnorth Bluff point Wind Farm Pty Ltd,F,TAS,845275.0,234799.0,,,1649.0,0.0,On,NEM,Wind,,2016
,Woolnorth Studland Bay Wind Farm Pty Ltd,F,TAS,976551.0,271264.0,,,1890.0,0.0,On,NEM,Wind,,2016
,Corporate Total,C,,3780169.0,1050047.0,,,5445.0,,,,,,2016
,SNOWTOWN SOUTH WIND FARM,F,SA,1595739.0,443261.0,,,609.0,0.0,On,NEM,Wind,,2016
,Corporate Total,C,,1595739.0,443261.0,,,609.0,,,,,,2016
,Snowtown Wind Farm,F,SA,1254374.0,348437.0,,,238.0,0.0,On,NEM,Wind,,2016
,Corporate Total,C,,1254374.0,348437.0,,,238.0,,,,,,2016
,SNOWTOWN WIND FARM STAGE 2,F,SA,1608296.0,446749.0,,,719.0,0.0,On,NEM,Wind,,2016
,Corporate Total,C,,1608296.0,446749.0,,,719.0,,,,,,2016
,Angaston Power Station,F,SA,19083.0,5301.0,,,3889.0,0.66,On,NEM,Liquid Fuel,,2016
,Colongra Power Station,F,NSW,104192.0,28942.0,,,25324.0,0.66,On,NEM,Gas,,2016
,Laverton North Power Station,F,VIC,80753.0,22431.0,,,22217.0,0.85,On,NEM,Gas,,2016
,Lonsdale/Port Stanvac Power Station,F,SA,39016.0,10838.0,,,6179.0,0.55,On,NEM,Diesel,,2016
,Snowy Hydro Ltd,F,NSW,16667773.0,4629937.0,,,71066.0,0.0,On,NEM,Hydro,,2016
,Valley Power,F,VIC,38440.0,10678.0,,,11480.0,0.77,On,NEM,Gas,,2016
,Corporate Total,C,,16949257.0,4708127.0,,,140155.0,,,,,,2016
,Moree Solar Farm,F,NSW,122650.0,34069.0,,,664.0,0.01,On,NEM,Solar,,2016
,Corporate Total,C,,122650.0,34069.0,,,664.0,,,,,,2016
,Barron Gorge Power Station,F,QLD,384782.0,106884.0,,,986.0,0.0,On,NEM,Hydro,,2016
,Kareeya Power Station,F,QLD,1062265.0,295074.0,,,3233.0,0.0,On,NEM,Hydro,,2016
,Mackay Gas Turbine,F,QLD,1160.0,322.0,,,391.0,1.21,On,NEM,Diesel,,2016
,Mica Creek Power Station,F,QLD,710016.0,197227.0,,,98861.0,0.5,On,Mt Isa,Gas,,2016
,Stanwell Power Station,F,QLD,32721704.0,9089362.0,,,7696365.0,0.85,On,NEM,Black Coal,,2016
,Tarong Power Stations,F,QLD,37432441.0,10397900.0,,,9094415.0,0.87,On,NEM,Black Coal,,2016
,Corporate Total,C,,72312368.0,20086769.0,,,16894251.0,,,,,,2016
,Vales Point Power Station,F,NSW,14153978.0,3931661.0,,,3439273.0,0.87,On,NEM,Black Coal,,2016
,Corporate Total,C,,14153978.0,3931661.0,,,3439273.0,,,,,,2016
,Dry Creek Power Station,F,SA,22309.0,6197.0,,,7878.0,1.19,On,NEM,Gas,,2016
,Mintaro Power Station,F,SA,46992.0,13053.0,,,11167.0,0.84,On,NEM,Gas,,2016
,Port Lincoln Power Station,F,SA,1769.0,491.0,,,1047.0,1.64,On,NEM,Diesel,,2016
,Snuggery Power Station,F,SA,3549.0,986.0,,,1685.0,1.14,On,NEM,Diesel,,2016
,Corporate Total,C,,74619.0,20727.0,,,21777.0,,,,,,2016
,Midlands Power Station,F,TAS,125687.0,34913.0,,,0.0,0.0,On,NEM,Hydro,,2016
,Corporate Total,C,,125687.0,34913.0,,,0.0,,,,,,2016
,Kalgoorlie Power Station,F,WA,780449.0,216791.0,,,124167.0,0.57,On,SWIS,Gas,,2016
,Kambalda Power Station,F,WA,836830.0,232453.0,,,132050.0,0.57,On,SWIS,Gas,,2016
,Leinster Power Station,F,WA,1065136.0,295871.0,,,165110.0,0.56,Off,Off-grid,Gas/Diesel,,2016
,Mt Keith Power Station,F,WA,1220153.0,338931.0,,,193130.0,0.57,Off,Off-grid,Gas,,2016
,Solomon Power Station,F,WA,949506.0,263752.0,,,203274.0,0.77,Off,Off-grid,Gas/Diesel,,2016
,Corporate Total,C,,4852074.0,1347798.0,,,817731.0,,,,,,2016
,Cocos Keeling Islands - Home Island Generation,F,WA,9249.0,2569.0,,,1827.0,0.71,Off,Off-grid,Liquid Fuel,,2016
,Cocos Keeling Islands - West Island Generation,F,WA,4765.0,1324.0,,,1031.0,0.78,Off,Off-grid,Liquid Fuel,,2016
,Corporate Total,C,,14014.0,3893.0,,,2858.0,,,,,,2016
ACCIONA ENERGY OCEANIA PTY. LTD.,Gunning Wind Farm,F,NSW,562485.0,156246.0,,,329.0,0.0,,NEM,Wind,,2017
ACCIONA ENERGY OCEANIA PTY. LTD.,Waubra Wind Farm,F,VIC,2204701.0,612417.0,,,1209.0,0.0,,NEM,Wind,,2017
ACCIONA ENERGY OCEANIA PTY. LTD.,Corporate Total,C,,2767186.0,768663.0,,,1538.0,,,,,,2017
AGL ENERGY LIMITED,Banimboola Hydro,F,VIC,10938.0,3038.0,,,13.0,0.0,,NEM,Hydro,,2017
AGL ENERGY LIMITED,Bayswater Power Station,F,NSW,57400488.0,15944580.0,,,14161393.0,0.89,,NEM,Black Coal,,2017
AGL ENERGY LIMITED,Bogong Power Station,F,VIC,418797.0,116333.0,,,873.0,0.0,,NEM,Hydro,,2017
AGL ENERGY LIMITED,Broken Hill Solar Plant,F,NSW,459233.0,127565.0,,,356.0,0.0,,NEM,Solar,,2017
AGL ENERGY LIMITED,Burrendong Hydro,F,NSW,149406.0,41502.0,,,43.0,0.0,,NEM,Hydro,,2017
AGL ENERGY LIMITED,Clover Hydro,F,VIC,255511.0,70975.0,,,208.0,0.0,,NEM,Hydro,,2017
AGL ENERGY LIMITED,Coopers Cogeneration,F,SA,91376.0,25382.0,,,19096.0,0.75,,NEM,Gas,,2017
AGL ENERGY LIMITED,Copeton Hydro,F,NSW,101114.0,28087.0,,,57.0,0.0,,NEM,Hydro,,2017
AGL ENERGY LIMITED,Dartmouth Hydro,F,VIC,159832.0,44398.0,,,255.0,,,NEM,Hydro,,2017
AGL ENERGY LIMITED,Eildon Hydro,F,VIC,370659.0,102961.0,,,931.0,0.0,,NEM,Hydro,,2017
AGL ENERGY LIMITED,Glenbawn Hydro,F,NSW,14916.0,4143.0,,,7.0,0.0,,NEM,Hydro,,2017
AGL ENERGY LIMITED,Glenorchy Landfill Generation,F,TAS,34171.0,9492.0,,,511.0,0.05,,NEM,Landfill Gas,,2017
AGL ENERGY LIMITED,Hallett (Stage 1) Wind Farm,F,SA,1028152.0,285598.0,,,376.0,0.0,,NEM,Wind,,2017
AGL ENERGY LIMITED,Hallett (Stage 2) Wind Farm,F,SA,808478.0,224577.0,,,291.0,0.0,,NEM,Wind,,2017
AGL ENERGY LIMITED,Hallett (Stage 4) Wind Farm,F,SA,1425024.0,395840.0,,,732.0,0.0,,NEM,Wind,,2017
AGL ENERGY LIMITED,Hallett (Stage 5) Wind Farm,F,SA,440273.0,122298.0,,,463.0,0.0,,NEM,Wind,,2017
AGL ENERGY LIMITED,Hobart Landfill Generation,F,TAS,8898.0,2472.0,,,217.0,0.09,,NEM,Landfill Gas,,2017
AGL ENERGY LIMITED,Hunter Valley Gas Turbines,F,NSW,2311.0,642.0,,,1896.0,1.52,,NEM,Gas,,2017
AGL ENERGY LIMITED,Kemps Creek Landfill Generation,F,NSW,31872.0,8853.0,,,395.0,0.04,,NEM,Landfill Gas,,2017
AGL ENERGY LIMITED,Kincumber Landfill Generation,F,NSW,8150.0,2264.0,,,197.0,0.08,,NEM,Landfill Gas,,2017
AGL ENERGY LIMITED,Liddell Power Station,F,NSW,34236128.0,9510036.0,,,8855569.0,0.93,,NEM,Black Coal,,2017
AGL ENERGY LIMITED,Loy Yang Power Station and Mine,F,VIC,57187037.0,15885288.0,,,18963597.0,1.18,,NEM,Brown Coal,,2017
AGL ENERGY LIMITED,Macarthur Wind Farm,F,VIC,3218676.0,894077.0,,,3537.0,0.0,,NEM,Wind,,2017
AGL ENERGY LIMITED,McKay Creek Hydro,F,VIC,501963.0,139434.0,,,4895.0,0.0,,NEM,Hydro,,2017
AGL ENERGY LIMITED,Moranbah Power Station,F,QLD,300435.0,83454.0,,,45587.0,0.54,,NEM,Coal Seam Methane,,2017
AGL ENERGY LIMITED,Nyngan Solar Plant,F,NSW,835877.0,232188.0,,,927.0,0.0,,NEM,Solar,,2017
AGL ENERGY LIMITED,Oaklands Hill Wind Farm,F,VIC,612654.0,170182.0,,,856.0,0.0,,NEM,Wind,,2017
AGL ENERGY LIMITED,Pindari Hydro,F,NSW,25904.0,7196.0,,,28.0,0.0,,NEM,Hydro,,2017
AGL ENERGY LIMITED,Rockingham Landfill Generation,F,WA,76259.0,21183.0,,,1088.0,0.05,,SWIS,Landfill Gas,,2017
AGL ENERGY LIMITED,Rubicon Hydro Scheme,F,VIC,176175.0,48938.0,,,39.0,,,NEM,Hydro,,2017
AGL ENERGY LIMITED,Shoalhaven Landfill Generation,F,NSW,20580.0,5717.0,,,247.0,0.04,,NEM,Landfill Gas,,2017
AGL ENERGY LIMITED,Somerton Power Station,F,VIC,104918.0,29144.0,,,23877.0,0.75,,NEM,Gas,,2017
AGL ENERGY LIMITED,Torrens Island Power Station,F,SA,10381972.0,2883881.0,,,1643453.0,0.56,,NEM,Gas,,2017
AGL ENERGY LIMITED,Wattle Point Wind Farm,F,SA,838991.0,233053.0,,,264.0,0.0,,NEM,Wind,,2017
AGL ENERGY LIMITED,Werribee Biogas Generator,F,VIC,197532.0,54870.0,,,3913.0,0.05,,NEM,Biogas,,2017
AGL ENERGY LIMITED,West Kiewa Hydro,F,VIC,712767.0,197991.0,,,1040.0,0.0,,NEM,Hydro,,2017
AGL ENERGY LIMITED,Wilpena Pound Solar Generation,F,SA,3481.0,967.0,,,704.0,0.73,,Off-grid,Solar,,2017
AGL ENERGY LIMITED,Woy Woy Landfill Generation,F,NSW,29576.0,8216.0,,,489.0,0.06,,NEM,Landfill Gas,,2017
AGL ENERGY LIMITED,Yarrawonga Hydro,F,VIC,113201.0,31445.0,,,31.0,0.0,,NEM,Hydro,,2017
AGL ENERGY LIMITED,Corporate Total,C,,172793725.0,47998257.0,,,43738451.0,,,,,,2017
ALCOA AUSTRALIAN HOLDINGS PTY LTD,Alinta Pinjarra Generation Facility,F,WA,8178801.0,2271889.0,,,1509754.0,0.66,,SWIS,Gas,,2017
ALCOA AUSTRALIAN HOLDINGS PTY LTD,Alinta Wagerup Generation Facility,F,WA,502063.0,139462.0,,,95114.0,0.65,,SWIS,Gas,,2017
ALCOA AUSTRALIAN HOLDINGS PTY LTD,Corporate Total,C,,8680864.0,2411351.0,,,1604868.0,,,,,,2017
APT PIPELINES LIMITED,Daandine Power Station,F,QLD,897317.0,249255.0,,,123363.0,0.49,,NEM,Coal Seam Methane,"Please note that in some circumstances Joint Venture partners are required to report a full amount for each facility they have in a Joint Venture. This results in that facility appearing twice. The identified Joint Venture participants have each included the same data for the Daandine Power Station in their NGER reports. This is because neither participant had the greatest ability to introduce and implement the operating and environmental policies in relation to the facility, and a nomination of operational control has not been made.",2017
APT PIPELINES LIMITED,Diamantina Power Station,F,QLD,5937480.0,1649300.0,,,667203.0,0.4,,Mt Isa,Gas,,2017
APT PIPELINES LIMITED,Emu Downs Wind Farm,F,WA,931765.0,258824.0,,,345.0,0.0,,SWIS,Wind,,2017
APT PIPELINES LIMITED,Corporate Total,C,,7766562.0,2157378.0,,,790911.0,,,,,,2017
ARROW ENERGY HOLDINGS PTY LTD,Braemar 2 Power Station,F,QLD,1657736.0,460482.0,,,278242.0,0.6,,NEM,Coal Seam Methane,,2017
ARROW ENERGY HOLDINGS PTY LTD,Corporate Total,C,,1657736.0,460482.0,,,278242.0,,,,,,2017
ATCO AUSTRALIA PTY LTD,Karratha Power Station,F,WA,1243694.0,345471.0,,,187036.0,0.54,,NWIS,Gas,,2017
ATCO AUSTRALIA PTY LTD,Osborne facility,F,SA,3480960.0,966933.0,,,399217.0,0.41,,NEM,Gas,,2017
ATCO AUSTRALIA PTY LTD,Corporate Total,C,,4724654.0,1312404.0,,,586253.0,,,,,,2017
AWF AUS HOLD OP CO PTY LTD,Facility,F,VIC,923558.0,256544.0,,,1098.0,,,NEM,Wind,,2017
AWF AUS HOLD OP CO PTY LTD,Corporate Total,C,,923558.0,256544.0,,,1098.0,,,,,,2017
AXIA ENERGY AUSTRALIA PTY LTD,Smithfield Power Partnership,F,NSW,3525820.0,979394.0,,,462404.0,0.47,,NEM,Gas,,2017
AXIA ENERGY AUSTRALIA PTY LTD,Corporate Total,C,,3525820.0,979394.0,,,462404.0,,,,,,2017
BHP BILLITON IRON ORE PTY. LTD.,Yarnima Power Station,F,WA,2546182.0,707273.0,,,302918.0,0.43,,Off-grid,Gas,,2017
BHP BILLITON IRON ORE PTY. LTD.,Corporate Total,C,,2546182.0,707273.0,,,302918.0,,,,,,2017
BLUEWATERS POWER 1 PTY LTD,Bluewaters Power 1,F,WA,6584417.0,1829005.0,,,1633781.0,0.89,,SWIS,Black Coal,,2017
BLUEWATERS POWER 1 PTY LTD,Corporate Total,C,,6584417.0,1829005.0,,,1633781.0,,,,,,2017
BLUEWATERS POWER 2 PTY LTD,Bluewaters Power 2,F,WA,3001090.0,833636.0,,,728221.0,0.87,,SWIS,Black Coal,,2017
BLUEWATERS POWER 2 PTY LTD,Corporate Total,C,,3001090.0,833636.0,,,728221.0,,,,,,2017
BPIH PTY LIMITED,Enwave Central Park Pty Ltd,F,NSW,1443.0,401.0,,,2417.0,6.03,,NEM,Gas,,2017
BPIH PTY LIMITED,Enwave Mascot Pty Ltd,F,NSW,100997.0,28055.0,,,16864.0,0.55,,NEM,Gas,,2017
BPIH PTY LIMITED,Corporate Total,C,,102440.0,28456.0,,,19281.0,,,,,,2017
C S ENERGY LIMITED,Callide B Power Station,F,QLD,17202049.0,4778347.0,,,4427588.0,0.92,,NEM,Black Coal,,2017
C S ENERGY LIMITED,Callide C Power Station,F,QLD,19596920.0,5443589.0,,,4919182.0,0.9,,NEM,Black Coal,"Please note that in some circumstances Joint Venture partners are required to report a full amount for each facility they have in a Joint Venture. This results in that facility appearing twice. The identified Joint Venture participants have each included the same data for the Callide C Power Station in their NGER reports. This is because neither participant had the greatest ability to introduce and implement the operating and environmental policies in relation to the facility, and a nomination of operational control has not been made.",2017
C S ENERGY LIMITED,Kogan Creek Power Station,F,QLD,21326630.0,5924064.0,,,4851366.0,0.82,,NEM,Black Coal,,2017
C S ENERGY LIMITED,Wivenhoe Power Station,F,QLD,238211.0,66170.0,,,90668.0,0.0,,NEM,Hydro,,2017
C S ENERGY LIMITED,Corporate Total,C,,58363810.0,16212169.0,,,14288804.0,,,,,,2017
CANUNDA POWER PTY LTD,Canunda Wind Farm,F,SA,424757.0,117988.0,,,120.0,0.0,,NEM,Wind,,2017
CANUNDA POWER PTY LTD,Corporate Total,C,,424757.0,117988.0,,,120.0,,,,,,2017
CAPE BYRON MANAGEMENT PTY LTD,Broadwater Power Plant,F,NSW,773555.0,214876.0,,,8188.0,0.03,,NEM,Bagasse,,2017
CAPE BYRON MANAGEMENT PTY LTD,Condong Power Plant,F,NSW,640900.0,178028.0,,,8810.0,0.04,,NEM,Bagasse,,2017
CAPE BYRON MANAGEMENT PTY LTD,Corporate Total,C,,1414455.0,392904.0,,,16998.0,,,,,,2017
CBWF HOLDINGS PTY LIMITED,Facility,F,VIC,272882.0,75801.0,,,108.0,,,NEM,Wind,,2017
CBWF HOLDINGS PTY LIMITED,Corporate Total,C,,272882.0,75801.0,,,108.0,,,,,,2017
CK WILLIAM AUSTRALIA HOLDINGS PTY LTD,Appin CSM Power Station,F,NSW,232325.0,64535.0,,,46607.0,0.71,,NEM,Coal Seam Methane,,2017
CK WILLIAM AUSTRALIA HOLDINGS PTY LTD,Ardyaloon Remote Power Station,F,WA,6650.0,1847.0,,,1337.0,0.72,,Off-grid,Liquid Fuel,,2017
CK WILLIAM AUSTRALIA HOLDINGS PTY LTD,Beagle Bay Remote Power Station,F,WA,6268.0,1741.0,,,1261.0,0.72,,Off-grid,Liquid Fuel,,2017
CK WILLIAM AUSTRALIA HOLDINGS PTY LTD,Belrose LFG Power Station,F,NSW,19850.0,5514.0,,,366.0,0.07,,NEM,Landfill Gas,,2017
CK WILLIAM AUSTRALIA HOLDINGS PTY LTD,Berwick LFG Power Station,F,VIC,57523.0,15979.0,,,1527.0,0.06,,NEM,Landfill Gas,,2017
CK WILLIAM AUSTRALIA HOLDINGS PTY LTD,Bidyadanga Remote Power Station,F,WA,10434.0,2898.0,,,2130.0,0.73,,Off-grid,Liquid Fuel,,2017
CK WILLIAM AUSTRALIA HOLDINGS PTY LTD,Broadmeadows LFG Power Station,F,VIC,62812.0,17448.0,,,1212.0,0.06,,NEM,Landfill Gas,,2017
CK WILLIAM AUSTRALIA HOLDINGS PTY LTD,Brooklyn LFG Power Station,F,VIC,45953.0,12765.0,,,802.0,0.06,,NEM,Landfill Gas,,2017
CK WILLIAM AUSTRALIA HOLDINGS PTY LTD,Broome LNG Power Station,F,WA,498770.0,138547.0,,,73718.0,0.53,,Off-grid,Gas,,2017
CK WILLIAM AUSTRALIA HOLDINGS PTY LTD,Browns Plains LFG Power Station,F,QLD,48365.0,13435.0,,,854.0,0.06,,NEM,Landfill Gas,,2017
CK WILLIAM AUSTRALIA HOLDINGS PTY LTD,Clayton LFG Power Station,F,VIC,281400.0,78167.0,,,4716.0,0.06,,NEM,Landfill Gas,,2017
CK WILLIAM AUSTRALIA HOLDINGS PTY LTD,Coober Pedy Remote Power Station,F,SA,45317.0,12588.0,,,8614.0,0.68,,Off-grid,Diesel,,2017
CK WILLIAM AUSTRALIA HOLDINGS PTY LTD,Corio LFG Power Station,F,VIC,26161.0,7267.0,,,469.0,0.06,,NEM,Landfill Gas,,2017
CK WILLIAM AUSTRALIA HOLDINGS PTY LTD,Cullerin Range Wind Farm,F,NSW,354476.0,98466.0,,,110.0,0.0,,NEM,Wind,,2017
CK WILLIAM AUSTRALIA HOLDINGS PTY LTD,Derby LNG Power Station,F,WA,123262.0,34239.0,,,20130.0,0.59,,Off-grid,Gas,,2017
CK WILLIAM AUSTRALIA HOLDINGS PTY LTD,Djarindjin Remote Power Station,F,WA,6551.0,1820.0,,,1317.0,0.72,,Off-grid,Liquid Fuel,,2017
CK WILLIAM AUSTRALIA HOLDINGS PTY LTD,Eastern Creek LFG Power Station,F,NSW,43366.0,12046.0,,,700.0,0.06,,NEM,Landfill Gas,,2017
CK WILLIAM AUSTRALIA HOLDINGS PTY LTD,Fitzroy Crossing LNG Power Station,F,WA,51025.0,14174.0,,,8379.0,0.59,,Off-grid,Gas,,2017
CK WILLIAM AUSTRALIA HOLDINGS PTY LTD,Gascoyne Junction Remote Power Station,F,WA,2842.0,789.0,,,622.0,0.79,,Off-grid,Liquid Fuel,,2017
CK WILLIAM AUSTRALIA HOLDINGS PTY LTD,German Creek CMM Power Station,F,QLD,1151228.0,319786.0,,,166860.0,0.52,,NEM,Waste Coal Mine Gas,,2017
CK WILLIAM AUSTRALIA HOLDINGS PTY LTD,Glennies Creek Power Station,F,NSW,283047.0,78624.0,,,40320.0,0.51,,NEM,Waste Coal Mine Gas,,2017
CK WILLIAM AUSTRALIA HOLDINGS PTY LTD,Grange Avenue LFG Power Station,F,NSW,23786.0,6607.0,,,394.0,0.06,,NEM,Landfill Gas,,2017
CK WILLIAM AUSTRALIA HOLDINGS PTY LTD,Grosvenor I WCMG Power Station,F,QLD,164902.0,45806.0,,,25480.0,0.56,,NEM,Waste Coal Mine Gas,,2017
CK WILLIAM AUSTRALIA HOLDINGS PTY LTD,Halls Creek LNG Power Station,F,WA,41275.0,11465.0,,,7302.0,0.64,,Off-grid,Gas,,2017
CK WILLIAM AUSTRALIA HOLDINGS PTY LTD,Jacks Gully LFG Power Station,F,NSW,47408.0,13169.0,,,842.0,0.06,,NEM,Landfill Gas,,2017
CK WILLIAM AUSTRALIA HOLDINGS PTY LTD,Kalamunda Power Station,F,WA,79.0,22.0,,,6.0,0.23,,SWIS,Diesel,,2017
CK WILLIAM AUSTRALIA HOLDINGS PTY LTD,Laverton Remote Power Station,F,WA,13114.0,3643.0,,,2620.0,0.72,,Off-grid,Liquid Fuel,,2017
CK WILLIAM AUSTRALIA HOLDINGS PTY LTD,Leonora Remote Power Station,F,WA,30291.0,8414.0,,,6291.0,0.75,,Off-grid,Gas,,2017
CK WILLIAM AUSTRALIA HOLDINGS PTY LTD,Looma Power Station,F,WA,9379.0,2605.0,,,2074.0,0.8,,Off-grid,Diesel,,2017
CK WILLIAM AUSTRALIA HOLDINGS PTY LTD,Lucas Heights 1 LFG Power Station,F,NSW,58542.0,16262.0,,,1043.0,0.06,,NEM,Landfill Gas,,2017
CK WILLIAM AUSTRALIA HOLDINGS PTY LTD,Lucas Heights 2 LFG Power Station,F,NSW,349787.0,97163.0,,,6150.0,0.06,,NEM,Landfill Gas,,2017
CK WILLIAM AUSTRALIA HOLDINGS PTY LTD,McArthur River Power Station,F,NT,891734.0,247704.0,,,122205.0,0.49,,Off-grid,Gas,,2017
CK WILLIAM AUSTRALIA HOLDINGS PTY LTD,Menzies Remote Power Station,F,WA,2256.0,627.0,,,517.0,0.82,,Off-grid,Liquid Fuel,,2017
CK WILLIAM AUSTRALIA HOLDINGS PTY LTD,Moranbah North CMM Power Station,F,QLD,1764826.0,490229.0,,,260208.0,0.53,,NEM,Waste Coal Mine Gas,,2017
CK WILLIAM AUSTRALIA HOLDINGS PTY LTD,Mugga Lane LFG Power Station,F,ACT,88471.0,24575.0,,,1603.0,0.07,,NEM,Landfill Gas,,2017
CK WILLIAM AUSTRALIA HOLDINGS PTY LTD,Oaky Creek I Power Station,F,QLD,457694.0,127137.0,,,65262.0,0.51,,NEM,Waste Coal Mine Gas,,2017
CK WILLIAM AUSTRALIA HOLDINGS PTY LTD,Oaky Creek II Power Station,F,QLD,368015.0,102226.0,,,53567.0,0.52,,NEM,Waste Coal Mine Gas,,2017
CK WILLIAM AUSTRALIA HOLDINGS PTY LTD,Pine Creek A Power Station,F,NT,651659.0,181016.0,,,95430.0,0.53,,DKIS,Gas,,2017
CK WILLIAM AUSTRALIA HOLDINGS PTY LTD,Red Hill Power Station,F,WA,99957.0,27766.0,,,1579.0,0.06,,SWIS,Landfill Gas,,2017
CK WILLIAM AUSTRALIA HOLDINGS PTY LTD,Roghan Road LFG Power Station,F,QLD,3590.0,997.0,,,107.0,0.06,,NEM,Landfill Gas,,2017
CK WILLIAM AUSTRALIA HOLDINGS PTY LTD,Springvale LFG Power Station,F,VIC,51415.0,14282.0,,,924.0,0.06,,NEM,Landfill Gas,,2017
CK WILLIAM AUSTRALIA HOLDINGS PTY LTD,Tahmoor Power Station,F,NSW,101654.0,28237.0,,,16215.0,0.57,,NEM,Waste Coal Mine Gas,,2017
CK WILLIAM AUSTRALIA HOLDINGS PTY LTD,Tamala Park Power Station,F,WA,145240.0,40344.0,,,2558.0,0.06,,SWIS,Landfill Gas,,2017
CK WILLIAM AUSTRALIA HOLDINGS PTY LTD,Tower CSM Power Station,F,NSW,968725.0,269090.0,,,185576.0,0.69,,NEM,Coal Seam Methane,,2017
CK WILLIAM AUSTRALIA HOLDINGS PTY LTD,Warmun Remote Power Station,F,WA,9909.0,2753.0,,,2046.0,0.74,,Off-grid,Liquid Fuel,,2017
CK WILLIAM AUSTRALIA HOLDINGS PTY LTD,West Belconnen LFG Power Station,F,ACT,7830.0,2175.0,,,165.0,0.07,,NEM,Landfill Gas,,2017
CK WILLIAM AUSTRALIA HOLDINGS PTY LTD,Wingfield 1 LFG Power Station,F,SA,53969.0,14991.0,,,952.0,0.06,,NEM,Landfill Gas,,2017
CK WILLIAM AUSTRALIA HOLDINGS PTY LTD,Wingfield 2 LFG Power Station,F,SA,62127.0,17258.0,,,1095.0,0.06,,NEM,Landfill Gas,,2017
CK WILLIAM AUSTRALIA HOLDINGS PTY LTD,Wonthaggi Wind Farm,F,VIC,10918.0,3033.0,,,9.0,0.0,,NEM,Wind,,2017
CK WILLIAM AUSTRALIA HOLDINGS PTY LTD,Corporate Total,C,,9836177.0,2732271.0,,,1244271.0,,,,,,2017
CLARKE ENERGY (AUSTRALIA) PTY LTD,Daandine Power Station,F,QLD,897317.0,249255.0,,,123363.0,0.49,,NEM,Coal Seam Methane,"Please note that in some circumstances Joint Venture partners are required to report a full amount for each facility they have in a Joint Venture. This results in that facility appearing twice. The identified Joint Venture participants have each included the same data for the Daandine Power Station in their NGER reports. This is because neither participant had the greatest ability to introduce and implement the operating and environmental policies in relation to the facility, and a nomination of operational control has not been made.",2017
CLARKE ENERGY (AUSTRALIA) PTY LTD,Corporate Total,C,,897317.0,249255.0,,,123363.0,,,,,,2017
CONTRACT POWER AUSTRALIA PTY LTD,Cue Town Powerstation,F,WA,9600.0,2667.0,,,1846.0,0.69,,Off-grid,Liquid Fuel,,2017
CONTRACT POWER AUSTRALIA PTY LTD,Meekatharra Town Powerstation,F,WA,27497.0,7638.0,,,5235.0,0.69,,Off-grid,Liquid Fuel,,2017
CONTRACT POWER AUSTRALIA PTY LTD,Mt Magnet Town Powerstation,F,WA,13962.0,3878.0,,,2118.0,0.55,,Off-grid,Gas,,2017
CONTRACT POWER AUSTRALIA PTY LTD,Norseman Gold Power Station,F,WA,29793.0,8276.0,,,6283.0,0.76,,Off-grid,Diesel,,2017
CONTRACT POWER AUSTRALIA PTY LTD,Sandstone Town Powerstation,F,WA,2525.0,701.0,,,539.0,0.77,,Off-grid,Liquid Fuel,,2017
CONTRACT POWER AUSTRALIA PTY LTD,Wiluna Town Powerstation,F,WA,8522.0,2367.0,,,1651.0,0.7,,Off-grid,Liquid Fuel,,2017
CONTRACT POWER AUSTRALIA PTY LTD,Yalgoo Town Powerstation,F,WA,3882.0,1078.0,,,786.0,0.73,,Off-grid,Liquid Fuel,,2017
CONTRACT POWER AUSTRALIA PTY LTD,Corporate Total,C,,95781.0,26606.0,,,18458.0,,,,,,2017
CWF HOLDINGS PTY LTD,Collgar Wind Farm,F,WA,2506701.0,696306.0,,,826.0,0.0,,SWIS,Wind,,2017
CWF HOLDINGS PTY LTD,Corporate Total,C,,2506701.0,696306.0,,,826.0,,,,,,2017
CWP RENEWABLES PTY LTD,Boco Rock Wind Farm Pty Ltd,F,NSW,1257486.0,349302.0,,,1045.0,0.0,,NEM,Wind,,2017
CWP RENEWABLES PTY LTD,Corporate Total,C,,1257486.0,349302.0,,,1045.0,,,,,,2017
DIF INFRA 4 HOLDINGS AUSTRALIA PTY LTD,Royalla Solar Farm,F,ACT,133915.0,37199.0,,,188.0,,,NEM,Solar,,2017
DIF INFRA 4 HOLDINGS AUSTRALIA PTY LTD,Corporate Total,C,,133915.0,37199.0,,,188.0,,,,,,2017
ECOGEN HOLDINGS PTY LTD,Jeeralang Power Station,F,VIC,214236.0,59510.0,,,53038.0,0.78,,NEM,Gas,,2017
ECOGEN HOLDINGS PTY LTD,Newport Power Station,F,VIC,1159959.0,322211.0,,,191542.0,0.53,,NEM,Gas,,2017
ECOGEN HOLDINGS PTY LTD,Corporate Total,C,,1374195.0,381721.0,,,244580.0,,,,,,2017
EIT BALD HILLS PTY LTD,Bald Hills Wind Farm Pty Ltd,F,VIC,1269684.0,352690.0,,,932.0,0.0,,NEM,Wind,,2017
EIT BALD HILLS PTY LTD,Corporate Total,C,,1269684.0,352690.0,,,932.0,,,,,,2017
EIT MUMBIDA WIND FARM PTY LTD,Mumbida Wind Farm Pty Ltd,F,WA,736620.0,204617.0,,,292.0,0.0,,SWIS,Wind,,2017
EIT MUMBIDA WIND FARM PTY LTD,Corporate Total,C,,736620.0,204617.0,,,292.0,,,,,,2017
ELECTRICITY GENERATION AND RETAIL CORPORATION,Albany Wind Farm,F,WA,309241.0,85900.0,,,23.0,0.0,,SWIS,Wind,,2017
ELECTRICITY GENERATION AND RETAIL CORPORATION,Bremer Bay Wind Diesel Power Station,F,WA,5566.0,1546.0,,,13.0,0.01,,SWIS,Wind,,2017
ELECTRICITY GENERATION AND RETAIL CORPORATION,Cockburn Power Station,F,WA,1310150.0,363931.0,,,140394.0,0.39,,SWIS,Gas,,2017
ELECTRICITY GENERATION AND RETAIL CORPORATION,Collie Power Station,F,WA,8030748.0,2230763.0,,,2007389.0,0.9,,SWIS,Black Coal,,2017
ELECTRICITY GENERATION AND RETAIL CORPORATION,Coral Bay Wind Diesel Power Station,F,WA,12376.0,3438.0,,,1538.0,0.45,,Off-grid,Wind,,2017
ELECTRICITY GENERATION AND RETAIL CORPORATION,Denham Wind Farm,F,WA,7884.0,2190.0,,,0.0,,,Off-grid,Wind,,2017
ELECTRICITY GENERATION AND RETAIL CORPORATION,Esperance Wind Farm,F,WA,51440.0,14289.0,,,7.0,0.0,,Off-grid,Wind,,2017
ELECTRICITY GENERATION AND RETAIL CORPORATION,Hopetoun Wind Diesel Power Station,F,WA,17817.0,4949.0,,,2310.0,0.47,,Off-grid,Wind,,2017
ELECTRICITY GENERATION AND RETAIL CORPORATION,Kalbarri Wind Farm,F,WA,14429.0,4008.0,,,3.0,,,SWIS,Wind,,2017
ELECTRICITY GENERATION AND RETAIL CORPORATION,Kalgoorlie Gas Turbine Station,F,WA,1235.0,343.0,,,322.0,0.94,,SWIS,Gas,,2017
ELECTRICITY GENERATION AND RETAIL CORPORATION,Kwinana Power Station,F,WA,2377560.0,660433.0,,,356083.0,0.54,,SWIS,Gas,,2017
ELECTRICITY GENERATION AND RETAIL CORPORATION,Muja Power Station,F,WA,18548777.0,5152438.0,,,4744514.0,0.92,,SWIS,Black Coal,,2017
ELECTRICITY GENERATION AND RETAIL CORPORATION,Mungarra Gas Turbine Station,F,WA,47743.0,13262.0,,,9974.0,0.75,,SWIS,Gas,,2017
ELECTRICITY GENERATION AND RETAIL CORPORATION,Pinjar Gas Turbine Station,F,WA,1840049.0,511125.0,,,420822.0,0.82,,SWIS,Gas,,2017
ELECTRICITY GENERATION AND RETAIL CORPORATION,Corporate Total,C,,32575015.0,9048615.0,,,7683392.0,,,,,,2017
ELECTRICITY NETWORKS CORPORATION,Ravensthorpe Power Station,F,WA,500.0,139.0,,,95.0,0.68,,SWIS,Liquid Fuel,,2017
ELECTRICITY NETWORKS CORPORATION,Corporate Total,C,,500.0,139.0,,,95.0,,,,,,2017
ENERGY QUEENSLAND LIMITED,Barcaldine Power Station Facility,F,QLD,14190.0,3942.0,,,6514.0,1.65,,NEM,Gas,,2017
ENERGY QUEENSLAND LIMITED,Energy Impact - Bromelton Peak Generation Plant - Facility,F,QLD,7261.0,2017.0,,,1945.0,0.76,,NEM,Liquid Fuel,,2017
ENERGY QUEENSLAND LIMITED,Energy Impact - Generation - Facility,F,QLD,4479.0,1244.0,,,876.0,0.7,,NEM,Liquid Fuel,,2017
ENERGY QUEENSLAND LIMITED,Corporate Total,C,,25930.0,7203.0,,,9335.0,,,,,,2017
ENERGYAUSTRALIA HOLDINGS LIMITED,Cathedral Rocks Wind Farm,F,SA,551476.0,153188.0,,,174.0,0.0,,NEM,Wind,,2017
ENERGYAUSTRALIA HOLDINGS LIMITED,Hallett Power Station,F,SA,166512.0,46253.0,,,50146.0,1.04,,NEM,Gas,,2017
ENERGYAUSTRALIA HOLDINGS LIMITED,Mt Piper Power Station,F,NSW,27207372.0,7557603.0,,,6594820.0,0.87,,NEM,Black Coal,,2017
ENERGYAUSTRALIA HOLDINGS LIMITED,Tallawarra Power Station,F,NSW,2890911.0,803031.0,,,316063.0,0.39,,NEM,Gas,,2017
ENERGYAUSTRALIA HOLDINGS LIMITED,Waterloo Wind Farm,F,SA,1113109.0,309197.0,,,320.0,0.0,,NEM,Wind,,2017
ENERGYAUSTRALIA HOLDINGS LIMITED,Yallourn Power Station,F,VIC,41305814.0,11473837.0,,,14985752.0,1.29,,NEM,Brown Coal,,2017
ENERGYAUSTRALIA HOLDINGS LIMITED,Corporate Total,C,,73235194.0,20343109.0,,,21947275.0,,,,,,2017
ERM POWER LIMITED,Newgen Neerabup Power Station,F,WA,598466.0,166241.0,,,105284.0,0.62,,SWIS,Gas,,2017
ERM POWER LIMITED,Oakey Power Station,F,QLD,479538.0,133205.0,,,90754.0,0.67,,NEM,Gas,,2017
ERM POWER LIMITED,Corporate Total,C,,1078004.0,299446.0,,,196038.0,,,,,,2017
ESPERANCE POWER STATION PTY LTD,Esperance Power Station,F,WA,277401.0,77056.0,,,61447.0,0.8,,Off-grid,Gas,,2017
ESPERANCE POWER STATION PTY LTD,Corporate Total,C,,277401.0,77056.0,,,61447.0,,,,,,2017
ESSENTIAL ENERGY,Essential Energy Generation Facilities,FA,NSW,75.0,21.0,,,123.0,,,NEM,Solar,,2017
ESSENTIAL ENERGY,Corporate Total,C,,75.0,21.0,,,123.0,,,,,,2017
FENGATE EXMOUTH ENERGY SPV PTY LTD,Exmouth Power Station Pty Ltd,F,WA,85648.0,23791.0,,,16793.0,0.71,,Off-grid,Gas,,2017
FENGATE EXMOUTH ENERGY SPV PTY LTD,Corporate Total,C,,85648.0,23791.0,,,16793.0,,,,,,2017
GOLDFIELDS POWER PTY LTD,Parkeston Power Station,F,WA,705838.0,196066.0,,,114018.0,0.58,,SWIS,Gas,,2017
GOLDFIELDS POWER PTY LTD,Corporate Total,C,,705838.0,196066.0,,,114018.0,,,,,,2017
GSP ENERGY PTY LTD,Burrinjuck Power Station,F,NSW,385089.0,106969.0,,,14.0,0.0,,NEM,Hydro,,2017
GSP ENERGY PTY LTD,Hume Power Station,F,NSW,920437.0,255677.0,,,228.0,0.0,,NEM,Hydro,,2017
GSP ENERGY PTY LTD,Keepit Power Station,F,NSW,21499.0,5972.0,,,7.0,0.0,,NEM,Hydro,,2017
GSP ENERGY PTY LTD,Corporate Total,C,,1327025.0,368618.0,,,249.0,,,,,,2017
HWF HOLDCO 1 PTY LTD,HWF1 Pty Ltd,F,SA,1101682.0,306023.0,,,169.0,,,NEM,Wind,,2017
HWF HOLDCO 1 PTY LTD,Corporate Total,C,,1101682.0,306023.0,,,169.0,,,,,,2017
HWF HOLDCO 2 PTY LTD,HWF2 Pty Ltd,F,SA,290242.0,80623.0,,,193.0,,,NEM,Wind,,2017
HWF HOLDCO 2 PTY LTD,Corporate Total,C,,290242.0,80623.0,,,193.0,,,,,,2017
HYDRO POWER PTY LIMITED,Wyangala A,F,NSW,255473.0,70965.0,,,4.0,,,NEM,Hydro,,2017
HYDRO POWER PTY LIMITED,Wyangala B,F,NSW,40485.0,11246.0,,,1.0,,,NEM,Hydro,,2017
HYDRO POWER PTY LIMITED,Corporate Total,C,,295958.0,82211.0,,,5.0,,,,,,2017
HYDRO-ELECTRIC CORPORATION,Bastyan Hydro Power Station,F,TAS,1385273.0,384798.0,,,13.0,,,NEM,Hydro,,2017
HYDRO-ELECTRIC CORPORATION,Butlers Gorge Hydro Power Station,F,TAS,335625.0,93229.0,,,0.0,,,NEM,Hydro,,2017
HYDRO-ELECTRIC CORPORATION,Catagunya Hydro Power Station,F,TAS,807916.0,224421.0,,,17.0,,,NEM,Hydro,,2017
HYDRO-ELECTRIC CORPORATION,Cethana Hydro Power Station,F,TAS,1490365.0,413990.0,,,289.0,,,NEM,Hydro,,2017
HYDRO-ELECTRIC CORPORATION,Cluny Hydro Power Station,F,TAS,224824.0,62451.0,,,16.0,,,NEM,Hydro,,2017
HYDRO-ELECTRIC CORPORATION,Devils Gate Hydro Power Station,F,TAS,1033979.0,287216.0,,,15.0,,,NEM,Hydro,,2017
HYDRO-ELECTRIC CORPORATION,Fisher Hydro Power Station,F,TAS,855250.0,237569.0,,,2.0,,,NEM,Hydro,,2017
HYDRO-ELECTRIC CORPORATION,Flinders Island Power Station,F,TAS,18871.0,5242.0,,,2877.0,0.55,,Off-grid,Wind,,2017
HYDRO-ELECTRIC CORPORATION,Gordon Hydro Power Station,F,TAS,1452235.0,403399.0,,,42.0,,,NEM,Hydro,,2017
HYDRO-ELECTRIC CORPORATION,John Butters Hydro Power Station,F,TAS,2655511.0,737642.0,,,306.0,,,NEM,Hydro,,2017
HYDRO-ELECTRIC CORPORATION,King Island Power Station,F,TAS,48448.0,13458.0,,,4972.0,0.37,,Off-grid,Wind,,2017
HYDRO-ELECTRIC CORPORATION,Lake Echo Hydro Power Station,F,TAS,193964.0,53879.0,,,15.0,,,NEM,Hydro,,2017
HYDRO-ELECTRIC CORPORATION,Lake Margaret Lower Hydro Power station,F,TAS,52882.0,14689.0,,,1.0,,,NEM,Hydro,,2017
HYDRO-ELECTRIC CORPORATION,Lake Margaret Upper Hydro Power Station,F,TAS,173263.0,48129.0,,,3.0,,,NEM,Hydro,,2017
HYDRO-ELECTRIC CORPORATION,Lemonthyme Hydro Power Station,F,TAS,1031538.0,286538.0,,,31.0,,,NEM,Hydro,,2017
HYDRO-ELECTRIC CORPORATION,Liapootah Hydro Power Station,F,TAS,1566498.0,435138.0,,,141.0,,,NEM,Hydro,,2017
HYDRO-ELECTRIC CORPORATION,Mackintosh Hydro Power Station,F,TAS,1451576.0,403216.0,,,110.0,,,NEM,Hydro,,2017
HYDRO-ELECTRIC CORPORATION,Meadowbank Hydro Power Station,F,TAS,663229.0,184230.0,,,15.0,,,NEM,Hydro,,2017
HYDRO-ELECTRIC CORPORATION,Paloona Hydro Power Station,F,TAS,159861.0,44406.0,,,17.0,,,NEM,Hydro,,2017
HYDRO-ELECTRIC CORPORATION,Parangana Hydro Power Station,F,TAS,12237.0,3399.0,,,0.0,,,NEM,Hydro,,2017
HYDRO-ELECTRIC CORPORATION,Poatina Hydro Power Station,F,TAS,2714509.0,754030.0,,,1202.0,,,NEM,Hydro,,2017
HYDRO-ELECTRIC CORPORATION,Reece Hydro Power Station,F,TAS,3712991.0,1031386.0,,,1209.0,,,NEM,Hydro,,2017
HYDRO-ELECTRIC CORPORATION,Repulse Hydro Power Station,F,TAS,519283.0,144245.0,,,7.0,,,NEM,Hydro,,2017
HYDRO-ELECTRIC CORPORATION,Rowallan Hydro Power Station,F,TAS,179703.0,49918.0,,,0.0,,,NEM,Hydro,,2017
HYDRO-ELECTRIC CORPORATION,Tamar Valley Power Station,F,TAS,2857809.0,793836.0,,,329551.0,0.41,,NEM,Gas,,2017
HYDRO-ELECTRIC CORPORATION,Tarraleah Hydro Power Station,F,TAS,1983754.0,551043.0,,,73.0,,,NEM,Hydro,,2017
HYDRO-ELECTRIC CORPORATION,Tods Corner Hydro Power Station,F,TAS,4551.0,1264.0,,,6.0,,,NEM,Hydro,,2017
HYDRO-ELECTRIC CORPORATION,Trevallyn Hydro Power Station,F,TAS,1582470.0,439575.0,,,36.0,,,NEM,Hydro,,2017
HYDRO-ELECTRIC CORPORATION,Tribute Hydro Power Station,F,TAS,884013.0,245559.0,,,37.0,,,NEM,Hydro,,2017
HYDRO-ELECTRIC CORPORATION,Tungatinah Hydro Power Station,F,TAS,1914728.0,531869.0,,,90.0,,,NEM,Hydro,,2017
HYDRO-ELECTRIC CORPORATION,Wayatinah Hydro Power Station,F,TAS,836056.0,232238.0,,,26.0,,,NEM,Hydro,,2017
HYDRO-ELECTRIC CORPORATION,Wilmot Hydro Power Station,F,TAS,479617.0,133227.0,,,32.0,,,NEM,Hydro,,2017
HYDRO-ELECTRIC CORPORATION,Corporate Total,C,,33282829.0,9245230.0,,,341151.0,,,,,,2017
INFIGEN ENERGY LIMITED,Alinta Wind Farm,F,WA,1244260.0,345628.0,,,537.0,0.0,,SWIS,Wind,,2017
INFIGEN ENERGY LIMITED,Capital East Solar Farm,F,NSW,350.0,97.0,,,6.0,,,NEM,Solar,,2017
INFIGEN ENERGY LIMITED,Capital Wind Farm,F,NSW,1276714.0,354643.0,,,1069.0,0.0,,NEM,Wind,,2017
INFIGEN ENERGY LIMITED,"Lake Bonney Stage 1,2 & 3 Wind Farm",F,SA,2400179.0,666716.0,,,908.0,0.0,,NEM,Wind,,2017
INFIGEN ENERGY LIMITED,Woodlawn Wind Farm,F,NSW,528884.0,146912.0,,,446.0,0.0,,NEM,Wind,,2017
INFIGEN ENERGY LIMITED,Corporate Total,C,,5450387.0,1513996.0,,,2966.0,,,,,,2017
IPM (KWINANA) PTY LTD,Kwinana Cogeneration Plant,F,WA,3076434.0,854565.0,,,471033.0,0.55,,SWIS,Gas,,2017
IPM (KWINANA) PTY LTD,Corporate Total,C,,3076434.0,854565.0,,,471033.0,,,,,,2017
IPM AUSTRALIA LIMITED,Loy Yang B Power Station,F,VIC,30860120.0,8572256.0,,,9634137.0,1.12,,NEM,Brown Coal,,2017
IPM AUSTRALIA LIMITED,Corporate Total,C,,30860120.0,8572256.0,,,9634137.0,,,,,,2017
KIAMCO FORESIGHT HANWHA BARCALDINE 1 PTY LTD,Barcaldine Remote Community Solar Farm Pty Ltd,F,QLD,19343.0,5373.0,,,0.0,0.0,,NEM,Solar,,2017
KIAMCO FORESIGHT HANWHA BARCALDINE 1 PTY LTD,Corporate Total,C,,19343.0,5373.0,,,0.0,,,,,,2017
LMS ENERGY PTY LTD,Albury Renewable Energy Facility,F,NSW,30891.0,8581.0,,,467.0,0.05,,NEM,Landfill Gas,,2017
LMS ENERGY PTY LTD,Atlas Renewable Energy Facility,F,WA,12216.0,3393.0,,,201.0,0.06,,SWIS,Landfill Gas,,2017
LMS ENERGY PTY LTD,Awaba Renewable Energy Facility,F,NSW,29108.0,8086.0,,,441.0,0.05,,NEM,Landfill Gas,,2017
LMS ENERGY PTY LTD,Ballarat Renewable Energy Facility,F,VIC,23988.0,6663.0,,,370.0,0.06,,NEM,Landfill Gas,,2017
LMS ENERGY PTY LTD,Bendigo Renewable Energy Facility,F,VIC,15082.0,4189.0,,,231.0,0.06,,NEM,Solar,,2017
LMS ENERGY PTY LTD,Birkdale Renewable Energy Facility,F,QLD,20896.0,5804.0,,,331.0,0.06,,NEM,Landfill Gas,,2017
LMS ENERGY PTY LTD,Darwin Renewable Energy Facility,F,NT,27404.0,7612.0,,,464.0,0.06,,DKIS,Landfill Gas,,2017
LMS ENERGY PTY LTD,Eastern Creek 2 Renewable Energy Facility,F,NSW,219511.0,60975.0,,,3198.0,0.05,,NEM,Landfill Gas,,2017
LMS ENERGY PTY LTD,Hampton Park Renewable Energy Facility,F,VIC,210436.0,58454.0,,,3059.0,0.05,,NEM,Landfill Gas,,2017
LMS ENERGY PTY LTD,Ipswich Renewable Energy Facility,F,QLD,22832.0,6342.0,,,351.0,0.06,,NEM,Landfill Gas,,2017
LMS ENERGY PTY LTD,Mornington Peninsula Renewable Energy Facility,F,VIC,22817.0,6338.0,,,359.0,0.06,,NEM,Landfill Gas,,2017
LMS ENERGY PTY LTD,Newcastle Renewable Energy Facility,F,NSW,61185.0,16996.0,,,912.0,0.05,,NEM,Landfill Gas,,2017
LMS ENERGY PTY LTD,Remount Renewable Energy Facility,F,TAS,45194.0,12554.0,,,695.0,0.06,,NEM,Landfill Gas,,2017
LMS ENERGY PTY LTD,Rochedale Renewable Energy Facility,F,QLD,128337.0,35649.0,,,1932.0,0.05,,NEM,Landfill Gas,,2017
LMS ENERGY PTY LTD,Shepparton Renewable Energy Facility,F,VIC,20182.0,5606.0,,,313.0,0.06,,NEM,Landfill Gas,,2017
LMS ENERGY PTY LTD,South Cardup Renewable Energy Facility,F,WA,90475.0,25132.0,,,1406.0,0.06,,SWIS,Landfill Gas,,2017
LMS ENERGY PTY LTD,Stapylton Renewable Energy Facility,F,QLD,50235.0,13954.0,,,788.0,0.06,,NEM,Landfill Gas,,2017
LMS ENERGY PTY LTD,Swanbank Renewable Energy Facility,F,QLD,45738.0,12705.0,,,692.0,0.05,,NEM,Landfill Gas,,2017
LMS ENERGY PTY LTD,Wollert Renewable Energy Facility,F,VIC,198207.0,55058.0,,,3041.0,0.06,,NEM,Landfill Gas,,2017
LMS ENERGY PTY LTD,Wyndham Renewable Energy Facility,F,VIC,53261.0,14795.0,,,753.0,0.05,,NEM,Landfill Gas,,2017
LMS ENERGY PTY LTD,Wyong Renewable Energy Facility,F,NSW,65422.0,18173.0,,,999.0,0.05,,NEM,Landfill Gas,,2017
LMS ENERGY PTY LTD,Corporate Total,C,,1393417.0,387060.0,,,21003.0,,,,,,2017
MERIDIAN ENERGY AUSTRALIA PTY LTD,Mt Mercer Wind farm Pty Ltd,F,VIC,1304419.0,362339.0,,,87.0,0.0,,NEM,Wind,,2017
MERIDIAN ENERGY AUSTRALIA PTY LTD,Mt Millar Wind Farm Pty Ltd,F,SA,577001.0,160278.0,,,41.0,0.0,,NEM,Wind,,2017
MERIDIAN ENERGY AUSTRALIA PTY LTD,Corporate Total,C,,1881420.0,522617.0,,,128.0,,,,,,2017
MOMENTUM ENERGY PTY LIMITED,Alfred Hospital Cogeneration Plant,F,VIC,50502.0,14028.0,,,14223.0,0.98,,NEM,Gas,,2017
MOMENTUM ENERGY PTY LIMITED,Dandenong Hospital Cogeneration Plant,F,VIC,45092.0,12526.0,,,11388.0,0.88,,NEM,Gas,,2017
MOMENTUM ENERGY PTY LIMITED,Geelong Hospital Cogeneration Plant,F,VIC,50091.0,13914.0,,,12734.0,0.88,,NEM,Gas,,2017
MOMENTUM ENERGY PTY LIMITED,Royal Melbourne Hospital Cogeneration Plant,F,VIC,110483.0,30690.0,,,26844.0,0.86,,NEM,Gas,,2017
MOMENTUM ENERGY PTY LIMITED,ST. Vincent’s Hospital Cogeneration Plant,F,VIC,46606.0,12946.0,,,13656.0,1.02,,NEM,Gas,,2017
MOMENTUM ENERGY PTY LIMITED,Corporate Total,C,,302774.0,84104.0,,,78845.0,,,,,,2017
MORTONS LANE WIND FARM (HOLDING) PTY LTD,Mortons Lane Windfarm Pty Ltd,F,VIC,219403.0,60945.0,,,49.0,,,NEM,Wind,,2017
MORTONS LANE WIND FARM (HOLDING) PTY LTD,Corporate Total,C,,219403.0,60945.0,,,49.0,,,,,,2017
NATIONAL POWER AUSTRALIA INVESTMENTS LIMITED,Hazelwood Power Station,F,VIC,27720747.0,7700208.0,,,10969387.0,1.41,,NEM,Brown Coal,,2017
NATIONAL POWER AUSTRALIA INVESTMENTS LIMITED,Corporate Total,C,,27720747.0,7700208.0,,,10969387.0,,,,,,2017
NEW GULLEN RANGE WIND FARM  (HOLDING) PTY LTD,New Gullen Range Wind Farm Pty Ltd,F,NSW,1704291.0,473414.0,,,453.0,,,NEM,Wind,,2017
NEW GULLEN RANGE WIND FARM  (HOLDING) PTY LTD,Corporate Total,C,,1704291.0,473414.0,,,453.0,,,,,,2017
NEWGEN KWINANA HOLDINGS PTY LTD,Kwinana Gas Fired Power Station,F,WA,7774909.0,2159697.0,,,846107.0,0.39,,SWIS,Gas,,2017
NEWGEN KWINANA HOLDINGS PTY LTD,Corporate Total,C,,7774909.0,2159697.0,,,846107.0,,,,,,2017
NRG VICTORIA 1 PTY LTD,Gladstone Power Station,F,QLD,23985396.0,6662610.0,,,6442894.0,0.96,,NEM,Black Coal,,2017
NRG VICTORIA 1 PTY LTD,Corporate Total,C,,23985396.0,6662610.0,,,6442894.0,,,,,,2017
ONSLOW ELECTRIC POWER PTY LTD,Onslow Power Station,F,WA,47816.0,13282.0,,,7615.0,0.57,,Off-grid,Gas,,2017
ONSLOW ELECTRIC POWER PTY LTD,Corporate Total,C,,47816.0,13282.0,,,7615.0,,,,,,2017
ORIGIN ENERGY LIMITED,Australand,F,NSW,4469.0,1241.0,,,790.0,0.59,,NEM,Gas,,2017
ORIGIN ENERGY LIMITED,Ballarat Solar Park,F,VIC,1589.0,441.0,,,2.0,,,NEM,Solar,,2017
ORIGIN ENERGY LIMITED,Bendigo Solar Park,F,VIC,1776.0,493.0,,,3.0,,,NEM,Solar,,2017
ORIGIN ENERGY LIMITED,Blackmores,F,NSW,4564.0,1268.0,,,969.0,0.72,,NEM,Gas,,2017
ORIGIN ENERGY LIMITED,Bond,F,NSW,3566.0,991.0,,,598.0,0.56,,NEM,Gas,,2017
ORIGIN ENERGY LIMITED,Chifley Square,F,NSW,3168.0,880.0,,,509.0,0.54,,NEM,Gas,,2017
ORIGIN ENERGY LIMITED,Cullerin Wind Farm,F,NSW,16723.0,4645.0,,,10.0,0.0,,NEM,Wind,,2017
ORIGIN ENERGY LIMITED,Dandenong,F,VIC,10577.0,2938.0,,,1984.0,0.61,,NEM,Gas,,2017
ORIGIN ENERGY LIMITED,Darling Downs Power Station,F,QLD,12034608.0,3342947.0,,,1397750.0,0.42,,NEM,Gas,,2017
ORIGIN ENERGY LIMITED,Drapac,F,VIC,2386.0,663.0,,,459.0,0.64,,NEM,Gas,,2017
ORIGIN ENERGY LIMITED,Eraring Power Station,F,NSW,53976488.0,14993469.0,,,12918969.0,0.86,,NEM,Black Coal,,2017
ORIGIN ENERGY LIMITED,Exhibition Street,F,VIC,7923.0,2201.0,,,1348.0,0.56,,NEM,Gas,,2017
ORIGIN ENERGY LIMITED,Kent Street,F,NSW,12601.0,3500.0,,,1883.0,0.5,,NEM,Gas,,2017
ORIGIN ENERGY LIMITED,La Trobe,F,VIC,2395.0,665.0,,,440.0,0.61,,NEM,Gas,,2017
ORIGIN ENERGY LIMITED,Ladbroke Grove Power Station,F,SA,760128.0,211147.0,,,110282.0,0.52,,NEM,Gas,,2017
ORIGIN ENERGY LIMITED,Mirvac,F,NSW,15564.0,4323.0,,,2561.0,0.55,,NEM,Gas,,2017
ORIGIN ENERGY LIMITED,Mortlake Power Station,F,VIC,3970503.0,1102918.0,,,614867.0,0.55,,NEM,Gas,,2017
ORIGIN ENERGY LIMITED,Mount,F,NSW,6896.0,1916.0,,,1154.0,0.56,,NEM,Gas,,2017
ORIGIN ENERGY LIMITED,Mt Stuart Power Station,F,QLD,264268.0,73408.0,,,74708.0,0.97,,NEM,Kerosene,,2017
ORIGIN ENERGY LIMITED,Quarantine Power Station,F,SA,950501.0,264028.0,,,173596.0,0.65,,NEM,Gas,,2017
ORIGIN ENERGY LIMITED,Roma Power Station,F,QLD,150261.0,41739.0,,,28029.0,0.65,,NEM,Gas,,2017
ORIGIN ENERGY LIMITED,Shoalhaven Scheme,F,NSW,421872.0,117187.0,,,124409.0,0.0,,NEM,Hydro,,2017
ORIGIN ENERGY LIMITED,Stockland Headquarters,F,NSW,5244.0,1457.0,,,910.0,0.58,,NEM,Gas,,2017
ORIGIN ENERGY LIMITED,University of NSW,F,NSW,8388.0,2330.0,,,1556.0,0.63,,NEM,Gas,,2017
ORIGIN ENERGY LIMITED,Uranquinty Power Station,F,NSW,2291037.0,636399.0,,,393507.0,0.61,,NEM,Gas,,2017
ORIGIN ENERGY LIMITED,Corporate Total,C,,74927495.0,20813193.0,,,15851293.0,,,,,,2017
OZGEN HOLDINGS AUSTRALIA PTY LTD,Callide C Power Station (facility),F,QLD,19596920.0,5443589.0,,,4919182.0,0.9,,NEM,Black Coal,"Please note that in some circumstances Joint Venture partners are required to report a full amount for each facility they have in a Joint Venture. This results in that facility appearing twice. The identified Joint Venture participants have each included the same data for the Callide C Power Station in their NGER reports. This is because neither participant had the greatest ability to introduce and implement the operating and environmental policies in relation to the facility, and a nomination of operational control has not been made.",2017
OZGEN HOLDINGS AUSTRALIA PTY LTD,Millmerran Power Station (facility),F,QLD,23790805.0,6608557.0,,,5413009.0,0.82,,NEM,Black Coal,,2017
OZGEN HOLDINGS AUSTRALIA PTY LTD,Corporate Total,C,,43387725.0,12052146.0,,,10332191.0,,,,,,2017
PELICAN POINT POWER LIMITED,Pelican Point Power Station,F,SA,4354648.0,1209624.0,,,497611.0,0.41,,NEM,Gas,,2017
PELICAN POINT POWER LIMITED,Corporate Total,C,,4354648.0,1209624.0,,,497611.0,,,,,,2017
PERTH ENERGY PTY LTD,Kwinana Swift Power Station,F,WA,207676.0,57688.0,,,34248.0,0.58,,SWIS,Gas,,2017
PERTH ENERGY PTY LTD,Merredin Energy Power Station,F,WA,1591.0,442.0,,,997.0,1.07,,SWIS,Gas,,2017
PERTH ENERGY PTY LTD,Corporate Total,C,,209267.0,58130.0,,,35245.0,,,,,,2017
PILBARA IRON PTY LTD,Paraburdoo Power Station,F,WA,1963896.0,545527.0,,,288580.0,0.53,,NWIS,Gas,,2017
PILBARA IRON PTY LTD,West Angelas Power Station,F,WA,1368795.0,380221.0,,,205655.0,0.54,,NWIS,Gas,,2017
PILBARA IRON PTY LTD,Yurralyi Maya Power Station,F,WA,2722389.0,756219.0,,,414906.0,0.55,,NWIS,Gas,,2017
PILBARA IRON PTY LTD,Corporate Total,C,,6055080.0,1681967.0,,,909141.0,,,,,,2017
PIONEER SAIL HOLDINGS PTY LIMITED,Bairnsdale Power Station,F,VIC,606688.0,168524.0,,,94392.0,0.55,,NEM,Gas,,2017
PIONEER SAIL HOLDINGS PTY LIMITED,Braemar Power Station,F,QLD,2339088.0,649747.0,,,382051.0,0.59,,NEM,Coal Seam Methane,,2017
PIONEER SAIL HOLDINGS PTY LIMITED,Newman Power Station,F,WA,673735.0,187149.0,,,159852.0,0.85,,Off-grid,Gas,,2017
PIONEER SAIL HOLDINGS PTY LIMITED,Port Hedland Power Station,F,WA,1731988.0,481108.0,,,375138.0,0.78,,NWIS,Gas,,2017
PIONEER SAIL HOLDINGS PTY LIMITED,Wagerup Power Station,F,WA,181385.0,50385.0,,,30949.0,0.6,,SWIS,Gas,,2017
PIONEER SAIL HOLDINGS PTY LIMITED,Corporate Total,C,,5532884.0,1536912.0,,,1042382.0,,,,,,2017
POWER AND WATER CORPORATION,Alpurrurulam (Lake Nash),F,NT,6644.0,1846.0,,,1191.0,0.65,,Off-grid,Diesel,,2017
POWER AND WATER CORPORATION,Amanbidgi (Kildurk),F,NT,973.0,270.0,,,256.0,0.95,,Off-grid,Diesel,,2017
POWER AND WATER CORPORATION,"Ampilatwatja (Alparra, Ammaroo)",F,NT,12042.0,3345.0,,,2373.0,0.71,,Off-grid,Diesel,,2017
POWER AND WATER CORPORATION,Amunturangu (Mount Liebig),F,NT,2732.0,759.0,,,604.0,0.8,,Off-grid,Diesel,,2017
POWER AND WATER CORPORATION,Aputula (Finke),F,NT,3616.0,1004.0,,,720.0,0.72,,Off-grid,Diesel,,2017
POWER AND WATER CORPORATION,Areyonga (Utju),F,NT,3880.0,1078.0,,,757.0,0.7,,Off-grid,Diesel,,2017
POWER AND WATER CORPORATION,Atitjere (Harts Range),F,NT,3124.0,868.0,,,649.0,0.75,,Off-grid,Diesel,,2017
POWER AND WATER CORPORATION,Borroloola Generation,F,NT,22837.0,6344.0,,,4358.0,0.69,,Off-grid,Diesel,,2017
POWER AND WATER CORPORATION,Bulla Camp,F,NT,1521.0,423.0,,,398.0,0.94,,Off-grid,Diesel,,2017
POWER AND WATER CORPORATION,Bulman,F,NT,4397.0,1221.0,,,934.0,0.76,,Off-grid,Diesel,,2017
POWER AND WATER CORPORATION,Daly Waters Generation,F,NT,3758.0,1044.0,,,792.0,0.76,,Off-grid,Diesel,,2017
POWER AND WATER CORPORATION,Elliot Generation,F,NT,9731.0,2703.0,,,1927.0,0.71,,Off-grid,Gas,,2017
POWER AND WATER CORPORATION,Engawala (Alcoota),F,NT,1971.0,548.0,,,435.0,0.79,,Off-grid,Diesel,,2017
POWER AND WATER CORPORATION,Epenarra (Wutunugurra),F,NT,2460.0,683.0,,,579.0,0.85,,Off-grid,Diesel,,2017
POWER AND WATER CORPORATION,Eva Valley,F,NT,1287.0,358.0,,,316.0,0.88,,Off-grid,Diesel,,2017
POWER AND WATER CORPORATION,Galiwinku (Elcho Island),F,NT,25276.0,7021.0,,,4994.0,0.71,,Off-grid,Diesel,,2017
POWER AND WATER CORPORATION,Gapuwiyak (Lake Evella),F,NT,10460.0,2906.0,,,2107.0,0.73,,Off-grid,Diesel,,2017
POWER AND WATER CORPORATION,Gunbalanya (Oenpelli),F,NT,17934.0,4982.0,,,3557.0,0.71,,Off-grid,Diesel,,2017
POWER AND WATER CORPORATION,Ikuntji (Haasts Bluff),F,NT,2613.0,726.0,,,579.0,0.8,,Off-grid,Diesel,,2017
POWER AND WATER CORPORATION,Imangara (Murray Downs),F,NT,1052.0,292.0,,,243.0,0.83,,Off-grid,Diesel,,2017
POWER AND WATER CORPORATION,Imanpa (Mount Ebenezer),F,NT,2088.0,580.0,,,457.0,0.79,,Off-grid,Diesel,,2017
POWER AND WATER CORPORATION,Kalkaringi (Wave Hill),F,NT,10820.0,3006.0,,,1727.0,0.57,,Off-grid,Diesel,,2017
POWER AND WATER CORPORATION,Kaltukatjara (Docker River),F,NT,5227.0,1452.0,,,1042.0,0.72,,Off-grid,Diesel,,2017
POWER AND WATER CORPORATION,Lajamanu (Hooker Creek),F,NT,10601.0,2945.0,,,2112.0,0.72,,Off-grid,Diesel,,2017
POWER AND WATER CORPORATION,Laramba (Napperby),F,NT,3361.0,934.0,,,685.0,0.73,,Off-grid,Diesel,,2017
POWER AND WATER CORPORATION,Maningrida,F,NT,32108.0,8919.0,,,5945.0,0.67,,Off-grid,Diesel,,2017
POWER AND WATER CORPORATION,Milikapiti (Snake Bay),F,NT,7535.0,2093.0,,,1583.0,0.76,,Off-grid,Diesel,,2017
POWER AND WATER CORPORATION,Milingimbi,F,NT,13208.0,3669.0,,,2724.0,0.74,,Off-grid,Diesel,,2017
POWER AND WATER CORPORATION,Milyakburra (Bickerton Island),F,NT,3398.0,944.0,,,690.0,0.73,,Off-grid,Diesel,,2017
POWER AND WATER CORPORATION,Minjilang (Croker Island),F,NT,4646.0,1291.0,,,989.0,0.77,,Off-grid,Diesel,,2017
POWER AND WATER CORPORATION,Minyerri (Hodgson Downs),F,NT,8125.0,2257.0,,,1652.0,0.73,,Off-grid,Diesel,,2017
POWER AND WATER CORPORATION,Nauiyu Nambiyu (Daly River),F,NT,11173.0,3104.0,,,2178.0,0.7,,Off-grid,Diesel,,2017
POWER AND WATER CORPORATION,Nguiu (Bathurst Island),F,NT,23428.0,6508.0,,,4766.0,0.73,,Off-grid,Diesel,,2017
POWER AND WATER CORPORATION,Ngukurr (Roper River),F,NT,16463.0,4573.0,,,3306.0,0.72,,Off-grid,Diesel,,2017
POWER AND WATER CORPORATION,Numbulwar (Rose River),F,NT,10912.0,3031.0,,,2134.0,0.7,,Off-grid,Diesel,,2017
POWER AND WATER CORPORATION,Nyirripi (Waite Creek),F,NT,3525.0,979.0,,,687.0,0.7,,Off-grid,Diesel,,2017
POWER AND WATER CORPORATION,Orwaitilla (Canteen Creek),F,NT,3462.0,962.0,,,679.0,0.71,,Off-grid,Diesel,,2017
POWER AND WATER CORPORATION,Palumpa,F,NT,5511.0,1531.0,,,1072.0,0.7,,Off-grid,Diesel,,2017
POWER AND WATER CORPORATION,Papunya,F,NT,6784.0,1884.0,,,1359.0,0.72,,Off-grid,Diesel,,2017
POWER AND WATER CORPORATION,Peppimenarti,F,NT,4349.0,1208.0,,,873.0,0.72,,Off-grid,Diesel,,2017
POWER AND WATER CORPORATION,Pidgeon Hole,F,NT,1779.0,494.0,,,384.0,0.78,,Off-grid,Diesel,,2017
POWER AND WATER CORPORATION,Pirlangimpi (Garden Point),F,NT,7236.0,2010.0,,,1611.0,0.8,,Off-grid,Diesel,,2017
POWER AND WATER CORPORATION,Ramingining,F,NT,11618.0,3227.0,,,2173.0,0.67,,Off-grid,Diesel,,2017
POWER AND WATER CORPORATION,Robinson River,F,NT,3819.0,1061.0,,,787.0,0.74,,Off-grid,Diesel,,2017
POWER AND WATER CORPORATION,Tara (Neutral Junction),F,NT,1169.0,325.0,,,286.0,0.88,,Off-grid,Diesel,,2017
POWER AND WATER CORPORATION,Ti Tree Generation,F,NT,8793.0,2443.0,,,1588.0,0.65,,Off-grid,Diesel,,2017
POWER AND WATER CORPORATION,Timber Creek,F,NT,10380.0,2883.0,,,2072.0,0.72,,Off-grid,Diesel,,2017
POWER AND WATER CORPORATION,Titjikala (Maryvale),F,NT,4005.0,1113.0,,,765.0,0.69,,Off-grid,Diesel,,2017
POWER AND WATER CORPORATION,Umbakumba,F,NT,9472.0,2631.0,,,2021.0,0.77,,Off-grid,Diesel,,2017
POWER AND WATER CORPORATION,Wadeye (Port Keats),F,NT,33912.0,9420.0,,,6064.0,0.64,,Off-grid,Gas,,2017
POWER AND WATER CORPORATION,Walungurru (Kintore),F,NT,6320.0,1756.0,,,1278.0,0.73,,Off-grid,Diesel,,2017
POWER AND WATER CORPORATION,Warruwi (Goulburn Is),F,NT,6823.0,1895.0,,,1300.0,0.69,,Off-grid,Diesel,,2017
POWER AND WATER CORPORATION,Wilora (Stirling),F,NT,1053.0,293.0,,,256.0,0.88,,Off-grid,Diesel,,2017
POWER AND WATER CORPORATION,Wirliyatjarrayi (Willowra),F,NT,3195.0,888.0,,,633.0,0.71,,Off-grid,Diesel,,2017
POWER AND WATER CORPORATION,Yarralin,F,NT,4951.0,1375.0,,,985.0,0.72,,Off-grid,Diesel,,2017
POWER AND WATER CORPORATION,Yuendumu,F,NT,18637.0,5177.0,,,3576.0,0.69,,Off-grid,Diesel,,2017
POWER AND WATER CORPORATION,Corporate Total,C,,458194.0,127276.0,,,90208.0,,,,,,2017
POWER GENERATION CORPORATION,Channel Island Power Station,F,NT,3742098.0,1039472.0,,,612232.0,0.59,,DKIS,Gas,,2017
POWER GENERATION CORPORATION,Katherine Power Station,F,NT,87456.0,24293.0,,,17816.0,0.73,,DKIS,Gas,,2017
POWER GENERATION CORPORATION,Kings Canyon,F,NT,3146.0,874.0,,,699.0,0.8,,Off-grid,Solar,,2017
POWER GENERATION CORPORATION,Owen Springs Power Station,F,NT,306838.0,85233.0,,,50040.0,0.59,,Off-grid,Gas,,2017
POWER GENERATION CORPORATION,Ron Goodin Power Station,F,NT,409961.0,113878.0,,,83638.0,0.73,,Off-grid,Gas,,2017
POWER GENERATION CORPORATION,Tennant Creek Power Station,F,NT,105849.0,29403.0,,,21094.0,0.72,,Off-grid,Gas,,2017
POWER GENERATION CORPORATION,Weddell Power Station,F,NT,1368227.0,380063.0,,,220184.0,0.58,,DKIS,Gas,,2017
POWER GENERATION CORPORATION,Yulara Power Station,F,NT,71586.0,19885.0,,,13173.0,0.66,,Off-grid,Gas,,2017
POWER GENERATION CORPORATION,Corporate Total,C,,6095161.0,1693100.0,,,1018876.0,,,,,,2017
PRATT CONSOLIDATED HOLDINGS PTY. LTD.,Visy Energy - Coolaroo Co-gen,F,VIC,65844.0,18290.0,,,40277.0,1.52,,NEM,Biofuel,,2017
PRATT CONSOLIDATED HOLDINGS PTY. LTD.,Corporate Total,C,,65844.0,18290.0,,,40277.0,,,,,,2017
QGC UPSTREAM INVESTMENTS PTY LTD,Condamine Power Station,F,QLD,3458848.0,960791.0,,,388742.0,0.4,,NEM,Gas,,2017
QGC UPSTREAM INVESTMENTS PTY LTD,Corporate Total,C,,3458848.0,960791.0,,,388742.0,,,,,,2017
RATCH - AUSTRALIA CORPORATION LIMITED,Kemerton Power Station,F,WA,387969.0,107769.0,,,74562.0,0.67,,SWIS,Gas,,2017
RATCH - AUSTRALIA CORPORATION LIMITED,Starfish Hill Wind Farm,F,SA,229802.0,63834.0,,,117.0,0.0,,NEM,Wind,,2017
RATCH - AUSTRALIA CORPORATION LIMITED,Toora Wind Farm,F,VIC,178252.0,49514.0,,,259.0,0.0,,NEM,Wind,,2017
RATCH - AUSTRALIA CORPORATION LIMITED,Townsville Power Station,F,QLD,1888370.0,524547.0,,,229293.0,0.43,,NEM,Gas,,2017
RATCH - AUSTRALIA CORPORATION LIMITED,Windy Hill Wind Farm,F,QLD,100175.0,27826.0,,,45.0,0.0,,NEM,Wind,,2017
RATCH - AUSTRALIA CORPORATION LIMITED,Corporate Total,C,,2784568.0,773491.0,,,304276.0,,,,,,2017
REGIONAL POWER CORPORATION,Carnarvon Power Station & Distribution network,F,WA,148468.0,41241.0,,,24958.0,0.61,,Off-grid,Gas,,2017
REGIONAL POWER CORPORATION,Denham Power Station & Denham Distribution network,F,WA,11365.0,3157.0,,,2275.0,0.72,,Off-grid,Diesel,,2017
REGIONAL POWER CORPORATION,Kalumburu Power Station & Distribution network,F,WA,8173.0,2270.0,,,1524.0,0.67,,Off-grid,Diesel,,2017
REGIONAL POWER CORPORATION,Kununurra Power Station & Kununurra Distribution network,F,WA,892.0,248.0,,,356.0,1.44,,Off-grid,Diesel,,2017
REGIONAL POWER CORPORATION,Marble Bar Power Station & Marble Bar Distribution network,F,WA,8245.0,2290.0,,,1193.0,0.52,,Off-grid,Diesel,,2017
REGIONAL POWER CORPORATION,Murchison Radio Astronomy Power Station and Distribution Network,F,WA,8655.0,2404.0,,,1553.0,0.65,,Off-grid,Diesel,,2017
REGIONAL POWER CORPORATION,Nullagine Power Station & Nullagine Distribution network,F,WA,4009.0,1114.0,,,616.0,0.55,,Off-grid,Diesel,,2017
REGIONAL POWER CORPORATION,Onslow Power Station Horizon Power back-up & Onslow Distribtion Network,F,WA,23574.0,6548.0,,,4927.0,0.67,,Off-grid,Gas,,2017
REGIONAL POWER CORPORATION,South Hedland Temporary Generation Power Station,F,WA,210673.0,58520.0,,,39885.0,0.68,,NWIS,Gas,,2017
REGIONAL POWER CORPORATION,Wyndham Power Station & Distribution network,F,WA,513.0,143.0,,,115.0,0.81,,Off-grid,Diesel,,2017
REGIONAL POWER CORPORATION,Yungngora Power Station & Yungngora Distribution Network,F,WA,5507.0,1530.0,,,872.0,0.57,,Off-grid,Diesel,,2017
REGIONAL POWER CORPORATION,Corporate Total,C,,430074.0,119465.0,,,78274.0,,,,,,2017
RENEWABLE POWER AUSTRALIA LIMITED,FPC Green Energy,F,QLD,150137.0,41705.0,,,3561.0,0.04,,NEM,Biofuel,,2017
RENEWABLE POWER AUSTRALIA LIMITED,Corporate Total,C,,150137.0,41705.0,,,3561.0,,,,,,2017
SANTOS LIMITED,Wilga Park Power Station,F,NSW,322671.0,89631.0,,,49679.0,0.55,,NEM,Coal Seam Methane,,2017
SANTOS LIMITED,Corporate Total,C,,322671.0,89631.0,,,49679.0,,,,,,2017
SHENHUA CLEAN ENERGY HOLDINGS PTY LIMITED,Musselroe Wind Farm Pty Ltd,F,TAS,2166190.0,601719.0,,,308.0,0.0,,NEM,Wind,,2017
SHENHUA CLEAN ENERGY HOLDINGS PTY LIMITED,Woolnorth Bluff point Wind Farm Pty Ltd,F,TAS,829195.0,230332.0,,,97.0,0.0,,NEM,Wind,,2017
SHENHUA CLEAN ENERGY HOLDINGS PTY LIMITED,Woolnorth Studland Bay Wind Farm Pty Ltd,F,TAS,959057.0,266405.0,,,111.0,0.0,,NEM,Wind,,2017
SHENHUA CLEAN ENERGY HOLDINGS PTY LIMITED,Corporate Total,C,,3954442.0,1098456.0,,,516.0,,,,,,2017
SNOWTOWN SOUTH WIND FARM PTY. LTD.,SNOWTOWN SOUTH WIND FARM,F,SA,1500088.0,416691.0,,,283.0,0.0,,NEM,Wind,,2017
SNOWTOWN SOUTH WIND FARM PTY. LTD.,Corporate Total,C,,1500088.0,416691.0,,,283.0,,,,,,2017
SNOWTOWN WIND FARM PTY LTD,Snowtown Wind Farm,F,SA,1117532.0,310426.0,,,468.0,0.0,,NEM,Wind,,2017
SNOWTOWN WIND FARM PTY LTD,Corporate Total,C,,1117532.0,310426.0,,,468.0,,,,,,2017
SNOWTOWN WIND FARM STAGE 2 PTY. LTD.,SNOWTOWN WIND FARM STAGE 2,F,SA,1463729.0,406591.0,,,390.0,0.0,,NEM,Wind,,2017
SNOWTOWN WIND FARM STAGE 2 PTY. LTD.,Corporate Total,C,,1463729.0,406591.0,,,390.0,,,,,,2017
SNOWY HYDRO LIMITED,Angaston Power Station,F,SA,27539.0,7650.0,,,5624.0,0.69,,NEM,Liquid Fuel,,2017
SNOWY HYDRO LIMITED,Colongra Power Station,F,NSW,50430.0,14008.0,,,16036.0,0.66,,NEM,Gas,,2017
SNOWY HYDRO LIMITED,Laverton North Power Station,F,VIC,286275.0,79521.0,,,52074.0,0.61,,NEM,Gas,,2017
SNOWY HYDRO LIMITED,Lonsdale/Port Stanvac Power Station,F,SA,64146.0,17818.0,,,9421.0,0.51,,NEM,Diesel,,2017
SNOWY HYDRO LIMITED,Snowy Hydro Ltd,F,NSW,19655353.0,5459820.0,,,268141.0,0.0,,NEM,Hydro,,2017
SNOWY HYDRO LIMITED,Valley Power,F,VIC,14794.0,4109.0,,,6887.0,0.95,,NEM,Gas,,2017
SNOWY HYDRO LIMITED,Corporate Total,C,,20098537.0,5582927.0,,,358183.0,,,,,,2017
SOLAR FARM INVESTMENTS PTY LTD,Moree Solar Farm,F,NSW,515610.0,143225.0,,,615.0,,,NEM,Solar,,2017
SOLAR FARM INVESTMENTS PTY LTD,Corporate Total,C,,515610.0,143225.0,,,615.0,,,,,,2017
SPIC PACIFIC ENERGY PTY LTD,Challicum Hills Wind Farm,F,VIC,457784.0,127162.0,,,55.0,0.0,,NEM,Wind,,2017
SPIC PACIFIC ENERGY PTY LTD,Clements Gap Wind Farm,F,SA,578619.0,160728.0,,,55.0,0.0,,NEM,Wind,,2017
SPIC PACIFIC ENERGY PTY LTD,Codrington Wind Farm,F,VIC,149335.0,41482.0,,,17.0,0.0,,NEM,Wind,,2017
SPIC PACIFIC ENERGY PTY LTD,Eildon Pondage Hydro,F,VIC,30661.0,8517.0,,,3.0,0.0,,NEM,Hydro,,2017
SPIC PACIFIC ENERGY PTY LTD,Glenmaggie Hydro,F,VIC,36823.0,10229.0,,,6.0,0.0,,NEM,Hydro,,2017
SPIC PACIFIC ENERGY PTY LTD,Ord Hydro,F,WA,765439.0,212622.0,,,60.0,0.0,,Off-grid,Hydro,,2017
SPIC PACIFIC ENERGY PTY LTD,Portland Wind Farms,F,VIC,1684621.0,467950.0,,,68.0,0.0,,NEM,Wind,,2017
SPIC PACIFIC ENERGY PTY LTD,Taralga Wind Farm,F,NSW,1038233.0,288398.0,,,100.0,0.0,,NEM,Wind,,2017
SPIC PACIFIC ENERGY PTY LTD,The Drop Hydro,F,NSW,19312.0,5364.0,,,6.0,0.0,,NEM,Hydro,,2017
SPIC PACIFIC ENERGY PTY LTD,William Hovell Hydro,F,VIC,19680.0,5467.0,,,4.0,0.0,,NEM,Hydro,,2017
SPIC PACIFIC ENERGY PTY LTD,Yambuk Wind Farm,F,VIC,312165.0,86713.0,,,20.0,0.0,,NEM,Wind,,2017
SPIC PACIFIC ENERGY PTY LTD,Corporate Total,C,,5092672.0,1414631.0,,,394.0,,,,,,2017
STANWELL CORPORATION LIMITED,Barron Gorge Power Station,F,QLD,459973.0,127770.0,,,937.0,0.01,,NEM,Hydro,,2017
STANWELL CORPORATION LIMITED,Kareeya Power Station,F,QLD,1756092.0,487803.0,,,741.0,0.0,,NEM,Hydro,,2017
STANWELL CORPORATION LIMITED,Mackay Gas Turbine,F,QLD,1404.0,390.0,,,496.0,1.27,,NEM,Diesel,,2017
STANWELL CORPORATION LIMITED,Mica Creek Power Station,F,QLD,18079.0,5022.0,,,7925.0,1.3,,Mt Isa,Gas,,2017
STANWELL CORPORATION LIMITED,Stanwell Power Station,F,QLD,33362101.0,9267250.0,,,7971930.0,0.86,,NEM,Black Coal,,2017
STANWELL CORPORATION LIMITED,Tarong Power Stations,F,QLD,44319711.0,12311031.0,,,10712635.0,0.87,,NEM,Black Coal,,2017
STANWELL CORPORATION LIMITED,Corporate Total,C,,79917360.0,22199267.0,,,18694664.0,,,,,,2017
SUNSET POWER INTERNATIONAL PTY LTD,Vales Point Power Station,F,NSW,29270573.0,8130715.0,,,6941108.0,0.85,,NEM,Black Coal,,2017
SUNSET POWER INTERNATIONAL PTY LTD,Corporate Total,C,,29270573.0,8130715.0,,,6941108.0,,,,,,2017
SYNERGEN POWER PTY LIMITED,Dry Creek Power Station,F,SA,34902.0,9695.0,,,12006.0,1.2,,NEM,Gas,,2017
SYNERGEN POWER PTY LIMITED,Mintaro Power Station,F,SA,106663.0,29629.0,,,23163.0,0.78,,NEM,Gas,,2017
SYNERGEN POWER PTY LIMITED,Port Lincoln Power Station,F,SA,7962.0,2212.0,,,4401.0,1.82,,NEM,Diesel,,2017
SYNERGEN POWER PTY LIMITED,Snuggery Power Station,F,SA,11509.0,3197.0,,,4089.0,1.13,,NEM,Diesel,,2017
SYNERGEN POWER PTY LIMITED,Corporate Total,C,,161036.0,44732.0,,,43659.0,,,,,,2017
TRANSALTA ENERGY (AUSTRALIA) PTY LTD,Kalgoorlie Power Station,F,WA,920947.0,255819.0,,,145265.0,0.57,,SWIS,Gas,,2017
TRANSALTA ENERGY (AUSTRALIA) PTY LTD,Kambalda Power Station,F,WA,934402.0,259556.0,,,143358.0,0.55,,SWIS,Gas,,2017
TRANSALTA ENERGY (AUSTRALIA) PTY LTD,Leinster Power Station,F,WA,1129834.0,313843.0,,,168384.0,0.54,,Off-grid,Gas,,2017
TRANSALTA ENERGY (AUSTRALIA) PTY LTD,Mt Keith Power Station,F,WA,1360859.0,378016.0,,,219180.0,0.58,,Off-grid,Gas,,2017
TRANSALTA ENERGY (AUSTRALIA) PTY LTD,Solomon Power Station,F,WA,984879.0,273578.0,,,175216.0,0.64,,Off-grid,Gas,,2017
TRANSALTA ENERGY (AUSTRALIA) PTY LTD,South Hedland Power Station,F,WA,250611.0,69614.0,,,38842.0,0.56,,Off-grid,Gas,,2017
TRANSALTA ENERGY (AUSTRALIA) PTY LTD,Corporate Total,C,,5581532.0,1550426.0,,,890245.0,,,,,,2017
WATER CORPORATION,Cocos Keeling Islands - Home Island Generation,F,WA,9038.0,2511.0,,,1757.0,0.7,,Off-grid,Liquid Fuel,,2017
WATER CORPORATION,Cocos Keeling Islands - West Island Generation,F,WA,9083.0,2523.0,,,1896.0,0.75,,Off-grid,Liquid Fuel,,2017
WATER CORPORATION,Corporate Total,C,,18121.0,5034.0,,,3653.0,,,,,,2017
YARA PILBARA FERTILISERS PTY LTD,Utilities Production and Supply,F,WA,119118.0,33088.0,,,41695.0,1.26,,Off-grid,Gas,,2017
YARA PILBARA FERTILISERS PTY LTD,Corporate Total,C,,119118.0,33088.0,,,41695.0,,,,,,2017
Grand Total,,,,818924521.0,227479013.0,,,182550357.0,,,,,,2017
Grid connected Total,,,,807084728.0,224190181.0,,,180766032.0,,,,,,2017
ACCIONA ENERGY OCEANIA PTY. LTD.,Cathedral Rocks Wind Farm,F,SA,550950.0,,,,184.0,,On,NEM,Wind,,2018
ACCIONA ENERGY OCEANIA PTY. LTD.,Gunning Wind Farm,F,NSW,601740.0,,,,249.0,,On,NEM,Wind,,2018
ACCIONA ENERGY OCEANIA PTY. LTD.,Mt Gellibrand Wind Farm,F,VIC,4320.0,,,,22.0,,On,NEM,Wind,,2018
ACCIONA ENERGY OCEANIA PTY. LTD.,Waubra Wind Farm,F,VIC,2317673.0,,,,1098.0,,On,NEM,Wind,,2018
ACCIONA ENERGY OCEANIA PTY. LTD.,Corporate Total,C,,3474683.0,,,,1553.0,,,,,,2018
AGL ENERGY LIMITED,Banimboola Hydro,F,VIC,11089.0,,,,63.0,,On,NEM,Hydro,,2018
AGL ENERGY LIMITED,Bayswater Power Station,F,NSW,55964880.0,,,,13725965.0,,On,NEM,Black Coal,,2018
AGL ENERGY LIMITED,Bogong Power Station,F,VIC,290885.0,,,,934.0,,On,NEM,Hydro,,2018
AGL ENERGY LIMITED,Broken Hill Solar Plant,F,NSW,470545.0,,,,423.0,,On,NEM,Solar,,2018
AGL ENERGY LIMITED,Burrendong Hydro,F,NSW,130417.0,,,,37.0,,On,NEM,Hydro,,2018
AGL ENERGY LIMITED,Clover Hydro,F,VIC,195811.0,,,,270.0,,On,NEM,Hydro,,2018
AGL ENERGY LIMITED,Coopers Cogeneration,F,SA,84730.0,,,,17509.0,,On,NEM,Gas,,2018
AGL ENERGY LIMITED,Copeton Hydro,F,NSW,148524.0,,,,44.0,,On,NEM,Hydro,,2018
AGL ENERGY LIMITED,Dartmouth Hydro,F,VIC,201611.0,,,,637.0,,On,NEM,Hydro,,2018
AGL ENERGY LIMITED,Eildon Hydro,F,VIC,668859.0,,,,680.0,,On,NEM,Hydro,,2018
AGL ENERGY LIMITED,Glenbawn Hydro,F,NSW,70572.0,,,,11.0,,On,NEM,Hydro,,2018
AGL ENERGY LIMITED,Glenorchy Landfill Generation,F,TAS,32986.0,,,,518.0,,On,NEM,Landfill Gas,,2018
AGL ENERGY LIMITED,Hallett (Stage 1) Wind Farm,F,SA,1126198.0,,,,287.0,,On,NEM,Wind,,2018
AGL ENERGY LIMITED,Hallett (Stage 2) Wind Farm,F,SA,901465.0,,,,229.0,,On,NEM,Wind,,2018
AGL ENERGY LIMITED,Hallett (Stage 4) Wind Farm,F,SA,1708149.0,,,,529.0,,On,NEM,Wind,,2018
AGL ENERGY LIMITED,Hallett (Stage 5) Wind Farm,F,SA,582085.0,,,,286.0,,On,NEM,Wind,,2018
AGL ENERGY LIMITED,Hobart Landfill Generation,F,TAS,22430.0,,,,359.0,,On,NEM,Landfill Gas,,2018
AGL ENERGY LIMITED,Hunter Valley Gas Turbines,F,NSW,3073.0,,,,1969.0,,On,NEM,Gas,,2018
AGL ENERGY LIMITED,Kemps Creek Landfill Generation,F,NSW,47007.0,,,,651.0,,On,NEM,Landfill Gas,,2018
AGL ENERGY LIMITED,Kincumber Landfill Generation,F,NSW,7588.0,,,,161.0,,On,NEM,Landfill Gas,,2018
AGL ENERGY LIMITED,Liddell Power Station,F,NSW,30667257.0,,,,7840239.0,,On,NEM,Black Coal,,2018
AGL ENERGY LIMITED,Loy Yang Power Station and Mine,F,VIC,61026883.0,,,,20107115.0,,On,NEM,Brown Coal,,2018
AGL ENERGY LIMITED,Macarthur Wind Farm,F,VIC,3770990.0,,,,3257.0,,On,NEM,Wind,,2018
AGL ENERGY LIMITED,McKay Creek Hydro,F,VIC,357923.0,,,,4699.0,,On,NEM,Hydro,,2018
AGL ENERGY LIMITED,Moranbah Power Station,F,QLD,197704.0,,,,33575.0,,On,NEM,Coal Seam Methane,,2018
AGL ENERGY LIMITED,Nyngan Solar Plant,F,NSW,902651.0,,,,913.0,,On,NEM,Solar,,2018
AGL ENERGY LIMITED,Oaklands Hill Wind Farm,F,VIC,677832.0,,,,694.0,,On,NEM,Wind,,2018
AGL ENERGY LIMITED,Pindari Hydro,F,NSW,12970.0,,,,22.0,,On,NEM,Hydro,,2018
AGL ENERGY LIMITED,Rockingham Landfill Generation,F,WA,84406.0,,,,1480.0,,On,SWIS,Landfill Gas,,2018
AGL ENERGY LIMITED,Rubicon Hydro Scheme,F,VIC,150908.0,,,,39.0,,On,NEM,Hydro,,2018
AGL ENERGY LIMITED,Shoalhaven Landfill Generation,F,NSW,6308.0,,,,85.0,,On,NEM,Landfill Gas,,2018
AGL ENERGY LIMITED,Somerton Power Station,F,VIC,307506.0,,,,63291.0,,On,NEM,Gas,,2018
AGL ENERGY LIMITED,Torrens Island Power Station,F,SA,10072272.0,,,,1581207.0,,On,NEM,Gas,,2018
AGL ENERGY LIMITED,Wattle Point Wind Farm,F,SA,977706.0,,,,219.0,,On,NEM,Wind,,2018
AGL ENERGY LIMITED,Werribee Biogas Generator,F,VIC,231340.0,,,,4245.0,,On,NEM,Biogas,,2018
AGL ENERGY LIMITED,West Kiewa Hydro,F,VIC,553193.0,,,,1272.0,,On,NEM,Hydro,,2018
AGL ENERGY LIMITED,Wilpena Pound Solar Generation,F,SA,3146.0,,,,686.0,,Off,Off-grid,Solar,,2018
AGL ENERGY LIMITED,Woy Woy Landfill Generation,F,NSW,27416.0,,,,474.0,,On,NEM,Landfill Gas,,2018
AGL ENERGY LIMITED,Yarrawonga Hydro,F,VIC,134344.0,,,,40.0,,On,NEM,Hydro,,2018
AGL ENERGY LIMITED,Corporate Total,C,,172831659.0,,,,43395114.0,,,,,,2018
ALCOA AUSTRALIAN HOLDINGS PTY LTD,Alinta Pinjarra Generation Facility,F,WA,7760182.0,,,,1410553.0,,On,SWIS,Gas,,2018
ALCOA AUSTRALIAN HOLDINGS PTY LTD,Corporate Total,C,,7760182.0,,,,1410553.0,,,,,,2018
APT PIPELINES LIMITED,Daandine Power Station,F,QLD,787397.0,,,,109265.0,,On,NEM,Coal Seam Methane,"Please note that where more than one person has operational control over a facility at the same time and no nomination of operational control has been made, data for the facility for the entire period must be reported by the controlling corporation of each entity with operational control. This results in the same facility being reported multiple times.
APT PIPELINES LIMITED and CLARKE ENERGY (AUSTRALIA) PTY. LTD., have each included the same data for the Daandine Power Station in their NGER reports.",2018
APT PIPELINES LIMITED,Diamantina Power Station,F,QLD,5765248.0,,,,656938.0,,On,Mt Isa,Gas,,2018
APT PIPELINES LIMITED,Emu Downs Solar Farm,F,WA,97410.0,,,,33.0,,On,SWIS,Solar,,2018
APT PIPELINES LIMITED,Emu Downs Wind Farm,F,WA,864702.0,,,,396.0,,On,SWIS,Wind,,2018
APT PIPELINES LIMITED,Corporate Total,C,,7514757.0,,,,766632.0,,,,,,2018
ARROW ENERGY HOLDINGS PTY LTD,Braemar 2 Power Station,F,QLD,925917.0,,,,158353.0,,On,NEM,Coal Seam Methane,,2018
ARROW ENERGY HOLDINGS PTY LTD,Corporate Total,C,,925917.0,,,,158353.0,,,,,,2018
ATCO AUSTRALIA PTY LTD,Karratha Power Station,F,WA,284128.0,,,,63721.0,,On,NWIS,Gas,,2018
ATCO AUSTRALIA PTY LTD,Osborne facility,F,SA,4750641.0,,,,542656.0,,On,NEM,Gas,,2018
ATCO AUSTRALIA PTY LTD,Corporate Total,C,,5034769.0,,,,606377.0,,,,,,2018
AWF AUS HOLD OP CO PTY LTD,Facility,F,VIC,2257531.0,,,,1707.0,,On,NEM,Wind,,2018
AWF AUS HOLD OP CO PTY LTD,Corporate Total,C,,2257531.0,,,,1707.0,,,,,,2018
AXIA ENERGY AUSTRALIA PTY LTD,Smithfield Power Partnership,F,NSW,259179.0,,,,35109.0,,On,NEM,Gas,,2018
AXIA ENERGY AUSTRALIA PTY LTD,Corporate Total,C,,259179.0,,,,35109.0,,,,,,2018
BALD HILLS WF HOLDINGS PTY LTD,Bald Hills Wind Farm Pty Ltd,F,VIC,1306751.0,,,,927.0,,On,NEM,Wind,,2018
BALD HILLS WF HOLDINGS PTY LTD,Corporate Total,C,,1306751.0,,,,927.0,,,,,,2018
BEIJING JINGNENG CLEAN ENERGY (AUSTRALIA) HOLDING PTY LTD,New Gullen Range Wind Farm Pty Ltd,F,NSW,1825008.0,,,,231.0,,On,NEM,Wind,,2018
BEIJING JINGNENG CLEAN ENERGY (AUSTRALIA) HOLDING PTY LTD,Corporate Total,C,,1825008.0,,,,231.0,,,,,,2018
BHP BILLITON IRON ORE PTY. LTD.,Yarnima Power Station,F,WA,2613641.0,,,,309875.0,,Off,Off-grid,Gas,,2018
BHP BILLITON IRON ORE PTY. LTD.,Corporate Total,C,,2613641.0,,,,309875.0,,,,,,2018
BLUEWATERS POWER 1 PTY LTD,Bluewaters Power 1,F,WA,5796946.0,,,,1444218.0,,On,SWIS,Black Coal,,2018
BLUEWATERS POWER 1 PTY LTD,Corporate Total,C,,5796946.0,,,,1444218.0,,,,,,2018
BLUEWATERS POWER 2 PTY LTD,Bluewaters Power 2,F,WA,6232601.0,,,,1522333.0,,On,SWIS,Black Coal,,2018
BLUEWATERS POWER 2 PTY LTD,Corporate Total,C,,6232601.0,,,,1522333.0,,,,,,2018
BPIH PTY LIMITED,Enwave Central Park Pty Ltd,F,NSW,7740.0,,,,2857.0,,On,NEM,Gas,,2018
BPIH PTY LIMITED,Enwave Mascot Pty Ltd,F,NSW,104473.0,,,,17143.0,,On,NEM,Gas,,2018
BPIH PTY LIMITED,Corporate Total,C,,112213.0,,,,20000.0,,,,,,2018
C S ENERGY LIMITED,Callide B Power Station,F,QLD,19818112.0,,,,5103540.0,,On,NEM,Black Coal,,2018
C S ENERGY LIMITED,Callide C Power Station,F,QLD,21023694.0,,,,5265665.0,,On,NEM,Black Coal,"Please note that where more than one person has operational control over a facility at the same time and no nomination of operational control has been made, data for the facility for the entire period must be reported by the controlling corporation of each entity with operational control. This results in the same facility being reported multiple times.
C S ENERGY LIMITED and OZGEN HOLDINGS AUSTRALIA PTY LTD, have each included the same data for the Callide C Power Station in their NGER reports.",2018
C S ENERGY LIMITED,Kogan Creek Power Station,F,QLD,18916535.0,,,,4360686.0,,On,NEM,Black Coal,,2018
C S ENERGY LIMITED,Wivenhoe Power Station,F,QLD,129318.0,,,,57695.0,,On,NEM,Hydro,,2018
C S ENERGY LIMITED,Corporate Total,C,,59887659.0,,,,14787586.0,,,,,,2018
CANUNDA POWER PTY LTD,Canunda Wind Farm,F,SA,469585.0,,,,33.0,,On,NEM,Wind,,2018
CANUNDA POWER PTY LTD,Corporate Total,C,,469585.0,,,,33.0,,,,,,2018
CAPE BYRON MANAGEMENT PTY LTD,Broadwater Power Plant,F,NSW,846961.0,,,,8143.0,,On,NEM,Bagasse,,2018
CAPE BYRON MANAGEMENT PTY LTD,Condong Power Plant,F,NSW,774424.0,,,,6699.0,,On,NEM,Bagasse,,2018
CAPE BYRON MANAGEMENT PTY LTD,Corporate Total,C,,1621385.0,,,,14842.0,,,,,,2018
CBWF HOLDINGS PTY LIMITED,Facility,F,VIC,289030.0,,,,83.0,,On,NEM,Wind,,2018
CBWF HOLDINGS PTY LIMITED,Corporate Total,C,,289030.0,,,,83.0,,,,,,2018
CECEP WIND POWER AUSTRALIA HOLDING PTY LTD,White Rock Wind Farm Pty Ltd,F,NSW,1245731.0,,,,839.0,,On,NEM,Wind,,2018
CECEP WIND POWER AUSTRALIA HOLDING PTY LTD,Corporate Total,C,,1245731.0,,,,839.0,,,,,,2018
CLARKE ENERGY (AUSTRALIA) PTY LTD,Daandine Power Station,F,QLD,787397.0,,,,109265.0,,On,NEM,Coal Seam Methane,"Please note that where more than one person has operational control over a facility at the same time and no nomination of operational control has been made, data for the facility for the entire period must be reported by the controlling corporation of each entity with operational control. This results in the same facility being reported multiple times.
APT PIPELINES LIMITED and CLARKE ENERGY (AUSTRALIA) PTY. LTD., have each included the same data for the Daandine Power Station in their NGER reports.",2018
CLARKE ENERGY (AUSTRALIA) PTY LTD,Corporate Total,C,,787397.0,,,,109265.0,,,,,,2018
CONTRACT POWER AUSTRALIA PTY LTD,Cue Town Powerstation,F,WA,10727.0,,,,2060.0,,Off,Off-grid,Diesel,,2018
CONTRACT POWER AUSTRALIA PTY LTD,Meekatharra Town Powerstation,F,WA,24219.0,,,,4610.0,,Off,Off-grid,Diesel,,2018
CONTRACT POWER AUSTRALIA PTY LTD,Mt Magnet Town Powerstation,F,WA,13739.0,,,,2140.0,,Off,Off-grid,Gas,,2018
CONTRACT POWER AUSTRALIA PTY LTD,Norseman Gold Power Station,F,WA,15562.0,,,,3213.0,,Off,Off-grid,Diesel,,2018
CONTRACT POWER AUSTRALIA PTY LTD,Sandstone Town Powerstation,F,WA,2462.0,,,,528.0,,Off,Off-grid,Diesel,,2018
CONTRACT POWER AUSTRALIA PTY LTD,Wiluna Town Powerstation,F,WA,8725.0,,,,1706.0,,Off,Off-grid,Diesel,,2018
CONTRACT POWER AUSTRALIA PTY LTD,Yalgoo Town Powerstation,F,WA,3676.0,,,,760.0,,Off,Off-grid,Diesel,,2018
CONTRACT POWER AUSTRALIA PTY LTD,Corporate Total,C,,79110.0,,,,15017.0,,,,,,2018
CULLERIN RANGE WIND FARM PTY LTD,Cullerin Range Wind Farm,F,NSW,405688.0,,,,110.0,,On,NEM,Wind,,2018
CULLERIN RANGE WIND FARM PTY LTD,Corporate Total,C,,405688.0,,,,110.0,,,,,,2018
CWF HOLDINGS PTY LTD,Collgar Wind Farm,F,WA,2575799.0,,,,978.0,,On,SWIS,Wind,,2018
CWF HOLDINGS PTY LTD,Corporate Total,C,,2575799.0,,,,978.0,,,,,,2018
CWP RENEWABLES PTY LTD,Boco Rock Wind Farm Pty Ltd,F,NSW,1339270.0,,,,1149.0,,On,NEM,Wind,,2018
CWP RENEWABLES PTY LTD,Corporate Total,C,,1339270.0,,,,1149.0,,,,,,2018
DIF INFRA 4 HOLDINGS AUSTRALIA PTY LTD,Royalla Solar Farm,F,ACT,141150.0,,,,181.0,,On,NEM,Solar,,2018
DIF INFRA 4 HOLDINGS AUSTRALIA PTY LTD,Corporate Total,C,,141150.0,,,,181.0,,,,,,2018
EDL (OCI) PTY LIMITED,Glennies Creek WCMG Power Station,F,NSW,278299.0,,,,40164.0,,On,NEM,Waste Coal Mine Gas,,2018
EDL (OCI) PTY LIMITED,Oaky Creek II WCMG Power Station,F,QLD,378474.0,,,,55057.0,,On,NEM,Waste Coal Mine Gas,,2018
EDL (OCI) PTY LIMITED,Oaky Creek WCMG Power Station,F,QLD,481208.0,,,,68592.0,,On,NEM,Waste Coal Mine Gas,,2018
EDL (OCI) PTY LIMITED,Corporate Total,C,,1137981.0,,,,163813.0,,,,,,2018
EDL (TT) PTY LIMITED,Tahmoor WCMG Power Station,F,NSW,118651.0,,,,18923.0,,On,NEM,Waste Coal Mine Gas,,2018
EDL (TT) PTY LIMITED,Corporate Total,C,,118651.0,,,,18923.0,,,,,,2018
EDL CSM (NSW) PTY LTD,Appin CSM Power Station,F,NSW,358092.0,,,,73634.0,,On,NEM,Waste Coal Mine Gas,,2018
EDL CSM (NSW) PTY LTD,Tower CSM Power Station,F,NSW,675750.0,,,,143425.0,,On,NEM,Waste Coal Mine Gas,,2018
EDL CSM (NSW) PTY LTD,Corporate Total,C,,1033842.0,,,,217059.0,,,,,,2018
EDL CSM (QLD) PTY LTD,German Creek CMM Power Station,F,QLD,1091491.0,,,,160373.0,,On,NEM,Waste Coal Mine Gas,,2018
EDL CSM (QLD) PTY LTD,Corporate Total,C,,1091491.0,,,,160373.0,,,,,,2018
EDL LFG (ACT) PTY LTD,Mugga Lane LFG Power Station,F,ACT,114143.0,,,,2014.0,,On,NEM,Landfill Gas,,2018
EDL LFG (ACT) PTY LTD,West Belconnen LFG Power Station,F,ACT,7519.0,,,,160.0,,On,NEM,Landfill Gas,,2018
EDL LFG (ACT) PTY LTD,Corporate Total,C,,121662.0,,,,2174.0,,,,,,2018
EDL LFG (NSW) PTY LTD,Belrose LFG Power Station,F,NSW,8209.0,,,,185.0,,On,NEM,Landfill Gas,,2018
EDL LFG (NSW) PTY LTD,Eastern Creek LFG Power Station,F,NSW,32006.0,,,,526.0,,On,NEM,Landfill Gas,,2018
EDL LFG (NSW) PTY LTD,Grange Avenue LFG Power Station,F,NSW,19676.0,,,,329.0,,On,NEM,Landfill Gas,,2018
EDL LFG (NSW) PTY LTD,Jack's Gully LFG Power Station,F,NSW,46214.0,,,,800.0,,On,NEM,Landfill Gas,,2018
EDL LFG (NSW) PTY LTD,Lucas Heights 1 LFG Power Station,F,NSW,50303.0,,,,900.0,,On,NEM,Landfill Gas,,2018
EDL LFG (NSW) PTY LTD,Lucas Heights 2 LFG Power Station,F,NSW,363867.0,,,,6381.0,,On,NEM,Landfill Gas,,2018
EDL LFG (NSW) PTY LTD,Corporate Total,C,,520275.0,,,,9121.0,,,,,,2018
EDL LFG (QLD) PTY LTD,Browns Plains LFG Power Station,F,QLD,49434.0,,,,875.0,,On,NEM,Landfill Gas,,2018
EDL LFG (QLD) PTY LTD,Roghan Road LFG Power Station,F,QLD,3462.0,,,,107.0,,On,NEM,Landfill Gas,,2018
EDL LFG (QLD) PTY LTD,Corporate Total,C,,52896.0,,,,982.0,,,,,,2018
EDL LFG (SA) PTY LTD,Wingfield 1 LFG Power Station,F,SA,56828.0,,,,1001.0,,On,NEM,Landfill Gas,,2018
EDL LFG (SA) PTY LTD,Wingfield 2 LFG Power Station,F,SA,53366.0,,,,940.0,,On,NEM,Landfill Gas,,2018
EDL LFG (SA) PTY LTD,Corporate Total,C,,110194.0,,,,1941.0,,,,,,2018
EDL LFG (VIC) PTY LTD,Berwick LFG Power Station,F,VIC,43366.0,,,,1097.0,,On,NEM,Landfill Gas,,2018
EDL LFG (VIC) PTY LTD,Broadmeadows LFG Power Station,F,VIC,47876.0,,,,952.0,,On,NEM,Landfill Gas,,2018
EDL LFG (VIC) PTY LTD,Brooklyn LFG Power Station,F,VIC,40378.0,,,,707.0,,On,NEM,Landfill Gas,,2018
EDL LFG (VIC) PTY LTD,Clayton LFG Power Station,F,VIC,303134.0,,,,5056.0,,On,NEM,Landfill Gas,,2018
EDL LFG (VIC) PTY LTD,Corio LFG Power Station,F,VIC,26897.0,,,,484.0,,On,NEM,Landfill Gas,,2018
EDL LFG (VIC) PTY LTD,Springvale LFG Power Station,F,VIC,43619.0,,,,791.0,,On,NEM,Landfill Gas,,2018
EDL LFG (VIC) PTY LTD,Corporate Total,C,,505270.0,,,,9087.0,,,,,,2018
EDL NGD (NT) PTY LTD,McArthur River Power Station,F,NT,1007350.0,,,,134067.0,,Off,Off-grid,Gas,,2018
EDL NGD (NT) PTY LTD,Pine Creek A Power Station,F,NT,594389.0,,,,83976.0,,On,DKIS,Gas,,2018
EDL NGD (NT) PTY LTD,Corporate Total,C,,1601739.0,,,,218043.0,,,,,,2018
EDL NGD (WA) PTY LTD,Broome LNG Power Station,F,WA,500240.0,,,,77522.0,,Off,Off-grid,Gas,,2018
EDL NGD (WA) PTY LTD,Derby LNG Power Station,F,WA,121420.0,,,,19928.0,,Off,Off-grid,Gas,,2018
EDL NGD (WA) PTY LTD,Fitzroy Crossing LNG Power Station,F,WA,53373.0,,,,9437.0,,Off,Off-grid,Gas,,2018
EDL NGD (WA) PTY LTD,Halls Creek LNG Power Station,F,WA,41293.0,,,,7253.0,,Off,Off-grid,Gas,,2018
EDL NGD (WA) PTY LTD,Looma NGD Power Station,F,WA,9142.0,,,,2065.0,,Off,Off-grid,Diesel,,2018
EDL NGD (WA) PTY LTD,Corporate Total,C,,725468.0,,,,116205.0,,,,,,2018
EDL PROJECTS (AUSTRALIA) PTY LTD,Grosvenor 1 WCMG Power Station,F,QLD,572111.0,,,,86059.0,,On,NEM,Waste Coal Mine Gas,,2018
EDL PROJECTS (AUSTRALIA) PTY LTD,Grosvenor 2 WCMG Power Station,F,QLD,316384.0,,,,48259.0,,On,NEM,Waste Coal Mine Gas,,2018
EDL PROJECTS (AUSTRALIA) PTY LTD,Moranbah North CMM Power Station,F,QLD,1828241.0,,,,260078.0,,On,NEM,Waste Coal Mine Gas,,2018
EDL PROJECTS (AUSTRALIA) PTY LTD,Corporate Total,C,,2716736.0,,,,394396.0,,,,,,2018
ELECTRICITY GENERATION AND RETAIL CORPORATION,Albany Wind Farm,F,WA,333656.0,,,,22.0,,On,SWIS,Wind,,2018
ELECTRICITY GENERATION AND RETAIL CORPORATION,Bremer Bay Wind Diesel Power Station,F,WA,5968.0,,,,66.0,,On,SWIS,Wind,,2018
ELECTRICITY GENERATION AND RETAIL CORPORATION,Cockburn Power Station,F,WA,424926.0,,,,45893.0,,On,SWIS,Gas,,2018
ELECTRICITY GENERATION AND RETAIL CORPORATION,Collie Power Station,F,WA,7314999.0,,,,1848693.0,,On,SWIS,Black Coal,,2018
ELECTRICITY GENERATION AND RETAIL CORPORATION,Coral Bay Wind Diesel Power Station,F,WA,12752.0,,,,1592.0,,Off,Off-grid,Wind,,2018
ELECTRICITY GENERATION AND RETAIL CORPORATION,Denham Wind Farm,F,WA,4907.0,,,,1.0,,Off,Off-grid,Wind,,2018
ELECTRICITY GENERATION AND RETAIL CORPORATION,Esperance Wind Farm,F,WA,56803.0,,,,6.0,,Off,Off-grid,Wind,,2018
ELECTRICITY GENERATION AND RETAIL CORPORATION,Greenough River Solar Farm,F,WA,78534.0,,,,113.0,,On,SWIS,Solar,,2018
ELECTRICITY GENERATION AND RETAIL CORPORATION,Hopetoun Wind Diesel Power Station,F,WA,16787.0,,,,2134.0,,Off,Off-grid,Wind,,2018
ELECTRICITY GENERATION AND RETAIL CORPORATION,Kalbarri Wind Farm,F,WA,11370.0,,,,1.0,,On,SWIS,Wind,,2018
ELECTRICITY GENERATION AND RETAIL CORPORATION,Kalgoorlie Gas Turbine Station,F,WA,5081.0,,,,1402.0,,On,SWIS,Gas,,2018
ELECTRICITY GENERATION AND RETAIL CORPORATION,Kwinana Power Station,F,WA,2819814.0,,,,429764.0,,On,SWIS,Gas,,2018
ELECTRICITY GENERATION AND RETAIL CORPORATION,Muja Power Station,F,WA,15838621.0,,,,3982663.0,,On,SWIS,Black Coal,,2018
ELECTRICITY GENERATION AND RETAIL CORPORATION,Mungarra Gas Turbine Station,F,WA,69421.0,,,,15542.0,,On,SWIS,Gas,,2018
ELECTRICITY GENERATION AND RETAIL CORPORATION,Pinjar Gas Turbine Station,F,WA,2052787.0,,,,446643.0,,On,SWIS,Gas,,2018
ELECTRICITY GENERATION AND RETAIL CORPORATION,Corporate Total,C,,29046426.0,,,,6774535.0,,,,,,2018
ELECTRICITY NETWORKS CORPORATION,Ravensthorpe Power Station,F,WA,772.0,,,,146.0,,On,SWIS,Diesel,,2018
ELECTRICITY NETWORKS CORPORATION,Corporate Total,C,,772.0,,,,146.0,,,,,,2018
ENERGY GENERATION PTY LTD,Ardyaloon Facility,F,WA,7064.0,,,,1420.0,,Off,Off-grid,Diesel,,2018
ENERGY GENERATION PTY LTD,Beagle Bay Facility,F,WA,6306.0,,,,1263.0,,Off,Off-grid,Diesel,,2018
ENERGY GENERATION PTY LTD,Bidyadanga Facility,F,WA,10355.0,,,,2117.0,,Off,Off-grid,Diesel,,2018
ENERGY GENERATION PTY LTD,Coober Pedy Facility,F,SA,63093.0,,,,2913.0,,Off,Off-grid,Wind,,2018
ENERGY GENERATION PTY LTD,Djarindjin Facility,F,WA,6923.0,,,,1390.0,,Off,Off-grid,Diesel,,2018
ENERGY GENERATION PTY LTD,Gascoyne Facility,F,WA,2648.0,,,,586.0,,Off,Off-grid,Diesel,,2018
ENERGY GENERATION PTY LTD,Laverton Facility,F,WA,14868.0,,,,3064.0,,Off,Off-grid,Diesel,,2018
ENERGY GENERATION PTY LTD,Leonora Facility,F,WA,29622.0,,,,6248.0,,Off,Off-grid,Gas,,2018
ENERGY GENERATION PTY LTD,Menzies Facility,F,WA,2392.0,,,,538.0,,Off,Off-grid,Diesel,,2018
ENERGY GENERATION PTY LTD,Warmun Facility,F,WA,9546.0,,,,1976.0,,Off,Off-grid,Diesel,,2018
ENERGY GENERATION PTY LTD,Corporate Total,C,,152817.0,,,,21515.0,,,,,,2018
ENERGY QUEENSLAND LIMITED,Barcaldine Power Station Facility,F,QLD,3041.0,,,,4706.0,,On,NEM,Gas,,2018
ENERGY QUEENSLAND LIMITED,Energy Impact - Bromelton Peak Generation Plant - Facility,F,QLD,3134.0,,,,694.0,,On,NEM,Diesel,,2018
ENERGY QUEENSLAND LIMITED,Energy Impact - Generation - Facility,F,QLD,1964.0,,,,384.0,,On,NEM,Diesel,,2018
ENERGY QUEENSLAND LIMITED,Corporate Total,C,,8139.0,,,,5784.0,,,,,,2018
ENERGYAUSTRALIA HOLDINGS LIMITED,Hallett Power Station,F,SA,71364.0,,,,20635.0,,On,NEM,Gas,,2018
ENERGYAUSTRALIA HOLDINGS LIMITED,Jeeralang Power Station,F,VIC,440834.0,,,,100090.0,,On,NEM,Gas,,2018
ENERGYAUSTRALIA HOLDINGS LIMITED,Mt Piper Power Station,F,NSW,28311455.0,,,,6841302.0,,On,NEM,Black Coal,,2018
ENERGYAUSTRALIA HOLDINGS LIMITED,Newport Power Station,F,VIC,3666804.0,,,,559518.0,,On,NEM,Gas,,2018
ENERGYAUSTRALIA HOLDINGS LIMITED,Tallawarra Power Station,F,NSW,5286970.0,,,,550385.0,,On,NEM,Gas,,2018
ENERGYAUSTRALIA HOLDINGS LIMITED,Waterloo Wind Farm,F,SA,329504.0,,,,35.0,,On,NEM,Wind,,2018
ENERGYAUSTRALIA HOLDINGS LIMITED,Yallourn Power Station,F,VIC,36860112.0,,,,13856313.0,,On,NEM,Brown Coal,,2018
ENERGYAUSTRALIA HOLDINGS LIMITED,Corporate Total,C,,74967043.0,,,,21928278.0,,,,,,2018
ERM POWER LIMITED,Newgen Neerabup Power Station,F,WA,916383.0,,,,156947.0,,On,SWIS,Gas,,2018
ERM POWER LIMITED,Oakey Power Station,F,QLD,268495.0,,,,49280.0,,On,NEM,Gas,,2018
ERM POWER LIMITED,Corporate Total,C,,1184878.0,,,,206227.0,,,,,,2018
ESPERANCE POWER STATION PTY LTD,Esperance Power Station,F,WA,249660.0,,,,55006.0,,Off,Off-grid,Gas,,2018
ESPERANCE POWER STATION PTY LTD,Corporate Total,C,,249660.0,,,,55006.0,,,,,,2018
ESSENTIAL ENERGY,Essential Energy Generation Facility - Broken Hill Gas Turbine,F,NSW,378.0,,,,615.0,,On,NEM,Diesel,,2018
ESSENTIAL ENERGY,Corporate Total,C,,378.0,,,,615.0,,,,,,2018
FENGATE EXMOUTH ENERGY SPV PTY LTD,Exmouth Power Station Pty Ltd,F,WA,90569.0,,,,17343.0,,Off,Off-grid,Gas,,2018
FENGATE EXMOUTH ENERGY SPV PTY LTD,Corporate Total,C,,90569.0,,,,17343.0,,,,,,2018
FORTESCUE METALS GROUP LTD,Solomon Power Station,F,WA,666413.0,,,,115169.0,,Off,Off-grid,Gas,,2018
FORTESCUE METALS GROUP LTD,Corporate Total,C,,666413.0,,,,115169.0,,,,,,2018
GENEX POWER LIMITED,Kidston Solar One - Solar – Qld,F,QLD,190728.0,,,,0.0,,On,NEM,Solar,,2018
GENEX POWER LIMITED,Corporate Total,C,,190728.0,,,,0.0,,,,,,2018
GOLDFIELDS POWER PTY LTD,Parkeston Power Station,F,WA,595231.0,,,,92650.0,,On,SWIS,Gas,,2018
GOLDFIELDS POWER PTY LTD,Corporate Total,C,,595231.0,,,,92650.0,,,,,,2018
HYDRO POWER PTY LIMITED,Wyangala A,F,NSW,217905.0,,,,0.0,,On,NEM,Hydro,,2018
HYDRO POWER PTY LIMITED,Wyangala B,F,NSW,10894.0,,,,0.0,,On,NEM,Hydro,,2018
HYDRO POWER PTY LIMITED,Corporate Total,C,,228799.0,,,,0.0,,,,,,2018
HYDRO-ELECTRIC CORPORATION,Bastyan Hydro Power Station,F,TAS,1293382.0,,,,23.0,,On,NEM,Hydro,,2018
HYDRO-ELECTRIC CORPORATION,Butlers Gorge Hydro Power Station,F,TAS,289013.0,,,,0.0,,On,NEM,Hydro,,2018
HYDRO-ELECTRIC CORPORATION,Catagunya Hydro Power Station,F,TAS,834113.0,,,,21.0,,On,NEM,Hydro,,2018
HYDRO-ELECTRIC CORPORATION,Cethana Hydro Power Station,F,TAS,1535178.0,,,,276.0,,On,NEM,Hydro,,2018
HYDRO-ELECTRIC CORPORATION,Cluny Hydro Power Station,F,TAS,65565.0,,,,40.0,,On,NEM,Hydro,,2018
HYDRO-ELECTRIC CORPORATION,Devils Gate Hydro Power Station,F,TAS,1069871.0,,,,20.0,,On,NEM,Hydro,,2018
HYDRO-ELECTRIC CORPORATION,Fisher Hydro Power Station,F,TAS,848230.0,,,,0.0,,On,NEM,Hydro,,2018
HYDRO-ELECTRIC CORPORATION,Flinders Island Power Station,F,TAS,17127.0,,,,1906.0,,Off,Off-grid,Wind,,2018
HYDRO-ELECTRIC CORPORATION,Gordon Hydro Power Station,F,TAS,3671003.0,,,,59.0,,On,NEM,Hydro,,2018
HYDRO-ELECTRIC CORPORATION,John Butters Hydro Power Station,F,TAS,2057927.0,,,,334.0,,On,NEM,Hydro,,2018
HYDRO-ELECTRIC CORPORATION,King Island Power Station,F,TAS,47627.0,,,,4199.0,,Off,Off-grid,Wind,,2018
HYDRO-ELECTRIC CORPORATION,Lake Echo Hydro Power Station,F,TAS,213343.0,,,,13.0,,On,NEM,Hydro,,2018
HYDRO-ELECTRIC CORPORATION,Lake Margaret Lower Hydro Power station,F,TAS,55960.0,,,,2.0,,On,NEM,Hydro,,2018
HYDRO-ELECTRIC CORPORATION,Lake Margaret Upper Hydro Power Station,F,TAS,163390.0,,,,8.0,,On,NEM,Hydro,,2018
HYDRO-ELECTRIC CORPORATION,Lemonthyme Hydro Power Station,F,TAS,1078743.0,,,,36.0,,On,NEM,Hydro,,2018
HYDRO-ELECTRIC CORPORATION,Liapootah Hydro Power Station,F,TAS,1497527.0,,,,57.0,,On,NEM,Hydro,,2018
HYDRO-ELECTRIC CORPORATION,Mackintosh Hydro Power Station,F,TAS,1418592.0,,,,113.0,,On,NEM,Hydro,,2018
HYDRO-ELECTRIC CORPORATION,Meadowbank Hydro Power Station,F,TAS,652866.0,,,,16.0,,On,NEM,Hydro,,2018
HYDRO-ELECTRIC CORPORATION,Paloona Hydro Power Station,F,TAS,489220.0,,,,12.0,,On,NEM,Hydro,,2018
HYDRO-ELECTRIC CORPORATION,Parangana Hydro Power Station,F,TAS,11006.0,,,,0.0,,On,NEM,Hydro,,2018
HYDRO-ELECTRIC CORPORATION,Poatina Hydro Power Station,F,TAS,4371071.0,,,,854.0,,On,NEM,Hydro,,2018
HYDRO-ELECTRIC CORPORATION,Reece Hydro Power Station,F,TAS,3801017.0,,,,1271.0,,On,NEM,Hydro,,2018
HYDRO-ELECTRIC CORPORATION,Repulse Hydro Power Station,F,TAS,430559.0,,,,13.0,,On,NEM,Hydro,,2018
HYDRO-ELECTRIC CORPORATION,Rowallan Hydro Power Station,F,TAS,141533.0,,,,2.0,,On,NEM,Hydro,,2018
HYDRO-ELECTRIC CORPORATION,Tamar Valley Power Station,F,TAS,3047498.0,,,,354911.0,,On,NEM,Gas,,2018
HYDRO-ELECTRIC CORPORATION,Tarraleah Hydro Power Station,F,TAS,2084470.0,,,,85.0,,On,NEM,Hydro,,2018
HYDRO-ELECTRIC CORPORATION,Tods Corner Hydro Power Station,F,TAS,6348.0,,,,7.0,,On,NEM,Hydro,,2018
HYDRO-ELECTRIC CORPORATION,Trevallyn Hydro Power Station,F,TAS,1272208.0,,,,47.0,,On,NEM,Hydro,,2018
HYDRO-ELECTRIC CORPORATION,Tribute Hydro Power Station,F,TAS,893183.0,,,,45.0,,On,NEM,Hydro,,2018
HYDRO-ELECTRIC CORPORATION,Tungatinah Hydro Power Station,F,TAS,1954117.0,,,,107.0,,On,NEM,Hydro,,2018
HYDRO-ELECTRIC CORPORATION,Wayatinah Hydro Power Station,F,TAS,1211194.0,,,,33.0,,On,NEM,Hydro,,2018
HYDRO-ELECTRIC CORPORATION,Wilmot Hydro Power Station,F,TAS,430135.0,,,,32.0,,On,NEM,Hydro,,2018
HYDRO-ELECTRIC CORPORATION,Corporate Total,C,,36953016.0,,,,364542.0,,,,,,2018
INFIGEN ENERGY LIMITED,Alinta Wind Farm,F,WA,1164238.0,,,,762.0,,On,SWIS,Wind,,2018
INFIGEN ENERGY LIMITED,Capital East Solar Farm,F,NSW,618.0,,,,5.0,,On,NEM,Solar,,2018
INFIGEN ENERGY LIMITED,Capital Wind Farm,F,NSW,1382798.0,,,,995.0,,On,NEM,Wind,,2018
INFIGEN ENERGY LIMITED,"Lake Bonney Stage 1,2 & 3 Wind Farm",F,SA,2583503.0,,,,663.0,,On,NEM,Wind,,2018
INFIGEN ENERGY LIMITED,Woodlawn Wind Farm,F,NSW,566343.0,,,,265.0,,On,NEM,Wind,,2018
INFIGEN ENERGY LIMITED,Corporate Total,C,,5697500.0,,,,2690.0,,,,,,2018
IPM (KWINANA) PTY LTD,Kwinana Cogeneration Plant,F,WA,3093310.0,,,,454837.0,,On,SWIS,Gas,,2018
IPM (KWINANA) PTY LTD,Corporate Total,C,,3093310.0,,,,454837.0,,,,,,2018
KIAMCO FORESIGHT HANWHA BARCALDINE 1 PTY LTD,Barcaldine Remote Community Solar Farm Pty Ltd,F,QLD,200513.0,,,,123.0,,On,NEM,Solar,,2018
KIAMCO FORESIGHT HANWHA BARCALDINE 1 PTY LTD,Corporate Total,C,,200513.0,,,,123.0,,,,,,2018
KIATA WIND FARM HOLDINGS PTY LTD,Kiata Wind Farm Pty Ltd,F,VIC,256172.0,,,,134.0,,On,NEM,Wind,,2018
KIATA WIND FARM HOLDINGS PTY LTD,Corporate Total,C,,256172.0,,,,134.0,,,,,,2018
LANDFILL GAS & POWER PTY LTD,Kalamunda Power Station,F,WA,18.0,,,,6.0,,On,SWIS,Diesel,,2018
LANDFILL GAS & POWER PTY LTD,Red Hill LFG Power Station,F,WA,103309.0,,,,1629.0,,On,SWIS,Landfill Gas,,2018
LANDFILL GAS & POWER PTY LTD,Tamala Park LFG Power Station,F,WA,152401.0,,,,2678.0,,On,SWIS,Landfill Gas,,2018
LANDFILL GAS & POWER PTY LTD,Corporate Total,C,,255728.0,,,,4313.0,,,,,,2018
LMS ENERGY PTY LTD,Albury Renewable Energy Facility,F,NSW,26980.0,,,,427.0,,On,NEM,Landfill Gas,,2018
LMS ENERGY PTY LTD,Atlas Renewable Energy Facility,F,WA,7681.0,,,,128.0,,On,SWIS,Landfill Gas,,2018
LMS ENERGY PTY LTD,Awaba Renewable Energy Facility,F,NSW,29701.0,,,,451.0,,On,NEM,Landfill Gas,,2018
LMS ENERGY PTY LTD,Ballarat Renewable Energy Facility,F,VIC,24853.0,,,,396.0,,On,NEM,Landfill Gas,,2018
LMS ENERGY PTY LTD,Bendigo Renewable Energy Facility,F,VIC,15077.0,,,,236.0,,On,NEM,Landfill Gas,,2018
LMS ENERGY PTY LTD,Birkdale Renewable Energy Facility,F,QLD,21309.0,,,,328.0,,On,NEM,Landfill Gas,,2018
LMS ENERGY PTY LTD,Darwin Renewable Energy Facility,F,NT,30987.0,,,,504.0,,On,DKIS,Landfill Gas,,2018
LMS ENERGY PTY LTD,Eastern Creek 2 Renewable Energy Facility,F,NSW,205511.0,,,,3036.0,,On,NEM,Landfill Gas,,2018
LMS ENERGY PTY LTD,Hampton Park Renewable Energy Facility,F,VIC,228276.0,,,,3266.0,,On,NEM,Landfill Gas,,2018
LMS ENERGY PTY LTD,Ipswich Renewable Energy Facility,F,QLD,19095.0,,,,299.0,,On,NEM,Landfill Gas,,2018
LMS ENERGY PTY LTD,Mornington Peninsula Renewable Energy Facility,F,VIC,22415.0,,,,343.0,,On,NEM,Landfill Gas,,2018
LMS ENERGY PTY LTD,NAWMA Renewable Energy Facility,F,SA,20784.0,,,,311.0,,On,NEM,Landfill Gas,,2018
LMS ENERGY PTY LTD,NAWMA Solar Facility,F,SA,4246.0,,,,0.0,,On,NEM,Solar,,2018
LMS ENERGY PTY LTD,Newcastle Renewable Energy Facility,F,NSW,67569.0,,,,998.0,,On,NEM,Landfill Gas,,2018
LMS ENERGY PTY LTD,Remount Renewable Energy Facility,F,TAS,31208.0,,,,456.0,,On,NEM,Landfill Gas,,2018
LMS ENERGY PTY LTD,Rochedale Renewable Energy Facility,F,QLD,135177.0,,,,2108.0,,On,NEM,Landfill Gas,,2018
LMS ENERGY PTY LTD,Shepparton Renewable Energy Facility,F,VIC,18905.0,,,,296.0,,On,NEM,Landfill Gas,,2018
LMS ENERGY PTY LTD,South Cardup Renewable Energy Facility,F,WA,105824.0,,,,1656.0,,On,SWIS,Landfill Gas,,2018
LMS ENERGY PTY LTD,Stapylton Renewable Energy Facility,F,QLD,72885.0,,,,1122.0,,On,NEM,Landfill Gas,,2018
LMS ENERGY PTY LTD,Swanbank Renewable Energy Facility,F,QLD,45928.0,,,,699.0,,On,NEM,Landfill Gas,,2018
LMS ENERGY PTY LTD,Wollert Renewable Energy Facility,F,VIC,211908.0,,,,3244.0,,On,NEM,Landfill Gas,,2018
LMS ENERGY PTY LTD,Wyndham Renewable Energy Facility,F,VIC,51706.0,,,,759.0,,On,NEM,Landfill Gas,,2018
LMS ENERGY PTY LTD,Wyong Renewable Energy Facility,F,NSW,68035.0,,,,1059.0,,On,NEM,Landfill Gas,,2018
LMS ENERGY PTY LTD,Corporate Total,C,,1466060.0,,,,22122.0,,,,,,2018
MERIDIAN ENERGY AUSTRALIA PTY LTD,Burrinjuck Hydro,F,NSW,215404.0,,,,38.0,,On,NEM,Hydro,,2018
MERIDIAN ENERGY AUSTRALIA PTY LTD,Hume Hydro,F,NSW,732139.0,,,,152.0,,On,NEM,Hydro,,2018
MERIDIAN ENERGY AUSTRALIA PTY LTD,Keepit Hydro,F,NSW,41182.0,,,,68.0,,On,NEM,Hydro,,2018
MERIDIAN ENERGY AUSTRALIA PTY LTD,Mt Mercer Wind farm Pty Ltd,F,VIC,1353143.0,,,,69.0,,On,NEM,Wind,,2018
MERIDIAN ENERGY AUSTRALIA PTY LTD,Mt Millar Wind Farm Pty Ltd,F,SA,695306.0,,,,54.0,,On,NEM,Wind,,2018
MERIDIAN ENERGY AUSTRALIA PTY LTD,Corporate Total,C,,3037174.0,,,,381.0,,,,,,2018
MOMENTUM ENERGY PTY LIMITED,Alfred Hospital Cogeneration Plant,F,VIC,67158.0,,,,16364.0,,On,NEM,Gas,,2018
MOMENTUM ENERGY PTY LIMITED,Dandenong Hospital Cogeneration Plant,F,VIC,60904.0,,,,16259.0,,On,NEM,Gas,,2018
MOMENTUM ENERGY PTY LIMITED,Geelong Hospital Cogeneration Plant,F,VIC,66473.0,,,,12657.0,,On,NEM,Gas,,2018
MOMENTUM ENERGY PTY LIMITED,Royal Melbourne Hospital Cogeneration Plant,F,VIC,142274.0,,,,31008.0,,On,NEM,Gas,,2018
MOMENTUM ENERGY PTY LIMITED,ST. Vincent’s Hospital Cogeneration Plant,F,VIC,63651.0,,,,15634.0,,On,NEM,Gas,,2018
MOMENTUM ENERGY PTY LIMITED,Corporate Total,C,,400460.0,,,,91922.0,,,,,,2018
MORTONS LANE WIND FARM (HOLDING) PTY LTD,Mortons Lane Windfarm Pty Ltd,F,VIC,232407.0,,,,57.0,,On,NEM,Wind,,2018
MORTONS LANE WIND FARM (HOLDING) PTY LTD,Corporate Total,C,,232407.0,,,,57.0,,,,,,2018
MUMBIDA WIND FARM NO 1 HOLDINGS PTY LTD,Mumbida Wind Farm Pty Ltd,F,WA,683865.0,,,,474.0,,On,SWIS,Wind,,2018
MUMBIDA WIND FARM NO 1 HOLDINGS PTY LTD,Corporate Total,C,,683865.0,,,,474.0,,,,,,2018
NEOEN AUSTRALIA PTY LTD,DEGRUSSA SOLAR PROJECT PTY LTD,F,WA,71487.0,,,,430.0,,Off,Off-grid,Solar,,2018
NEOEN AUSTRALIA PTY LTD,DUBBO SOLAR HUB PTY LTD,F,NSW,17821.0,,,,16.0,,On,NEM,Solar,,2018
NEOEN AUSTRALIA PTY LTD,GRIFFITH SOLAR FARM PTY LTD,F,NSW,59368.0,,,,60.0,,On,NEM,Solar,,2018
NEOEN AUSTRALIA PTY LTD,HORNSDALE POWER RESERVE PTY LTD,F,SA,79298.0,,,,13118.0,,On,NEM,Battery,,2018
NEOEN AUSTRALIA PTY LTD,HWF1 PTY LTD,F,SA,1357702.0,,,,119.0,,On,NEM,Wind,,2018
NEOEN AUSTRALIA PTY LTD,HWF2 PTY LTD,F,SA,1254608.0,,,,113.0,,On,NEM,Wind,,2018
NEOEN AUSTRALIA PTY LTD,HWF3 PTY LTD,F,SA,1013397.0,,,,95.0,,On,NEM,Wind,,2018
NEOEN AUSTRALIA PTY LTD,PARKES SOLAR FARM PTY LTD,F,NSW,109528.0,,,,145.0,,On,NEM,Solar,,2018
NEOEN AUSTRALIA PTY LTD,Corporate Total,C,,3963209.0,,,,14096.0,,,,,,2018
NEWGEN KWINANA HOLDINGS PTY LTD,Kwinana Gas Fired Power Station,F,WA,7466829.0,,,,811085.0,,On,SWIS,Gas,,2018
NEWGEN KWINANA HOLDINGS PTY LTD,Corporate Total,C,,7466829.0,,,,811085.0,,,,,,2018
NRG VICTORIA 1 PTY LTD,Gladstone Power Station,F,QLD,32309449.0,,,,8547021.0,,On,NEM,Black Coal,,2018
NRG VICTORIA 1 PTY LTD,Corporate Total,C,,32309449.0,,,,8547021.0,,,,,,2018
ONSLOW ELECTRIC POWER PTY LTD,Onslow Power Station,F,WA,52031.0,,,,8704.0,,Off,Off-grid,Gas,,2018
ONSLOW ELECTRIC POWER PTY LTD,Corporate Total,C,,52031.0,,,,8704.0,,,,,,2018
ORIGIN ENERGY LIMITED,Australand,F,NSW,2132.0,,,,377.0,,On,NEM,Gas,,2018
ORIGIN ENERGY LIMITED,Ballarat Solar Park,F,VIC,1446.0,,,,2.0,,On,NEM,Solar,,2018
ORIGIN ENERGY LIMITED,Bendigo Solar Park,F,VIC,1727.0,,,,4.0,,On,NEM,Solar,,2018
ORIGIN ENERGY LIMITED,Blackmores,F,NSW,5027.0,,,,964.0,,On,NEM,Gas,,2018
ORIGIN ENERGY LIMITED,Bond,F,NSW,3465.0,,,,598.0,,On,NEM,Gas,,2018
ORIGIN ENERGY LIMITED,Chifley Square,F,NSW,3808.0,,,,625.0,,On,NEM,Gas,,2018
ORIGIN ENERGY LIMITED,Dandenong,F,VIC,851.0,,,,592.0,,On,NEM,Gas,,2018
ORIGIN ENERGY LIMITED,Darling Downs Power Station,F,QLD,8083131.0,,,,944682.0,,On,NEM,Gas,,2018
ORIGIN ENERGY LIMITED,Drapac,F,VIC,2136.0,,,,403.0,,On,NEM,Gas,,2018
ORIGIN ENERGY LIMITED,Eraring Power Station,F,NSW,61870118.0,,,,14914916.0,,On,NEM,Black Coal,,2018
ORIGIN ENERGY LIMITED,Exhibition Street,F,VIC,8693.0,,,,1484.0,,On,NEM,Gas,,2018
ORIGIN ENERGY LIMITED,Kent Street,F,NSW,13175.0,,,,2006.0,,On,NEM,Gas,,2018
ORIGIN ENERGY LIMITED,La Trobe,F,VIC,2368.0,,,,377.0,,On,NEM,Gas,,2018
ORIGIN ENERGY LIMITED,Ladbroke Grove Power Station,F,SA,659904.0,,,,103852.0,,On,NEM,Gas,,2018
ORIGIN ENERGY LIMITED,Mirvac,F,NSW,17254.0,,,,2852.0,,On,NEM,Gas,,2018
ORIGIN ENERGY LIMITED,Mortlake Power Station,F,VIC,4603899.0,,,,707978.0,,On,NEM,Gas,,2018
ORIGIN ENERGY LIMITED,Mount,F,NSW,7304.0,,,,1204.0,,On,NEM,Gas,,2018
ORIGIN ENERGY LIMITED,Mt Stuart Power Station,F,QLD,35050.0,,,,13869.0,,On,NEM,Kerosene,,2018
ORIGIN ENERGY LIMITED,Quarantine Power Station,F,SA,686982.0,,,,125361.0,,On,NEM,Gas,,2018
ORIGIN ENERGY LIMITED,Roma Power Station,F,QLD,113872.0,,,,21667.0,,On,NEM,Gas,,2018
ORIGIN ENERGY LIMITED,Shoalhaven Scheme,F,NSW,357536.0,,,,116371.0,,On,NEM,Hydro,,2018
ORIGIN ENERGY LIMITED,Stockland Headquarters,F,NSW,5280.0,,,,905.0,,On,NEM,Gas,,2018
ORIGIN ENERGY LIMITED,University of NSW,F,NSW,8434.0,,,,1398.0,,On,NEM,Gas,,2018
ORIGIN ENERGY LIMITED,Uranquinty Power Station,F,NSW,2002061.0,,,,340854.0,,On,NEM,Gas,,2018
ORIGIN ENERGY LIMITED,Corporate Total,C,,78495653.0,,,,17303341.0,,,,,,2018
OZGEN HOLDINGS AUSTRALIA PTY LTD,Callide C Power Station (facility),F,QLD,21023694.0,,,,5265665.0,,On,NEM,Black Coal,"Please note that where more than one person has operational control over a facility at the same time and no nomination of operational control has been made, data for the facility for the entire period must be reported by the controlling corporation of each entity with operational control. This results in the same facility being reported multiple times.
C S ENERGY LIMITED and OZGEN HOLDINGS AUSTRALIA PTY LTD, have each included the same data for the Callide C Power Station in their NGER reports.",2018
OZGEN HOLDINGS AUSTRALIA PTY LTD,Millmerran Power Station (facility),F,QLD,25420974.0,,,,5794351.0,,On,NEM,Black Coal,,2018
OZGEN HOLDINGS AUSTRALIA PTY LTD,Corporate Total,C,,46444668.0,,,,11060016.0,,,,,,2018
PALISADE WATERLOO HOLDINGS PTY LTD,Waterloo Wind Farm,F,SA,1103275.0,,,,270.0,,On,NEM,Wind,,2018
PALISADE WATERLOO HOLDINGS PTY LTD,Corporate Total,C,,1103275.0,,,,270.0,,,,,,2018
PELICAN POINT POWER LIMITED,Pelican Point Power Station,F,SA,9836716.0,,,,1088112.0,,On,NEM,Gas,,2018
PELICAN POINT POWER LIMITED,Corporate Total,C,,9836716.0,,,,1088112.0,,,,,,2018
PERTH ENERGY PTY LTD,Kwinana Swift Power Station,F,WA,469390.0,,,,70022.0,,On,SWIS,Gas,,2018
PERTH ENERGY PTY LTD,Corporate Total,C,,469390.0,,,,70022.0,,,,,,2018
PILBARA IRON PTY LTD,Cape Lambert Power Station,F,WA,561172.0,,,,94474.0,,On,NWIS,Gas,,2018
PILBARA IRON PTY LTD,Paraburdoo Power Station,F,WA,1889622.0,,,,278826.0,,On,NWIS,Gas,,2018
PILBARA IRON PTY LTD,West Angelas Power Station,F,WA,1645593.0,,,,243391.0,,On,NWIS,Gas,,2018
PILBARA IRON PTY LTD,Yurralyi Maya Power Station,F,WA,2150682.0,,,,330538.0,,On,NWIS,Gas,,2018
PILBARA IRON PTY LTD,Corporate Total,C,,6247069.0,,,,947229.0,,,,,,2018
PIONEER SAIL HOLDINGS PTY LIMITED,Bairnsdale Power Station,F,VIC,938097.0,,,,137803.0,,On,NEM,Gas,,2018
PIONEER SAIL HOLDINGS PTY LIMITED,Braemar Power Station,F,QLD,1527900.0,,,,250678.0,,On,NEM,Coal Seam Methane,,2018
PIONEER SAIL HOLDINGS PTY LIMITED,Loy Yang B Power Station,F,VIC,31933714.0,,,,10132776.0,,On,NEM,Brown Coal,,2018
PIONEER SAIL HOLDINGS PTY LIMITED,Newman Power Station,F,WA,879617.0,,,,188790.0,,Off,Off-grid,Gas,,2018
PIONEER SAIL HOLDINGS PTY LIMITED,Port Hedland Power Station,F,WA,1868227.0,,,,400838.0,,On,NWIS,Gas,,2018
PIONEER SAIL HOLDINGS PTY LIMITED,Wagerup Power Station,F,WA,1193965.0,,,,194988.0,,On,SWIS,Gas,,2018
PIONEER SAIL HOLDINGS PTY LIMITED,Corporate Total,C,,38341520.0,,,,11305873.0,,,,,,2018
POWER AND WATER CORPORATION,Alpurrurulam (Lake Nash),F,NT,5764.0,,,,1178.0,,Off,Off-grid,Diesel,,2018
POWER AND WATER CORPORATION,Amanbidgi (Kildurk),F,NT,932.0,,,,250.0,,Off,Off-grid,Diesel,,2018
POWER AND WATER CORPORATION,"Ampilatwatja (Alparra, Ammaroo)",F,NT,13015.0,,,,2229.0,,Off,Off-grid,Diesel,,2018
POWER AND WATER CORPORATION,Amunturangu (Mount Liebig),F,NT,2939.0,,,,559.0,,Off,Off-grid,Diesel,,2018
POWER AND WATER CORPORATION,Aputula (Finke),F,NT,3489.0,,,,697.0,,Off,Off-grid,Diesel,,2018
POWER AND WATER CORPORATION,Areyonga (Utju),F,NT,3889.0,,,,694.0,,Off,Off-grid,Diesel,,2018
POWER AND WATER CORPORATION,Atitjere (Harts Range),F,NT,3425.0,,,,696.0,,Off,Off-grid,Diesel,,2018
POWER AND WATER CORPORATION,Borroloola Generation,F,NT,22877.0,,,,4359.0,,Off,Off-grid,Diesel,,2018
POWER AND WATER CORPORATION,Bulla Camp,F,NT,1506.0,,,,389.0,,Off,Off-grid,Diesel,,2018
POWER AND WATER CORPORATION,Bulman,F,NT,4267.0,,,,896.0,,Off,Off-grid,Diesel,,2018
POWER AND WATER CORPORATION,Daly Waters Generation,F,NT,4120.0,,,,813.0,,Off,Off-grid,Diesel,,2018
POWER AND WATER CORPORATION,Elliot Generation,F,NT,9983.0,,,,2020.0,,Off,Off-grid,Gas,,2018
POWER AND WATER CORPORATION,Engawala (Alcoota),F,NT,1949.0,,,,422.0,,Off,Off-grid,Diesel,,2018
POWER AND WATER CORPORATION,Epenarra (Wutunugurra),F,NT,2731.0,,,,613.0,,Off,Off-grid,Diesel,,2018
POWER AND WATER CORPORATION,Eva Valley,F,NT,1318.0,,,,298.0,,Off,Off-grid,Diesel,,2018
POWER AND WATER CORPORATION,Galiwinku (Elcho Island),F,NT,25193.0,,,,4954.0,,Off,Off-grid,Diesel,,2018
POWER AND WATER CORPORATION,Gapuwiyak (Lake Evella),F,NT,10934.0,,,,2177.0,,Off,Off-grid,Diesel,,2018
POWER AND WATER CORPORATION,Gunbalanya (Oenpelli),F,NT,18396.0,,,,3642.0,,Off,Off-grid,Diesel,,2018
POWER AND WATER CORPORATION,Ikuntji (Haasts Bluff),F,NT,2553.0,,,,578.0,,Off,Off-grid,Diesel,,2018
POWER AND WATER CORPORATION,Imangara (Murray Downs),F,NT,1071.0,,,,237.0,,Off,Off-grid,Diesel,,2018
POWER AND WATER CORPORATION,Imanpa (Mount Ebenezer),F,NT,2234.0,,,,449.0,,Off,Off-grid,Diesel,,2018
POWER AND WATER CORPORATION,Kalkaringi (Wave Hill),F,NT,9548.0,,,,1859.0,,Off,Off-grid,Diesel,,2018
POWER AND WATER CORPORATION,Kaltukatjara (Docker River),F,NT,5592.0,,,,992.0,,Off,Off-grid,Diesel,,2018
POWER AND WATER CORPORATION,Lajamanu (Hooker Creek),F,NT,11771.0,,,,2051.0,,Off,Off-grid,Diesel,,2018
POWER AND WATER CORPORATION,Laramba (Napperby),F,NT,3462.0,,,,689.0,,Off,Off-grid,Diesel,,2018
POWER AND WATER CORPORATION,Maningrida,F,NT,31719.0,,,,5349.0,,Off,Off-grid,Diesel,,2018
POWER AND WATER CORPORATION,Milikapiti (Snake Bay),F,NT,7499.0,,,,1591.0,,Off,Off-grid,Diesel,,2018
POWER AND WATER CORPORATION,Milingimbi,F,NT,13378.0,,,,2766.0,,Off,Off-grid,Diesel,,2018
POWER AND WATER CORPORATION,Milyakburra (Bickerton Island),F,NT,3233.0,,,,653.0,,Off,Off-grid,Diesel,,2018
POWER AND WATER CORPORATION,Minjilang (Croker Island),F,NT,4974.0,,,,1051.0,,Off,Off-grid,Diesel,,2018
POWER AND WATER CORPORATION,Minyerri (Hodgson Downs),F,NT,8366.0,,,,1708.0,,Off,Off-grid,Diesel,,2018
POWER AND WATER CORPORATION,Nauiyu Nambiyu (Daly River),F,NT,11550.0,,,,2018.0,,Off,Off-grid,Diesel,,2018
POWER AND WATER CORPORATION,Nguiu (Bathurst Island),F,NT,24394.0,,,,4927.0,,Off,Off-grid,Diesel,,2018
POWER AND WATER CORPORATION,Ngukurr (Roper River),F,NT,16495.0,,,,3355.0,,Off,Off-grid,Diesel,,2018
POWER AND WATER CORPORATION,Numbulwar (Rose River),F,NT,10635.0,,,,2138.0,,Off,Off-grid,Diesel,,2018
POWER AND WATER CORPORATION,Nyirripi (Waite Creek),F,NT,3660.0,,,,619.0,,Off,Off-grid,Diesel,,2018
POWER AND WATER CORPORATION,Orwaitilla (Canteen Creek),F,NT,3552.0,,,,706.0,,Off,Off-grid,Diesel,,2018
POWER AND WATER CORPORATION,Palumpa,F,NT,5382.0,,,,1040.0,,Off,Off-grid,Diesel,,2018
POWER AND WATER CORPORATION,Papunya,F,NT,6812.0,,,,1373.0,,Off,Off-grid,Diesel,,2018
POWER AND WATER CORPORATION,Peppimenarti,F,NT,4284.0,,,,853.0,,Off,Off-grid,Diesel,,2018
POWER AND WATER CORPORATION,Pidgeon Hole,F,NT,1731.0,,,,377.0,,Off,Off-grid,Diesel,,2018
POWER AND WATER CORPORATION,Pirlangimpi (Garden Point),F,NT,7098.0,,,,1530.0,,Off,Off-grid,Diesel,,2018
POWER AND WATER CORPORATION,Ramingining,F,NT,11699.0,,,,1871.0,,Off,Off-grid,Diesel,,2018
POWER AND WATER CORPORATION,Robinson River,F,NT,4182.0,,,,839.0,,Off,Off-grid,Diesel,,2018
POWER AND WATER CORPORATION,Tara (Neutral Junction),F,NT,1211.0,,,,276.0,,Off,Off-grid,Diesel,,2018
POWER AND WATER CORPORATION,Ti Tree Generation,F,NT,8345.0,,,,1703.0,,Off,Off-grid,Diesel,,2018
POWER AND WATER CORPORATION,Timber Creek,F,NT,10771.0,,,,2114.0,,Off,Off-grid,Diesel,,2018
POWER AND WATER CORPORATION,Titjikala (Maryvale),F,NT,3951.0,,,,745.0,,Off,Off-grid,Diesel,,2018
POWER AND WATER CORPORATION,Umbakumba,F,NT,9152.0,,,,1945.0,,Off,Off-grid,Diesel,,2018
POWER AND WATER CORPORATION,Wadeye (Port Keats),F,NT,34017.0,,,,5651.0,,Off,Off-grid,Gas,,2018
POWER AND WATER CORPORATION,Walungurru (Kintore),F,NT,6754.0,,,,1116.0,,Off,Off-grid,Diesel,,2018
POWER AND WATER CORPORATION,Warruwi (Goulburn Is),F,NT,6599.0,,,,1260.0,,Off,Off-grid,Diesel,,2018
POWER AND WATER CORPORATION,Wilora (Stirling),F,NT,1242.0,,,,277.0,,Off,Off-grid,Diesel,,2018
POWER AND WATER CORPORATION,Wirliyatjarrayi (Willowra),F,NT,3591.0,,,,697.0,,Off,Off-grid,Diesel,,2018
POWER AND WATER CORPORATION,Yarralin,F,NT,4822.0,,,,929.0,,Off,Off-grid,Diesel,,2018
POWER AND WATER CORPORATION,Yuendumu,F,NT,19228.0,,,,3361.0,,Off,Off-grid,Diesel,,2018
POWER AND WATER CORPORATION,Corporate Total,C,,463284.0,,,,88579.0,,,,,,2018
POWER GENERATION CORPORATION,Channel Island Power Station,F,NT,3826034.0,,,,615463.0,,On,DKIS,Gas,,2018
POWER GENERATION CORPORATION,Katherine Power Station,F,NT,71615.0,,,,15454.0,,On,DKIS,Gas,,2018
POWER GENERATION CORPORATION,Kings Canyon,F,NT,4032.0,,,,864.0,,Off,Off-grid,Solar,,2018
POWER GENERATION CORPORATION,Owen Springs Power Station,F,NT,268834.0,,,,46056.0,,Off,Off-grid,Gas,,2018
POWER GENERATION CORPORATION,Ron Goodin Power Station,F,NT,453701.0,,,,90139.0,,Off,Off-grid,Gas,,2018
POWER GENERATION CORPORATION,Tennant Creek Power Station,F,NT,104958.0,,,,20950.0,,Off,Off-grid,Gas,,2018
POWER GENERATION CORPORATION,Weddell Power Station,F,NT,1310487.0,,,,214572.0,,On,DKIS,Gas,,2018
POWER GENERATION CORPORATION,Yulara Power Station,F,NT,70409.0,,,,12751.0,,Off,Off-grid,Gas,,2018
POWER GENERATION CORPORATION,Corporate Total,C,,6110070.0,,,,1016249.0,,,,,,2018
PRATT CONSOLIDATED HOLDINGS PTY. LTD.,Visy Energy - Coolaroo Co-gen,F,VIC,66477.0,,,,36916.0,,On,NEM,Biofuel,,2018
PRATT CONSOLIDATED HOLDINGS PTY. LTD.,Visy Power Generation - Smithfield Energy Facility,F,NSW,16689.0,,,,4237.0,,On,NEM,Gas,,2018
PRATT CONSOLIDATED HOLDINGS PTY. LTD.,Corporate Total,C,,83166.0,,,,41153.0,,,,,,2018
QGC UPSTREAM INVESTMENTS PTY LTD,Condamine Power Station,F,QLD,3058063.0,,,,377557.0,,On,NEM,Gas,,2018
QGC UPSTREAM INVESTMENTS PTY LTD,Corporate Total,C,,3058063.0,,,,377557.0,,,,,,2018
RATCH - AUSTRALIA CORPORATION LIMITED,Kemerton Power Station,F,WA,250045.0,,,,52344.0,,On,SWIS,Gas,,2018
RATCH - AUSTRALIA CORPORATION LIMITED,Starfish Hill Wind Farm,F,SA,350856.0,,,,75.0,,On,NEM,Wind,,2018
RATCH - AUSTRALIA CORPORATION LIMITED,Toora Wind Farm,F,VIC,177373.0,,,,243.0,,On,NEM,Wind,,2018
RATCH - AUSTRALIA CORPORATION LIMITED,Townsville Power Station,F,QLD,877378.0,,,,115534.0,,On,NEM,Coal Seam Methane,,2018
RATCH - AUSTRALIA CORPORATION LIMITED,Windy Hill Wind Farm,F,QLD,108987.0,,,,43.0,,On,NEM,Wind,,2018
RATCH - AUSTRALIA CORPORATION LIMITED,Corporate Total,C,,1764639.0,,,,168239.0,,,,,,2018
REGIONAL POWER CORPORATION,Carnarvon Power Station & Distribution network,F,WA,155505.0,,,,22440.0,,Off,Off-grid,Gas,,2018
REGIONAL POWER CORPORATION,Denham Power Station & Denham Distribution network,F,WA,14638.0,,,,2674.0,,Off,Off-grid,Diesel,,2018
REGIONAL POWER CORPORATION,Kalumburu Power Station & Distribution network,F,WA,7474.0,,,,1434.0,,Off,Off-grid,Diesel,,2018
REGIONAL POWER CORPORATION,Kununurra Power Station & Kununurra Distribution network,F,WA,337.0,,,,267.0,,Off,Off-grid,Diesel,,2018
REGIONAL POWER CORPORATION,Marble Bar Power Station & Marble Bar Distribution network,F,WA,8074.0,,,,1091.0,,Off,Off-grid,Diesel,,2018
REGIONAL POWER CORPORATION,Murchison Radio Astronomy Power Station and Distribution Network,F,WA,14385.0,,,,2397.0,,Off,Off-grid,Diesel,,2018
REGIONAL POWER CORPORATION,Nullagine Power Station & Nullagine Distribution network,F,WA,3850.0,,,,620.0,,Off,Off-grid,Diesel,,2018
REGIONAL POWER CORPORATION,Onslow Power Station Horizon Power back-up & Onslow Distribtion Network,F,WA,23968.0,,,,4539.0,,Off,Off-grid,Gas,,2018
REGIONAL POWER CORPORATION,Wyndham Power Station & Distribution network,F,WA,489.0,,,,113.0,,Off,Off-grid,Diesel,,2018
REGIONAL POWER CORPORATION,Yungngora Power Station & Yungngora Distribution Network,F,WA,5871.0,,,,966.0,,Off,Off-grid,Diesel,,2018
REGIONAL POWER CORPORATION,Corporate Total,C,,234591.0,,,,36541.0,,,,,,2018
REGIONAL WIND FARMS PTY LTD,Wonthaggi Wind Farm,F,VIC,104304.0,,,,66.0,,On,NEM,Wind,,2018
REGIONAL WIND FARMS PTY LTD,Corporate Total,C,,104304.0,,,,66.0,,,,,,2018
RENEWABLE POWER AUSTRALIA LIMITED,FPC Green Energy,F,QLD,273499.0,,,,4562.0,,On,NEM,Bagasse,,2018
RENEWABLE POWER AUSTRALIA LIMITED,Corporate Total,C,,273499.0,,,,4562.0,,,,,,2018
SANTOS LIMITED,Wilga Park Power Station,F,NSW,304096.0,,,,50006.0,,On,NEM,Coal Seam Methane,,2018
SANTOS LIMITED,Corporate Total,C,,304096.0,,,,50006.0,,,,,,2018
SHENHUA CLEAN ENERGY HOLDINGS PTY LIMITED,Musselroe Wind Farm Pty Ltd,F,TAS,2164720.0,,,,343.0,,On,NEM,Wind,,2018
SHENHUA CLEAN ENERGY HOLDINGS PTY LIMITED,Woolnorth Bluff point Wind Farm Pty Ltd,F,TAS,897716.0,,,,113.0,,On,NEM,Wind,,2018
SHENHUA CLEAN ENERGY HOLDINGS PTY LIMITED,Woolnorth Studland Bay Wind Farm Pty Ltd,F,TAS,1038241.0,,,,109.0,,On,NEM,Wind,,2018
SHENHUA CLEAN ENERGY HOLDINGS PTY LIMITED,Corporate Total,C,,4100677.0,,,,565.0,,,,,,2018
SNOWTOWN SOUTH WIND FARM PTY. LTD.,SNOWTOWN SOUTH WIND FARM,F,SA,1657221.0,,,,189.0,,On,NEM,Wind,,2018
SNOWTOWN SOUTH WIND FARM PTY. LTD.,Corporate Total,C,,1657221.0,,,,189.0,,,,,,2018
SNOWTOWN WIND FARM PTY LTD,Snowtown Wind Farm,F,SA,1277877.0,,,,451.0,,On,NEM,Wind,,2018
SNOWTOWN WIND FARM PTY LTD,Corporate Total,C,,1277877.0,,,,451.0,,,,,,2018
SNOWTOWN WIND FARM STAGE 2 PTY. LTD.,SNOWTOWN WIND FARM STAGE 2,F,SA,1684213.0,,,,252.0,,On,NEM,Wind,,2018
SNOWTOWN WIND FARM STAGE 2 PTY. LTD.,Corporate Total,C,,1684213.0,,,,252.0,,,,,,2018
SNOWY HYDRO LIMITED,Angaston Power Station,F,SA,8000.0,,,,2249.0,,On,NEM,Diesel,,2018
SNOWY HYDRO LIMITED,Colongra Power Station,F,NSW,54436.0,,,,15043.0,,On,NEM,Gas,,2018
SNOWY HYDRO LIMITED,Laverton North Power Station,F,VIC,644421.0,,,,111411.0,,On,NEM,Gas,,2018
SNOWY HYDRO LIMITED,Lonsdale/Port Stanvac Power Station,F,SA,17488.0,,,,4129.0,,On,NEM,Diesel,,2018
SNOWY HYDRO LIMITED,Snowy Hydro Ltd,F,NSW,15661978.0,,,,216445.0,,On,NEM,Hydro,,2018
SNOWY HYDRO LIMITED,Valley Power,F,VIC,82369.0,,,,20336.0,,On,NEM,Gas,,2018
SNOWY HYDRO LIMITED,Corporate Total,C,,16468692.0,,,,369613.0,,,,,,2018
SOLAR FARM INVESTMENTS PTY LTD,Moree Solar Farm,F,NSW,557766.0,,,,636.0,,On,NEM,Solar,,2018
SOLAR FARM INVESTMENTS PTY LTD,Corporate Total,C,,557766.0,,,,636.0,,,,,,2018
SPIC PACIFIC ENERGY PTY LTD,Challicum Hills Wind Farm,F,VIC,477876.0,,,,58.0,,On,NEM,Wind,,2018
SPIC PACIFIC ENERGY PTY LTD,Clements Gap Wind Farm,F,SA,680546.0,,,,120.0,,On,NEM,Wind,,2018
SPIC PACIFIC ENERGY PTY LTD,Codrington Wind Farm,F,VIC,156907.0,,,,23.0,,On,NEM,Wind,,2018
SPIC PACIFIC ENERGY PTY LTD,Crowlands Wind Farm,F,VIC,421.0,,,,1086.0,,On,NEM,Wind,,2018
SPIC PACIFIC ENERGY PTY LTD,Eildon Pondage Hydro,F,VIC,54693.0,,,,2.0,,On,NEM,Hydro,,2018
SPIC PACIFIC ENERGY PTY LTD,Glenmaggie Hydro,F,VIC,14580.0,,,,5.0,,On,NEM,Hydro,,2018
SPIC PACIFIC ENERGY PTY LTD,Ord Hydro,F,WA,794832.0,,,,29.0,,Off,Off-grid,Hydro,,2018
SPIC PACIFIC ENERGY PTY LTD,Portland Wind Farms,F,VIC,1655926.0,,,,60.0,,On,NEM,Wind,,2018
SPIC PACIFIC ENERGY PTY LTD,Taralga Wind Farm,F,NSW,1084847.0,,,,91.0,,On,NEM,Wind,,2018
SPIC PACIFIC ENERGY PTY LTD,The Drop Hydro,F,NSW,15493.0,,,,5.0,,On,NEM,Hydro,,2018
SPIC PACIFIC ENERGY PTY LTD,William Hovell Hydro,F,VIC,14407.0,,,,4.0,,On,NEM,Hydro,,2018
SPIC PACIFIC ENERGY PTY LTD,Yaloak South Wind Farm,F,VIC,129067.0,,,,164.0,,On,NEM,Wind,,2018
SPIC PACIFIC ENERGY PTY LTD,Yambuk Wind Farm,F,VIC,326561.0,,,,37.0,,On,NEM,Wind,,2018
SPIC PACIFIC ENERGY PTY LTD,Corporate Total,C,,5406156.0,,,,1684.0,,,,,,2018
STANWELL CORPORATION LIMITED,Barron Gorge Power Station,F,QLD,554034.0,,,,675.0,,On,NEM,Hydro,,2018
STANWELL CORPORATION LIMITED,Kareeya Power Station,F,QLD,1621510.0,,,,1733.0,,On,NEM,Hydro,,2018
STANWELL CORPORATION LIMITED,Mackay Gas Turbine,F,QLD,683.0,,,,261.0,,On,NEM,Diesel,,2018
STANWELL CORPORATION LIMITED,Mica Creek Power Station,F,QLD,435909.0,,,,91696.0,,On,Mt Isa,Gas,,2018
STANWELL CORPORATION LIMITED,Stanwell Power Station,F,QLD,31695761.0,,,,7637735.0,,On,NEM,Black Coal,,2018
STANWELL CORPORATION LIMITED,Swanbank E Power Station,F,QLD,2416169.0,,,,262428.0,,On,NEM,Gas,,2018
STANWELL CORPORATION LIMITED,Tarong Power Stations,F,QLD,43557325.0,,,,10473950.0,,On,NEM,Black Coal,,2018
STANWELL CORPORATION LIMITED,Corporate Total,C,,80281391.0,,,,18468478.0,,,,,,2018
SUNSET POWER INTERNATIONAL PTY LTD,Vales Point Power Station,F,NSW,29025803.0,,,,7015626.0,,On,NEM,Black Coal,,2018
SUNSET POWER INTERNATIONAL PTY LTD,Corporate Total,C,,29025803.0,,,,7015626.0,,,,,,2018
SWF1 OPERATIONS HOLDINGS PTY LTD,SWF 1 Operations Holdings Pty Ltd,F,NSW,266253.0,,,,3555.0,,On,NEM,Wind,,2018
SWF1 OPERATIONS HOLDINGS PTY LTD,Corporate Total,C,,266253.0,,,,3555.0,,,,,,2018
SYNERGEN POWER PTY LIMITED,Dry Creek Power Station,F,SA,38614.0,,,,11006.0,,On,NEM,Gas,,2018
SYNERGEN POWER PTY LIMITED,Mintaro Power Station,F,SA,152219.0,,,,32456.0,,On,NEM,Gas,,2018
SYNERGEN POWER PTY LIMITED,Port Lincoln Power Station,F,SA,6022.0,,,,3001.0,,On,NEM,Diesel,,2018
SYNERGEN POWER PTY LIMITED,Snuggery Power Station,F,SA,2678.0,,,,1276.0,,On,NEM,Diesel,,2018
SYNERGEN POWER PTY LIMITED,Corporate Total,C,,199533.0,,,,47739.0,,,,,,2018
TASMANIAN IRRIGATION PTY LTD,Midlands Power Station,F,TAS,103308.0,,,,0.0,,On,NEM,Hydro,,2018
TASMANIAN IRRIGATION PTY LTD,Corporate Total,C,,103308.0,,,,0.0,,,,,,2018
TRANSALTA ENERGY (AUSTRALIA) PTY LTD,Kalgoorlie Power Station,F,WA,935310.0,,,,148040.0,,On,SWIS,Gas,,2018
TRANSALTA ENERGY (AUSTRALIA) PTY LTD,Kambalda Power Station,F,WA,966932.0,,,,148433.0,,On,SWIS,Gas,,2018
TRANSALTA ENERGY (AUSTRALIA) PTY LTD,Leinster Power Station,F,WA,900097.0,,,,169107.0,,Off,Off-grid,Gas,,2018
TRANSALTA ENERGY (AUSTRALIA) PTY LTD,Mt Keith Power Station,F,WA,1543160.0,,,,222682.0,,Off,Off-grid,Gas,,2018
TRANSALTA ENERGY (AUSTRALIA) PTY LTD,Solomon Power Station,F,WA,334016.0,,,,58143.0,,Off,Off-grid,Gas,,2018
TRANSALTA ENERGY (AUSTRALIA) PTY LTD,South Hedland Power Station,F,WA,1542652.0,,,,208477.0,,Off,Off-grid,Gas,,2018
TRANSALTA ENERGY (AUSTRALIA) PTY LTD,Corporate Total,C,,6222167.0,,,,954882.0,,,,,,2018
WATER CORPORATION,Cocos Keeling Islands - Home Island Generation,F,WA,8913.0,,,,1735.0,,Off,Off-grid,Diesel,,2018
WATER CORPORATION,Cocos Keeling Islands - West Island Generation,F,WA,8948.0,,,,1981.0,,Off,Off-grid,Diesel,,2018
WATER CORPORATION,Corporate Total,C,,17861.0,,,,3716.0,,,,,,2018
WEIPA SOLAR FARM PTY LTD,Weipa Solar Power Station,F,QLD,3115.0,,,,4.0,,Off,Off-grid,Solar,,2018
WEIPA SOLAR FARM PTY LTD,Corporate Total,C,,3115.0,,,,4.0,,,,,,2018
YARA AUSTRALIA PTY LTD,YPF UTILITIES PRODUCTION AND SUPPLY,F,WA,96155.0,,,,28078.0,,Off,Off-grid,Gas,,2018
YARA AUSTRALIA PTY LTD,Corporate Total,C,,96155.0,,,,28078.0,,,,,,2018
Acciona Energy Oceania Pty. Ltd.,Cathedral Rocks Wind Farm,F,SA,632284.0,,,,252.0,,On,NEM,Wind,,2019
Acciona Energy Oceania Pty. Ltd.,Gunning Wind Farm,F,NSW,592807.0,,,,239.0,,On,NEM,Wind,,2019
Acciona Energy Oceania Pty. Ltd.,Mt Gellibrand Wind Farm,F,VIC,844669.0,,,,900.0,,On,NEM,Wind,,2019
Acciona Energy Oceania Pty. Ltd.,Waubra Wind Farm,F,VIC,2261159.0,,,,993.0,,On,NEM,Wind,,2019
Acciona Energy Oceania Pty. Ltd.,Corporate Total,C,,4330919.0,,,,2384.0,,,,,,2019
AGL Energy Limited,Banimboola Hydro,F,VIC,153268.0,,,,21.0,,On,NEM,Hydro,,2019
AGL Energy Limited,Bayswater Power Station,F,NSW,57455186.0,,,,14115413.0,,On,NEM,Black Coal,,2019
AGL Energy Limited,Bogong Power Station,F,VIC,285290.0,,,,939.0,,On,NEM,Hydro,,2019
AGL Energy Limited,Broken Hill Solar Plant,F,NSW,445268.0,,,,425.0,,On,NEM,Solar,,2019
AGL Energy Limited,Burrendong Hydro,F,NSW,22225.0,,,,54.0,,On,NEM,Hydro,,2019
AGL Energy Limited,Clover Hydro,F,VIC,126367.0,,,,298.0,,On,NEM,Hydro,,2019
AGL Energy Limited,Coopers Cogeneration,F,SA,51189.0,,,,10449.0,,On,NEM,Gas,,2019
AGL Energy Limited,Copeton Hydro,F,NSW,135016.0,,,,28.0,,On,NEM,Hydro,,2019
AGL Energy Limited,Dartmouth Hydro,F,VIC,1799330.0,,,,179.0,,On,NEM,Hydro,,2019
AGL Energy Limited,Eildon Hydro,F,VIC,647219.0,,,,1463.0,,On,NEM,Hydro,,2019
AGL Energy Limited,Glenbawn Hydro,F,NSW,7601.0,,,,10.0,,On,NEM,Hydro,,2019
AGL Energy Limited,Glenorchy Landfill Generation,F,TAS,6546.0,,,,105.0,,On,NEM,Landfill Gas,,2019
AGL Energy Limited,Hallett (Stage 1) Wind Farm,F,SA,1160489.0,,,,303.0,,On,NEM,Wind,,2019
AGL Energy Limited,Hallett (Stage 2) Wind Farm,F,SA,942452.0,,,,225.0,,On,NEM,Wind,,2019
AGL Energy Limited,Hallett (Stage 4) Wind Farm,F,SA,1692633.0,,,,495.0,,On,NEM,Wind,,2019
AGL Energy Limited,Hallett (Stage 5) Wind Farm,F,SA,567813.0,,,,235.0,,On,NEM,Wind,,2019
AGL Energy Limited,Hobart Landfill Generation,F,TAS,4694.0,,,,74.0,,On,NEM,Landfill Gas,,2019
AGL Energy Limited,Hunter Valley Gas Turbines,F,NSW,9061.0,,,,3790.0,,On,NEM,Gas,,2019
AGL Energy Limited,Kemps Creek Landfill Generation,F,NSW,3707.0,,,,66.0,,On,NEM,Landfill Gas,,2019
AGL Energy Limited,Kincumber Landfill Generation,F,NSW,1407.0,,,,32.0,,On,NEM,Landfill Gas,,2019
AGL Energy Limited,Liddell Power Station,F,NSW,33269876.0,,,,8528422.0,,On,NEM,Black Coal,,2019
AGL Energy Limited,Loy Yang Power Station and Mine,F,VIC,57454359.0,,,,18798519.0,,On,NEM,Brown Coal,,2019
AGL Energy Limited,Macarthur Wind Farm,F,VIC,3837422.0,,,,3476.0,,On,NEM,Wind,,2019
AGL Energy Limited,McKay Creek Hydro,F,VIC,357324.0,,,,5221.0,,On,NEM,Hydro,,2019
AGL Energy Limited,Moranbah Power Station,F,QLD,31820.0,,,,5205.0,,On,NEM,Coal Seam Methane,,2019
AGL Energy Limited,Nyngan Solar Plant,F,NSW,885827.0,,,,913.0,,On,NEM,Solar,,2019
AGL Energy Limited,Oaklands Hill Wind Farm,F,VIC,676822.0,,,,707.0,,On,NEM,Wind,,2019
AGL Energy Limited,Pindari Hydro,F,NSW,3551.0,,,,24.0,,On,NEM,Hydro,,2019
AGL Energy Limited,Rockingham Landfill Generation,F,WA,14213.0,,,,186.0,,On,SWIS,Landfill Gas,,2019
AGL Energy Limited,Rubicon Hydro Scheme,F,VIC,96135.0,,,,268.0,,On,NEM,Hydro,,2019
AGL Energy Limited,Silverton Wind Farm,F,NSW,949891.0,,,,924.0,,On,NEM,Wind,,2019
AGL Energy Limited,Somerton Power Station,F,VIC,370484.0,,,,76435.0,,On,NEM,Gas,,2019
AGL Energy Limited,Torrens Island Power Station,F,SA,9383475.0,,,,1502265.0,,On,NEM,Gas,,2019
AGL Energy Limited,Wattle Point Wind Farm,F,SA,973725.0,,,,209.0,,On,NEM,Wind,,2019
AGL Energy Limited,Werribee Biogas Generator,F,VIC,47512.0,,,,902.0,,On,NEM,Sludge Biogas,,2019
AGL Energy Limited,West Kiewa Hydro,F,VIC,510310.0,,,,1173.0,,On,NEM,Hydro,,2019
AGL Energy Limited,Wilpena Pound Solar Generation,F,SA,2502.0,,,,683.0,,Off,Off-grid,Solar,,2019
AGL Energy Limited,Woy Woy Landfill Generation,F,NSW,6016.0,,,,93.0,,On,NEM,Landfill Gas,,2019
AGL Energy Limited,Yarrawonga Hydro,F,VIC,94596.0,,,,39.0,,On,NEM,Hydro,,2019
AGL Energy Limited,Corporate Total,C,,174482621.0,,,,43060268.0,,,,,,2019
Alcoa Australian Holdings Pty Ltd,Alinta Pinjarra Generation Facility,F,WA,7645593.0,,,,1416546.0,,On,SWIS,Gas,,2019
Alcoa Australian Holdings Pty Ltd,Corporate Total,C,,7645593.0,,,,1416546.0,,,,,,2019
APT Pipelines Limited,Badgingarra Wind Farm,F,WA,829490.0,,,,332.0,,On,SWIS,Wind,,2019
APT Pipelines Limited,Daandine Power Station,F,QLD,598740.0,,,,86396.0,,On,NEM,Coal Seam Methane,"Please note that where more than one person has operational control over a facility at the same time and no nomination of operational control has been made, data for the facility for the entire period must be reported by the controlling corporation of each entity with operational control. This results in the same facility being reported multiple times.
APT PIPELINES LIMITED and CLARKE ENERGY (AUSTRALIA) PTY. LTD., have each included the same data for the Daandine Power Station in their NGER reports.",2019
APT Pipelines Limited,Darling Downs Solar Farm Pty Ltd,F,QLD,553117.0,,,,327.0,,On,NEM,Solar,,2019
APT Pipelines Limited,Diamantina Power Station,F,QLD,6070307.0,,,,695943.0,,On,Mt Isa,Gas,,2019
APT Pipelines Limited,Emu Downs Solar Farm,F,WA,149347.0,,,,78.0,,On,SWIS,Solar,,2019
APT Pipelines Limited,Emu Downs Wind Farm,F,WA,837691.0,,,,462.0,,On,SWIS,Wind,,2019
APT Pipelines Limited,Corporate Total,C,,9038692.0,,,,783538.0,,,,,,2019
Arrow Energy Holdings Pty Ltd,Braemar 2 Power Station,F,QLD,1629858.0,,,,279764.0,,On,NEM,Coal Seam Methane,,2019
Arrow Energy Holdings Pty Ltd,Corporate Total,C,,1629858.0,,,,279764.0,,,,,,2019
ATCO AUSTRALIA PTY LTD,Karratha Power Station,F,WA,264568.0,,,,59834.0,,On,NWIS,Gas,,2019
ATCO AUSTRALIA PTY LTD,Osborne facility,F,SA,2822286.0,,,,321789.0,,On,NEM,Gas,,2019
ATCO AUSTRALIA PTY LTD,Corporate Total,C,,3086854.0,,,,381623.0,,,,,,2019
AWF AUS HOLD OP CO PTY LTD,Facility,F,VIC,2118642.0,,,,1166.0,,On,NEM,Wind,,2019
AWF AUS HOLD OP CO PTY LTD,Corporate Total,C,,2118642.0,,,,1166.0,,,,,,2019
Bald Hills WF Holdings Pty Ltd,Bald Hills Wind Farm Pty Ltd,F,VIC,1194048.0,,,,830.0,,On,NEM,Wind,,2019
Bald Hills WF Holdings Pty Ltd,Corporate Total,C,,1194048.0,,,,830.0,,,,,,2019
BEIJING JINGNENG CLEAN ENERGY (AUSTRALIA) HOLDING PTY LTD,Gullen Solar Pty Ltd,F,NSW,71564.0,,,,180.0,,On,NEM,Solar,,2019
BEIJING JINGNENG CLEAN ENERGY (AUSTRALIA) HOLDING PTY LTD,New Gullen Range Wind Farm Pty Ltd,F,NSW,1684985.0,,,,243.0,,On,NEM,Wind,,2019
BEIJING JINGNENG CLEAN ENERGY (AUSTRALIA) HOLDING PTY LTD,Corporate Total,C,,1756549.0,,,,423.0,,,,,,2019
BHP Billiton Limited,Yarnima Power Station,F,WA,2614535.0,,,,307802.0,,Off,Off-grid,Gas,,2019
BHP Billiton Limited,Corporate Total,C,,2614535.0,,,,307802.0,,,,,,2019
Bluewaters Power 1 Pty Ltd,Bluewaters Power 1,F,WA,5991996.0,,,,1510130.0,,On,SWIS,Black Coal,,2019
Bluewaters Power 1 Pty Ltd,Corporate Total,C,,5991996.0,,,,1510130.0,,,,,,2019
Bluewaters Power 2 Pty Ltd,Bluewaters Power 2,F,WA,5889305.0,,,,1443941.0,,On,SWIS,Black Coal,,2019
Bluewaters Power 2 Pty Ltd,Corporate Total,C,,5889305.0,,,,1443941.0,,,,,,2019
BPIH Utilities Holdings Pty Ltd,Enwave Central Park Pty Ltd,F,NSW,12571.0,,,,4777.0,,On,NEM,Gas,,2019
BPIH Utilities Holdings Pty Ltd,Enwave Mascot Pty Ltd,F,NSW,102706.0,,,,17478.0,,On,NEM,Gas,,2019
BPIH Utilities Holdings Pty Ltd,Corporate Total,C,,115277.0,,,,22255.0,,,,,,2019
C S Energy Limited,Callide B Power Station,F,QLD,17356352.0,,,,4597768.0,,On,NEM,Black Coal,,2019
C S Energy Limited,Callide C Power Station,F,QLD,22352040.0,,,,5811226.0,,On,NEM,Black Coal,"Please note that where more than one person has operational control over a facility at the same time and no nomination of operational control has been made, data for the facility for the entire period must be reported by the controlling corporation of each entity with operational control. This results in the same facility being reported multiple times.
C S ENERGY LIMITED and OZGEN HOLDINGS AUSTRALIA PTY LTD, have each included the same data for the Callide C Power Station in their NGER reports.",2019
C S Energy Limited,Kogan Creek Power Station,F,QLD,22421876.0,,,,5108944.0,,On,NEM,Black Coal,,2019
C S Energy Limited,Wivenhoe Power Station,F,QLD,414271.0,,,,161462.0,,On,NEM,Hydro,,2019
C S Energy Limited,Corporate Total,C,,62544539.0,,,,15679400.0,,,,,,2019
Cape Byron Management Pty Ltd,Broadwater Power Plant,F,NSW,852273.0,,,,8465.0,,On,NEM,Bagasse,,2019
Cape Byron Management Pty Ltd,Condong Power Plant,F,NSW,788625.0,,,,6437.0,,On,NEM,Bagasse,,2019
Cape Byron Management Pty Ltd,Corporate Total,C,,1640898.0,,,,14902.0,,,,,,2019
CBWF Holdings Pty Limited,Facility,F,VIC,296983.0,,,,97.0,,On,NEM,Wind,,2019
CBWF Holdings Pty Limited,Corporate Total,C,,296983.0,,,,97.0,,,,,,2019
CECEP WIND POWER AUSTRALIA HOLDING PTY LTD,White Rock Wind Farm Pty Ltd,F,NSW,1914008.0,,,,481.0,,On,NEM,Wind,,2019
CECEP WIND POWER AUSTRALIA HOLDING PTY LTD,Corporate Total,C,,1914008.0,,,,481.0,,,,,,2019
CK William Australia Holdings Pty Ltd,Appin CSM Power Station,F,NSW,815398.0,,,,157667.0,,On,NEM,Waste Coal Mine Gas,,2019
CK William Australia Holdings Pty Ltd,Ardyaloon Facility,F,WA,6603.0,,,,1291.0,,Off,Off-grid,Diesel,,2019
CK William Australia Holdings Pty Ltd,Beagle Bay Facility,F,WA,6316.0,,,,1239.0,,Off,Off-grid,Diesel,,2019
CK William Australia Holdings Pty Ltd,Belrose LFG Power Station,F,NSW,10558.0,,,,163.0,,On,NEM,Landfill Gas,,2019
CK William Australia Holdings Pty Ltd,Berwick LFG Power Station,F,VIC,39320.0,,,,785.0,,On,NEM,Landfill Gas,,2019
CK William Australia Holdings Pty Ltd,Bidyadanga Facility,F,WA,10937.0,,,,2196.0,,Off,Off-grid,Diesel,,2019
CK William Australia Holdings Pty Ltd,Broadmeadows LFG Power Station,F,VIC,47372.0,,,,780.0,,On,NEM,Landfill Gas,,2019
CK William Australia Holdings Pty Ltd,Brooklyn LFG Power Station,F,VIC,35959.0,,,,562.0,,On,NEM,Landfill Gas,,2019
CK William Australia Holdings Pty Ltd,Broome LNG Power Station,F,WA,488274.0,,,,76055.0,,Off,Off-grid,Gas,,2019
CK William Australia Holdings Pty Ltd,Browns Plains LFG Power Station,F,QLD,52792.0,,,,852.0,,On,NEM,Landfill Gas,,2019
CK William Australia Holdings Pty Ltd,Clayton LFG Power Station,F,VIC,321110.0,,,,4714.0,,On,NEM,Landfill Gas,,2019
CK William Australia Holdings Pty Ltd,Coober Pedy Facility,F,SA,60368.0,,,,1846.0,,Off,Off-grid,Wind,,2019
CK William Australia Holdings Pty Ltd,Corio LFG Power Station,F,VIC,26917.0,,,,393.0,,On,NEM,Landfill Gas,,2019
CK William Australia Holdings Pty Ltd,Cullerin Range Wind Farm,F,NSW,378098.0,,,,106.0,,On,NEM,Wind,,2019
CK William Australia Holdings Pty Ltd,Derby LNG Power Station,F,WA,123198.0,,,,20497.0,,Off,Off-grid,Gas,,2019
CK William Australia Holdings Pty Ltd,Djarindjin Facility,F,WA,6566.0,,,,1282.0,,Off,Off-grid,Diesel,,2019
CK William Australia Holdings Pty Ltd,Eastern Creek LFG Power Station,F,NSW,24398.0,,,,370.0,,On,NEM,Landfill Gas,,2019
CK William Australia Holdings Pty Ltd,Fitzroy Crossing LNG Power Station,F,WA,56409.0,,,,10069.0,,Off,Off-grid,Gas,,2019
CK William Australia Holdings Pty Ltd,Gascoyne Facility,F,WA,2671.0,,,,591.0,,Off,Off-grid,Diesel,,2019
CK William Australia Holdings Pty Ltd,German Creek CMM Power Station,F,QLD,1136412.0,,,,166725.0,,On,NEM,Waste Coal Mine Gas,,2019
CK William Australia Holdings Pty Ltd,Glennies Creek WCMG Power Station,F,NSW,272987.0,,,,39311.0,,On,NEM,Waste Coal Mine Gas,,2019
CK William Australia Holdings Pty Ltd,Grange Avenue LFG Power Station,F,NSW,16910.0,,,,267.0,,On,NEM,Landfill Gas,,2019
CK William Australia Holdings Pty Ltd,Grosvenor 1 WCMG Power Station,F,QLD,539603.0,,,,83617.0,,On,NEM,Waste Coal Mine Gas,,2019
CK William Australia Holdings Pty Ltd,Grosvenor 2 WCMG Power Station,F,QLD,416344.0,,,,65361.0,,On,NEM,Waste Coal Mine Gas,,2019
CK William Australia Holdings Pty Ltd,Halls Creek LNG Power Station,F,WA,44315.0,,,,8201.0,,Off,Off-grid,Gas,,2019
CK William Australia Holdings Pty Ltd,Jack's Gully LFG Power Station,F,NSW,39524.0,,,,640.0,,On,NEM,Landfill Gas,,2019
CK William Australia Holdings Pty Ltd,Kalamunda Power Station,F,WA,25.0,,,,7.0,,On,SWIS,Diesel,,2019
CK William Australia Holdings Pty Ltd,Laverton Facility,F,WA,14188.0,,,,2748.0,,Off,Off-grid,Diesel,,2019
CK William Australia Holdings Pty Ltd,Leonora Facility,F,WA,30659.0,,,,6247.0,,Off,Off-grid,Gas,,2019
CK William Australia Holdings Pty Ltd,Looma NGD power Station,F,WA,8887.0,,,,2053.0,,Off,Off-grid,Diesel,,2019
CK William Australia Holdings Pty Ltd,Lucas Heights 1 LFG Power Station,F,NSW,51529.0,,,,840.0,,On,NEM,Landfill Gas,,2019
CK William Australia Holdings Pty Ltd,Lucas Heights 2 LFG Power Station,F,NSW,376337.0,,,,6009.0,,On,NEM,Landfill Gas,,2019
CK William Australia Holdings Pty Ltd,McArthur River Power Station,F,NT,1065042.0,,,,139771.0,,Off,Off-grid,Gas,,2019
CK William Australia Holdings Pty Ltd,Menzies Facility,F,WA,2591.0,,,,562.0,,Off,Off-grid,Diesel,,2019
CK William Australia Holdings Pty Ltd,Moranbah North CMM Power Station,F,QLD,1575597.0,,,,245998.0,,On,NEM,Waste Coal Mine Gas,,2019
CK William Australia Holdings Pty Ltd,Mugga Lane LFG Power Station,F,ACT,104783.0,,,,1682.0,,On,NEM,Landfill Gas,,2019
CK William Australia Holdings Pty Ltd,Oaky Creek II WCMG Power Station,F,QLD,393455.0,,,,55809.0,,On,NEM,Waste Coal Mine Gas,,2019
CK William Australia Holdings Pty Ltd,Oaky Creek WCMG Power Station,F,QLD,478980.0,,,,68128.0,,On,NEM,Waste Coal Mine Gas,,2019
CK William Australia Holdings Pty Ltd,Pine Creek A Power Station,F,NT,522590.0,,,,85034.0,,On,DKIS,Gas,,2019
CK William Australia Holdings Pty Ltd,Red Hill LFG Power Station,F,WA,93668.0,,,,1270.0,,On,SWIS,Landfill Gas,,2019
CK William Australia Holdings Pty Ltd,Roghan Road LFG Power Station,F,QLD,1058.0,,,,45.0,,On,NEM,Landfill Gas,,2019
CK William Australia Holdings Pty Ltd,Springvale LFG Power Station,F,VIC,45234.0,,,,637.0,,On,NEM,Landfill Gas,,2019
CK William Australia Holdings Pty Ltd,Tahmoor WCMG Power Station,F,NSW,167358.0,,,,26064.0,,On,NEM,Waste Coal Mine Gas,,2019
CK William Australia Holdings Pty Ltd,Tamala Park LFG Power Station,F,WA,133649.0,,,,1814.0,,On,SWIS,Landfill Gas,,2019
CK William Australia Holdings Pty Ltd,Tower CSM Power Station,F,NSW,380832.0,,,,70284.0,,On,NEM,Waste Coal Mine Gas,,2019
CK William Australia Holdings Pty Ltd,Warmun Facility,F,WA,10273.0,,,,2109.0,,Off,Off-grid,Diesel,,2019
CK William Australia Holdings Pty Ltd,Weipa Solar Power Station,F,QLD,9167.0,,,,11.0,,Off,Off-grid,Solar,,2019
CK William Australia Holdings Pty Ltd,West Belconnen LFG Power Station,F,ACT,6230.0,,,,137.0,,On,NEM,Landfill Gas,,2019
CK William Australia Holdings Pty Ltd,Wingfield 1 LFG Power Station,F,SA,55487.0,,,,755.0,,On,NEM,Landfill Gas,,2019
CK William Australia Holdings Pty Ltd,Wingfield 2 LFG Power Station,F,SA,44492.0,,,,607.0,,On,NEM,Landfill Gas,,2019
CK William Australia Holdings Pty Ltd,Wonthaggi Wind Farm,F,VIC,105209.0,,,,55.0,,On,NEM,Wind,,2019
CK William Australia Holdings Pty Ltd,Corporate Total,C,,10656679.0,,,,1364256.0,,,,,,2019
CLARE SOLAR FARM HOLDINGS PTY LTD,Clare Solar Farm,F,QLD,532632.0,,,,1060.0,,On,NEM,Solar,,2019
CLARE SOLAR FARM HOLDINGS PTY LTD,Corporate Total,C,,532632.0,,,,1060.0,,,,,,2019
Clarke Energy (Australia) Pty Ltd,Daandine Power Station,F,QLD,598740.0,,,,86396.0,,On,NEM,Coal Seam Methane,"Please note that where more than one person has operational control over a facility at the same time and no nomination of operational control has been made, data for the facility for the entire period must be reported by the controlling corporation of each entity with operational control. This results in the same facility being reported multiple times.
APT PIPELINES LIMITED and CLARKE ENERGY (AUSTRALIA) PTY. LTD., have each included the same data for the Daandine Power Station in their NGER reports.",2019
Clarke Energy (Australia) Pty Ltd,Corporate Total,C,,598740.0,,,,86396.0,,,,,,2019
Contract Power Australia Pty Ltd,Cue Town Powerstation,F,WA,12189.0,,,,2379.0,,Off,Off-grid,Diesel,,2019
Contract Power Australia Pty Ltd,Meekatharra Town Powerstation,F,WA,23184.0,,,,4359.0,,Off,Off-grid,Diesel,,2019
Contract Power Australia Pty Ltd,Mt Magnet Town Powerstation,F,WA,13822.0,,,,2411.0,,Off,Off-grid,Gas,,2019
Contract Power Australia Pty Ltd,Norseman Gold Power Station,F,WA,13099.0,,,,2602.0,,Off,Off-grid,Diesel,,2019
Contract Power Australia Pty Ltd,Sandstone Town Powerstation,F,WA,2396.0,,,,502.0,,Off,Off-grid,Diesel,,2019
Contract Power Australia Pty Ltd,Wiluna Town Powerstation,F,WA,8958.0,,,,1792.0,,Off,Off-grid,Diesel,,2019
Contract Power Australia Pty Ltd,Yalgoo Town Powerstation,F,WA,3476.0,,,,752.0,,Off,Off-grid,Diesel,,2019
Contract Power Australia Pty Ltd,Corporate Total,C,,77124.0,,,,14797.0,,,,,,2019
CWF Holdings Pty Ltd,Collgar Wind Farm,F,WA,2575810.0,,,,868.0,,On,SWIS,Wind,,2019
CWF Holdings Pty Ltd,Corporate Total,C,,2575810.0,,,,868.0,,,,,,2019
CWP RENEWABLES PTY LTD,Boco Rock Wind Farm Pty Ltd,F,NSW,1352497.0,,,,812.0,,On,NEM,Wind,,2019
CWP RENEWABLES PTY LTD,Corporate Total,C,,1352497.0,,,,812.0,,,,,,2019
Delta Electricity Pty Ltd,Vales Point Power Station,F,NSW,28253057.0,,,,6802304.0,,On,NEM,Black Coal,,2019
Delta Electricity Pty Ltd,Corporate Total,C,,28253057.0,,,,6802304.0,,,,,,2019
DIF INFRA 4 HOLDINGS AUSTRALIA PTY LTD,Royalla Solar Farm,F,ACT,136968.0,,,,181.0,,On,NEM,Solar,,2019
DIF INFRA 4 HOLDINGS AUSTRALIA PTY LTD,Corporate Total,C,,136968.0,,,,181.0,,,,,,2019
Edify Energy Pty Ltd,GESS ProjectCo Pty Ltd,F,VIC,0.0,,,,1196.0,,On,NEM,Battery,,2019
Edify Energy Pty Ltd,Hamilton Solar Farm Pty Ltd,F,QLD,332932.0,,,,41.0,,On,NEM,Solar,,2019
Edify Energy Pty Ltd,The Daydream Solar Farm Trust,F,QLD,496757.0,,,,34.0,,On,NEM,Solar,,2019
Edify Energy Pty Ltd,The Hayman Solar Farm Trust,F,QLD,95807.0,,,,16.0,,On,NEM,Solar,,2019
Edify Energy Pty Ltd,Whitsunday Solar Farm Pty,F,QLD,303123.0,,,,40.0,,On,NEM,Solar,,2019
Edify Energy Pty Ltd,Corporate Total,C,,1228619.0,,,,1327.0,,,,,,2019
Electricity Generation and Retail Corporation,Albany Wind Farm,F,WA,110693.0,,,,13.0,,On,SWIS,Wind,,2019
Electricity Generation and Retail Corporation,Bremer Bay Wind Diesel Power Station,F,WA,6230.0,,,,15.0,,On,SWIS,Wind,,2019
Electricity Generation and Retail Corporation,Cockburn Power Station,F,WA,344322.0,,,,37334.0,,On,SWIS,Gas,,2019
Electricity Generation and Retail Corporation,Collie Power Station,F,WA,5700563.0,,,,1442981.0,,On,SWIS,Black Coal,,2019
Electricity Generation and Retail Corporation,Coral Bay Wind Diesel Power Station,F,WA,12206.0,,,,1696.0,,Off,Off-grid,Diesel,,2019
Electricity Generation and Retail Corporation,Denham Wind Farm,F,WA,6513.0,,,,1.0,,Off,Off-grid,Wind,,2019
Electricity Generation and Retail Corporation,Esperance Wind Farm,F,WA,55845.0,,,,7.0,,Off,Off-grid,Wind,,2019
Electricity Generation and Retail Corporation,Hopetoun Wind Diesel Power Station,F,WA,17106.0,,,,2138.0,,Off,Off-grid,Diesel,,2019
Electricity Generation and Retail Corporation,Kalbarri Wind Farm,F,WA,14254.0,,,,2.0,,On,SWIS,Wind,,2019
Electricity Generation and Retail Corporation,Kalgoorlie Gas Turbine Station,F,WA,11234.0,,,,2998.0,,On,SWIS,Gas,,2019
Electricity Generation and Retail Corporation,Kwinana Power Station,F,WA,3224177.0,,,,463992.0,,On,SWIS,Gas,,2019
Electricity Generation and Retail Corporation,Muja Power Station,F,WA,13806671.0,,,,3530016.0,,On,SWIS,Black Coal,,2019
Electricity Generation and Retail Corporation,Mungarra Gas Turbine Station,F,WA,19911.0,,,,4294.0,,On,SWIS,Gas,,2019
Electricity Generation and Retail Corporation,Pinjar Gas Turbine Station,F,WA,1875732.0,,,,428939.0,,On,SWIS,Gas,,2019
Electricity Generation and Retail Corporation,Corporate Total,C,,25205457.0,,,,5914426.0,,,,,,2019
Electricity Networks Corporation,Ravensthorpe Power Station,F,WA,1006.0,,,,187.0,,On,SWIS,Diesel,,2019
Electricity Networks Corporation,Corporate Total,C,,1006.0,,,,187.0,,,,,,2019
ENERGY QUEENSLAND LIMITED,Aurukun Remote generation,F,QLD,22917.0,,,,4414.0,,Off,Off-grid,Diesel,,2019
ENERGY QUEENSLAND LIMITED,Badu Island Remote Generation,F,QLD,10925.0,,,,2132.0,,Off,Off-grid,Diesel,,2019
ENERGY QUEENSLAND LIMITED,Bamaga Remote Generation,F,QLD,50931.0,,,,9921.0,,Off,Off-grid,Diesel,,2019
ENERGY QUEENSLAND LIMITED,Barcaldine Power Station Facility,F,QLD,8884.0,,,,5948.0,,On,NEM,Gas,,2019
ENERGY QUEENSLAND LIMITED,Bedourie Remote Generation,F,QLD,5027.0,,,,929.0,,Off,Off-grid,Diesel,,2019
ENERGY QUEENSLAND LIMITED,Birdsville Remote Generation,F,QLD,6940.0,,,,1259.0,,Off,Off-grid,Diesel,,2019
ENERGY QUEENSLAND LIMITED,Boigu Island Remote Generation,F,QLD,4262.0,,,,881.0,,Off,Off-grid,Diesel,,2019
ENERGY QUEENSLAND LIMITED,Boulia Remote Generation,F,QLD,10209.0,,,,1729.0,,Off,Off-grid,Diesel,,2019
ENERGY QUEENSLAND LIMITED,Burketown Remote Generation,F,QLD,9014.0,,,,2038.0,,Off,Off-grid,Diesel,,2019
ENERGY QUEENSLAND LIMITED,Camooweal Remote Generation,F,QLD,8565.0,,,,1658.0,,Off,Off-grid,Diesel,,2019
ENERGY QUEENSLAND LIMITED,Coconut Island Remote Generation,F,QLD,3673.0,,,,756.0,,Off,Off-grid,Diesel,,2019
ENERGY QUEENSLAND LIMITED,Coen Remote Generation,F,QLD,6271.0,,,,1164.0,,Off,Off-grid,Diesel,,2019
ENERGY QUEENSLAND LIMITED,Darnley Island Remote Generation,F,QLD,5048.0,,,,1029.0,,Off,Off-grid,Diesel,,2019
ENERGY QUEENSLAND LIMITED,Dauan Island Remote Generation,F,QLD,3028.0,,,,627.0,,Off,Off-grid,Diesel,,2019
ENERGY QUEENSLAND LIMITED,Doomadgee Remote Generation,F,QLD,25221.0,,,,4474.0,,Off,Off-grid,Diesel,,2019
ENERGY QUEENSLAND LIMITED,Energy Impact - Bromelton Peak Generation Plant - Facility,F,QLD,1008.0,,,,647.0,,On,NEM,Diesel,,2019
ENERGY QUEENSLAND LIMITED,Energy Impact - Generation - Facility,F,QLD,1189.0,,,,233.0,,On,NEM,Diesel,,2019
ENERGY QUEENSLAND LIMITED,Gununa Remote Generation,F,QLD,22007.0,,,,4282.0,,Off,Off-grid,Diesel,,2019
ENERGY QUEENSLAND LIMITED,Hammond Island,F,QLD,2383.0,,,,527.0,,Off,Off-grid,Diesel,,2019
ENERGY QUEENSLAND LIMITED,Jundah Remote Generation,F,QLD,3680.0,,,,750.0,,Off,Off-grid,Diesel,,2019
ENERGY QUEENSLAND LIMITED,Kowanyama Remote Generation,F,QLD,17735.0,,,,3427.0,,Off,Off-grid,Diesel,,2019
ENERGY QUEENSLAND LIMITED,Kubin Island Remote Generation,F,QLD,7614.0,,,,1450.0,,Off,Off-grid,Diesel,,2019
ENERGY QUEENSLAND LIMITED,Lockhart River Remote Generation,F,QLD,9184.0,,,,1843.0,,Off,Off-grid,Diesel,,2019
ENERGY QUEENSLAND LIMITED,Mabuig Island Remote Generation,F,QLD,3897.0,,,,807.0,,Off,Off-grid,Diesel,,2019
ENERGY QUEENSLAND LIMITED,Mapoon Remote Generation,F,QLD,5612.0,,,,1066.0,,Off,Off-grid,Diesel,,2019
ENERGY QUEENSLAND LIMITED,Murray Island Remote Generation,F,QLD,7875.0,,,,1454.0,,Off,Off-grid,Diesel,,2019
ENERGY QUEENSLAND LIMITED,Palm Island Remote Generation,F,QLD,27964.0,,,,5442.0,,Off,Off-grid,Diesel,,2019
ENERGY QUEENSLAND LIMITED,Pormpuraaw,F,QLD,11442.0,,,,2246.0,,Off,Off-grid,Diesel,,2019
ENERGY QUEENSLAND LIMITED,Sabai Island Remote Generation,F,QLD,5438.0,,,,1088.0,,Off,Off-grid,Diesel,,2019
ENERGY QUEENSLAND LIMITED,Stephen Island Remote Generation,F,QLD,1490.0,,,,315.0,,Off,Off-grid,Diesel,,2019
ENERGY QUEENSLAND LIMITED,Thursday Island Remote Generation,F,QLD,87610.0,,,,16454.0,,Off,Off-grid,Diesel,,2019
ENERGY QUEENSLAND LIMITED,Warraber Island Remote Generation,F,QLD,4700.0,,,,946.0,,Off,Off-grid,Diesel,,2019
ENERGY QUEENSLAND LIMITED,Wasaga Remote Generation,F,QLD,15077.0,,,,3088.0,,Off,Off-grid,Diesel,,2019
ENERGY QUEENSLAND LIMITED,Windorah Remote Generation,F,QLD,4064.0,,,,787.0,,Off,Off-grid,Diesel,,2019
ENERGY QUEENSLAND LIMITED,Yam Island,F,QLD,5771.0,,,,1066.0,,Off,Off-grid,Diesel,,2019
ENERGY QUEENSLAND LIMITED,York Island,F,QLD,5088.0,,,,941.0,,Off,Off-grid,Diesel,,2019
ENERGY QUEENSLAND LIMITED,Corporate Total,C,,431743.0,,,,87818.0,,,,,,2019
EnergyAustralia Holdings Limited,Hallett Power Station,F,SA,71647.0,,,,21687.0,,On,NEM,Gas,,2019
EnergyAustralia Holdings Limited,Jeeralang Power Station,F,VIC,533473.0,,,,117565.0,,On,NEM,Gas,,2019
EnergyAustralia Holdings Limited,Mt Piper Power Station,F,NSW,24820121.0,,,,5944955.0,,On,NEM,Black Coal,,2019
EnergyAustralia Holdings Limited,Newport Power Station,F,VIC,2598296.0,,,,406760.0,,On,NEM,Gas,,2019
EnergyAustralia Holdings Limited,Tallawarra Power Station,F,NSW,3441659.0,,,,362582.0,,On,NEM,Gas,,2019
EnergyAustralia Holdings Limited,Yallourn Power Station,F,VIC,36478944.0,,,,13467202.0,,On,NEM,Brown Coal,,2019
EnergyAustralia Holdings Limited,Corporate Total,C,,67944140.0,,,,20320751.0,,,,,,2019
ERM Power Limited,Newgen Neerabup Power Station,F,WA,672822.0,,,,115836.0,,On,SWIS,Gas,,2019
ERM Power Limited,Oakey Power Station,F,QLD,61655.0,,,,13838.0,,On,NEM,Gas,,2019
ERM Power Limited,Corporate Total,C,,734477.0,,,,129674.0,,,,,,2019
Esperance Power Station Pty Ltd,Esperance Power Station,F,WA,233659.0,,,,51930.0,,Off,Off-grid,Gas,,2019
Esperance Power Station Pty Ltd,Corporate Total,C,,233659.0,,,,51930.0,,,,,,2019
Essential Energy,Essential Energy Generation Facility - Broken Hill Gas Turbine,F,NSW,140.0,,,,261.0,,On,NEM,Diesel,,2019
Essential Energy,Corporate Total,C,,140.0,,,,261.0,,,,,,2019
Fengate Exmouth Energy SPV PTY LTD,Exmouth Power Station Pty Ltd,F,WA,90341.0,,,,17269.0,,Off,Off-grid,Gas,,2019
Fengate Exmouth Energy SPV PTY LTD,Corporate Total,C,,90341.0,,,,17269.0,,,,,,2019
Fortescue Metals Group Ltd,Solomon Power Station,F,WA,1043858.0,,,,182117.0,,Off,Off-grid,Gas,,2019
Fortescue Metals Group Ltd,Corporate Total,C,,1043858.0,,,,182117.0,,,,,,2019
GLOBAL POWER GENERATION AUSTRALIA PTY LTD,Crookwell 2 Wind farm,F,NSW,647812.0,,,,497.0,,On,NEM,Wind,,2019
GLOBAL POWER GENERATION AUSTRALIA PTY LTD,Corporate Total,C,,647812.0,,,,497.0,,,,,,2019
Goldfields Power Pty Ltd,Parkeston Power Station,F,WA,603059.0,,,,99889.0,,On,SWIS,Gas,,2019
Goldfields Power Pty Ltd,Corporate Total,C,,603059.0,,,,99889.0,,,,,,2019
Hydro Power Pty Limited,Wyangala A,F,NSW,152255.0,,,,0.0,,On,NEM,Hydro,,2019
Hydro Power Pty Limited,Corporate Total,C,,152255.0,,,,0.0,,,,,,2019
HYDRO-ELECTRIC CORPORATION,Bastyan Hydro Power Station,F,TAS,1376709.0,,,,23.0,,On,NEM,Hydro,,2019
HYDRO-ELECTRIC CORPORATION,Butlers Gorge Hydro Power Station,F,TAS,344641.0,,,,0.0,,On,NEM,Hydro,,2019
HYDRO-ELECTRIC CORPORATION,Catagunya Hydro Power Station,F,TAS,826521.0,,,,30.0,,On,NEM,Hydro,,2019
HYDRO-ELECTRIC CORPORATION,Cethana Hydro Power Station,F,TAS,1464015.0,,,,445.0,,On,NEM,Hydro,,2019
HYDRO-ELECTRIC CORPORATION,Cluny Hydro Power Station,F,TAS,318955.0,,,,21.0,,On,NEM,Hydro,,2019
HYDRO-ELECTRIC CORPORATION,Devils Gate Hydro Power Station,F,TAS,532038.0,,,,44.0,,On,NEM,Hydro,,2019
HYDRO-ELECTRIC CORPORATION,Fisher Hydro Power Station,F,TAS,889688.0,,,,0.0,,On,NEM,Hydro,,2019
HYDRO-ELECTRIC CORPORATION,Flinders Island Power Station,F,TAS,17129.0,,,,1972.0,,Off,Off-grid,Wind,,2019
HYDRO-ELECTRIC CORPORATION,Gordon Hydro Power Station,F,TAS,5410792.0,,,,129.0,,On,NEM,Hydro,,2019
HYDRO-ELECTRIC CORPORATION,John Butters Hydro Power Station,F,TAS,2065881.0,,,,350.0,,On,NEM,Hydro,,2019
HYDRO-ELECTRIC CORPORATION,King Island Power Station,F,TAS,47005.0,,,,4223.0,,Off,Off-grid,Wind,,2019
HYDRO-ELECTRIC CORPORATION,Lake Echo Hydro Power Station,F,TAS,296452.0,,,,16.0,,On,NEM,Hydro,,2019
HYDRO-ELECTRIC CORPORATION,Lake Margaret Lower Hydro Power station,F,TAS,29333.0,,,,5.0,,On,NEM,Hydro,,2019
HYDRO-ELECTRIC CORPORATION,Lake Margaret Upper Hydro Power Station,F,TAS,155915.0,,,,2.0,,On,NEM,Hydro,,2019
HYDRO-ELECTRIC CORPORATION,Lemonthyme Hydro Power Station,F,TAS,1018208.0,,,,44.0,,On,NEM,Hydro,,2019
HYDRO-ELECTRIC CORPORATION,Liapootah Hydro Power Station,F,TAS,1615251.0,,,,68.0,,On,NEM,Hydro,,2019
HYDRO-ELECTRIC CORPORATION,Mackintosh Hydro Power Station,F,TAS,1365635.0,,,,35.0,,On,NEM,Hydro,,2019
HYDRO-ELECTRIC CORPORATION,Meadowbank Hydro Power Station,F,TAS,616109.0,,,,21.0,,On,NEM,Hydro,,2019
HYDRO-ELECTRIC CORPORATION,Paloona Hydro Power Station,F,TAS,453429.0,,,,19.0,,On,NEM,Hydro,,2019
HYDRO-ELECTRIC CORPORATION,Parangana Hydro Power Station,F,TAS,16533.0,,,,0.0,,On,NEM,Hydro,,2019
HYDRO-ELECTRIC CORPORATION,Poatina Hydro Power Station,F,TAS,4749158.0,,,,1243.0,,On,NEM,Hydro,,2019
HYDRO-ELECTRIC CORPORATION,Reece Hydro Power Station,F,TAS,3548975.0,,,,1427.0,,On,NEM,Hydro,,2019
HYDRO-ELECTRIC CORPORATION,Rowallan Hydro Power Station,F,TAS,159641.0,,,,0.0,,On,NEM,Hydro,,2019
HYDRO-ELECTRIC CORPORATION,Tamar Valley Power Station,F,TAS,1740438.0,,,,218949.0,,On,NEM,Gas,,2019
HYDRO-ELECTRIC CORPORATION,Tarraleah Hydro Power Station,F,TAS,2310057.0,,,,116.0,,On,NEM,Hydro,,2019
HYDRO-ELECTRIC CORPORATION,Tods Corner Hydro Power Station,F,TAS,5745.0,,,,7.0,,On,NEM,Hydro,,2019
HYDRO-ELECTRIC CORPORATION,Trevallyn Hydro Power Station,F,TAS,1458511.0,,,,39.0,,On,NEM,Hydro,,2019
HYDRO-ELECTRIC CORPORATION,Tribute Hydro Power Station,F,TAS,867017.0,,,,50.0,,On,NEM,Hydro,,2019
HYDRO-ELECTRIC CORPORATION,Tungatinah Hydro Power Station,F,TAS,2076371.0,,,,142.0,,On,NEM,Hydro,,2019
HYDRO-ELECTRIC CORPORATION,Wayatinah Hydro Power Station,F,TAS,921802.0,,,,54.0,,On,NEM,Hydro,,2019
HYDRO-ELECTRIC CORPORATION,Wilmot Hydro Power Station,F,TAS,462497.0,,,,44.0,,On,NEM,Hydro,,2019
HYDRO-ELECTRIC CORPORATION,Corporate Total,C,,37160451.0,,,,229518.0,,,,,,2019
Impact Investment Group Pty Ltd ATF Regenerative Capital Unit Trust,Baking Board Solar Farm,F,QLD,62166.0,,,,55.0,,On,NEM,Solar,,2019
Impact Investment Group Pty Ltd ATF Regenerative Capital Unit Trust,Karratha Solar Power No 1 Pty Ltd,F,WA,7067.0,,,,9.0,,On,NWIS,Solar,,2019
Impact Investment Group Pty Ltd ATF Regenerative Capital Unit Trust,Mount Majura Solar Farm,F,ACT,14863.0,,,,1.0,,On,NEM,Solar,,2019
Impact Investment Group Pty Ltd ATF Regenerative Capital Unit Trust,Swan Hill Solar Farm,F,VIC,127432.0,,,,108.0,,On,NEM,Solar,,2019
Impact Investment Group Pty Ltd ATF Regenerative Capital Unit Trust,Williamsdale Solar Farm,F,ACT,73956.0,,,,60.0,,On,NEM,Solar,,2019
Impact Investment Group Pty Ltd ATF Regenerative Capital Unit Trust,Corporate Total,C,,285484.0,,,,233.0,,,,,,2019
Infigen Energy Limited,Alinta Wind Farm,F,WA,1259669.0,,,,642.0,,On,SWIS,Wind,,2019
Infigen Energy Limited,Bodangora Wind Farm,F,NSW,362610.0,,,,143.0,,On,NEM,Wind,,2019
Infigen Energy Limited,Capital Wind Farm,F,NSW,1328023.0,,,,909.0,,On,NEM,Wind,,2019
Infigen Energy Limited,"Lake Bonney Stage 1,2 & 3 Wind Farm",F,SA,2441318.0,,,,924.0,,On,NEM,Wind,,2019
Infigen Energy Limited,Smithfield Gas Turbine,F,NSW,9537.0,,,,1963.0,,On,NEM,Gas,,2019
Infigen Energy Limited,Woodlawn Wind Farm,F,NSW,546193.0,,,,224.0,,On,NEM,Wind,,2019
Infigen Energy Limited,Corporate Total,C,,5947350.0,,,,4805.0,,,,,,2019
International Power (Australia) Holdings Pty Limited,Canunda Wind Farm,F,SA,474347.0,,,,114.0,,On,NEM,Wind,,2019
International Power (Australia) Holdings Pty Limited,Dry Creek Power Station,F,SA,29759.0,,,,8573.0,,On,NEM,Gas,,2019
International Power (Australia) Holdings Pty Limited,Mintaro Power Station,F,SA,39848.0,,,,9620.0,,On,NEM,Gas,,2019
International Power (Australia) Holdings Pty Limited,Pelican Point Power Station,F,SA,11097594.0,,,,1224197.0,,On,NEM,Gas,,2019
International Power (Australia) Holdings Pty Limited,Port Lincoln Power Station,F,SA,9890.0,,,,4568.0,,On,NEM,Diesel,,2019
International Power (Australia) Holdings Pty Limited,Snuggery Power Station,F,SA,5588.0,,,,2192.0,,On,NEM,Diesel,,2019
International Power (Australia) Holdings Pty Limited,Corporate Total,C,,11657026.0,,,,1249264.0,,,,,,2019
KARADOC SOLAR FARM HOLDCO PTY LTD,KARADOC SOLAR FARM,F,VIC,459184.0,,,,326.0,,On,NEM,Solar,,2019
KARADOC SOLAR FARM HOLDCO PTY LTD,Corporate Total,C,,459184.0,,,,326.0,,,,,,2019
KIAMCO Foresight Hanwha Barcaldine 1 Pty Ltd,Barcaldine Remote Community Solar Farm Pty Ltd,F,QLD,197268.0,,,,122.0,,On,NEM,Solar,,2019
KIAMCO Foresight Hanwha Barcaldine 1 Pty Ltd,Corporate Total,C,,197268.0,,,,122.0,,,,,,2019
Kiata Wind Farm Holdings Pty Ltd,Kiata Wind Farm Pty Ltd,F,VIC,474210.0,,,,172.0,,On,NEM,Wind,,2019
Kiata Wind Farm Holdings Pty Ltd,Corporate Total,C,,474210.0,,,,172.0,,,,,,2019
LGI LIMITED,Benaraby LFGE Station,F,QLD,25625.0,,,,467.0,,On,NEM,Landfill Gas,,2019
LGI LIMITED,Bunya LFGE Station,F,QLD,10289.0,,,,342.0,,On,NEM,Landfill Gas,,2019
LGI LIMITED,Caboolture LFGE Station,F,QLD,34801.0,,,,672.0,,On,NEM,Landfill Gas,,2019
LGI LIMITED,Dakabin LFGE Station,F,QLD,41270.0,,,,633.0,,On,NEM,Landfill Gas,,2019
LGI LIMITED,Maryborough LFGE Station,F,QLD,27785.0,,,,513.0,,On,NEM,Landfill Gas,,2019
LGI LIMITED,Willawong LFGE Station,F,QLD,16470.0,,,,305.0,,On,NEM,Landfill Gas,,2019
LGI LIMITED,Corporate Total,C,,156240.0,,,,2932.0,,,,,,2019
Lighthouse Infrastructure Management Limited,Emerald Solar Park,F,QLD,416285.0,,,,1.0,,On,NEM,Solar,,2019
Lighthouse Infrastructure Management Limited,Corporate Total,C,,416285.0,,,,1.0,,,,,,2019
LILYVALE HOLDINGS CO PTY. LTD.,Lilyvale Solar Farm,F,QLD,142610.0,,,,226.0,,On,NEM,Solar,,2019
LILYVALE HOLDINGS CO PTY. LTD.,Corporate Total,C,,142610.0,,,,226.0,,,,,,2019
LMS Energy Pty Ltd,Albury Renewable Energy Facility,F,NSW,21840.0,,,,344.0,,On,NEM,Landfill Gas,,2019
LMS Energy Pty Ltd,Awaba Renewable Energy Facility,F,NSW,19513.0,,,,301.0,,On,NEM,Landfill Gas,,2019
LMS Energy Pty Ltd,Ballarat Renewable Energy Facility,F,VIC,23994.0,,,,386.0,,On,NEM,Landfill Gas,,2019
LMS Energy Pty Ltd,Bendigo Renewable Energy Facility,F,VIC,13992.0,,,,216.0,,On,NEM,Landfill Gas,,2019
LMS Energy Pty Ltd,Birkdale Renewable Energy Facility,F,QLD,17991.0,,,,285.0,,On,NEM,Landfill Gas,,2019
LMS Energy Pty Ltd,Copping Renewable Energy Facility,F,TAS,11196.0,,,,161.0,,On,NEM,Landfill Gas,,2019
LMS Energy Pty Ltd,Darwin Renewable Energy Facility,F,NT,31626.0,,,,492.0,,On,DKIS,Landfill Gas,,2019
LMS Energy Pty Ltd,Drysdale Renewable Energy Facility,F,VIC,13415.0,,,,199.0,,On,NEM,Landfill Gas,,2019
LMS Energy Pty Ltd,Eastern Creek 2 Renewable Energy Facility,F,NSW,189355.0,,,,2813.0,,On,NEM,Landfill Gas,,2019
LMS Energy Pty Ltd,Hampton Park Renewable Energy Facility,F,VIC,226025.0,,,,3252.0,,On,NEM,Landfill Gas,,2019
LMS Energy Pty Ltd,Ipswich Renewable Energy Facility,F,QLD,14962.0,,,,241.0,,On,NEM,Landfill Gas,,2019
LMS Energy Pty Ltd,Mornington Peninsula Renewable Energy Facility,F,VIC,22803.0,,,,344.0,,On,NEM,Landfill Gas,,2019
LMS Energy Pty Ltd,NAWMA Renewable Energy Facility,F,SA,33375.0,,,,531.0,,On,NEM,Landfill Gas,,2019
LMS Energy Pty Ltd,NAWMA Solar Facility,F,SA,6872.0,,,,0.0,,On,NEM,Solar,,2019
LMS Energy Pty Ltd,Newcastle Renewable Energy Facility,F,NSW,67093.0,,,,995.0,,On,NEM,Landfill Gas,,2019
LMS Energy Pty Ltd,Remount Renewable Energy Facility,F,TAS,33909.0,,,,496.0,,On,NEM,Landfill Gas,,2019
LMS Energy Pty Ltd,Rochedale Renewable Energy Facility,F,QLD,138287.0,,,,2182.0,,On,NEM,Landfill Gas,,2019
LMS Energy Pty Ltd,Shepparton Renewable Energy Facility,F,VIC,23338.0,,,,357.0,,On,NEM,Landfill Gas,,2019
LMS Energy Pty Ltd,South Cardup Renewable Energy Facility,F,WA,106712.0,,,,1674.0,,On,SWIS,Landfill Gas,,2019
LMS Energy Pty Ltd,Stapylton Renewable Energy Facility,F,QLD,84321.0,,,,1295.0,,On,NEM,Landfill Gas,,2019
LMS Energy Pty Ltd,Swanbank Renewable Energy Facility,F,QLD,44458.0,,,,692.0,,On,NEM,Landfill Gas,,2019
LMS Energy Pty Ltd,Wollert Renewable Energy Facility,F,VIC,211580.0,,,,3264.0,,On,NEM,Landfill Gas,,2019
LMS Energy Pty Ltd,Wyndham Renewable Energy Facility,F,VIC,88589.0,,,,1375.0,,On,NEM,Landfill Gas,,2019
LMS Energy Pty Ltd,Wyong Renewable Energy Facility,F,NSW,68108.0,,,,1070.0,,On,NEM,Landfill Gas,,2019
LMS Energy Pty Ltd,Corporate Total,C,,1513354.0,,,,22965.0,,,,,,2019
Longreach Asset Company Pty Ltd,Longreach SF,F,QLD,117285.0,,,,0.0,,On,NEM,Solar,,2019
Longreach Asset Company Pty Ltd,Corporate Total,C,,117285.0,,,,0.0,,,,,,2019
Loy Yang Holdings Pty Ltd,Kwinana Cogeneration Plant,F,WA,2986632.0,,,,444053.0,,On,SWIS,Gas,,2019
Loy Yang Holdings Pty Ltd,Corporate Total,C,,2986632.0,,,,444053.0,,,,,,2019
Meridian Energy Australia Pty Ltd,Burrinjuck Hydro,F,NSW,86291.0,,,,103.0,,On,NEM,Hydro,,2019
Meridian Energy Australia Pty Ltd,Hume Hydro,F,NSW,631949.0,,,,142.0,,On,NEM,Hydro,,2019
Meridian Energy Australia Pty Ltd,Mt Mercer Wind farm Pty Ltd,F,VIC,1320264.0,,,,165.0,,On,NEM,Wind,,2019
Meridian Energy Australia Pty Ltd,Mt Millar Wind Farm Pty Ltd,F,SA,640853.0,,,,63.0,,On,NEM,Wind,,2019
Meridian Energy Australia Pty Ltd,Corporate Total,C,,2679357.0,,,,473.0,,,,,,2019
Momentum Energy Pty Limited,Alfred Hospital Cogeneration Plant,F,VIC,53703.0,,,,14779.0,,On,NEM,Gas,,2019
Momentum Energy Pty Limited,Dandenong Hospital Cogeneration Plant,F,VIC,57089.0,,,,14573.0,,On,NEM,Gas,,2019
Momentum Energy Pty Limited,Geelong Hospital Cogeneration Plant,F,VIC,62050.0,,,,13753.0,,On,NEM,Gas,,2019
Momentum Energy Pty Limited,Royal Melbourne Hospital Cogeneration Plant,F,VIC,126627.0,,,,30143.0,,On,NEM,Gas,,2019
Momentum Energy Pty Limited,ST. Vincent’s Hospital Cogeneration Plant,F,VIC,58118.0,,,,15199.0,,On,NEM,Gas,,2019
Momentum Energy Pty Limited,Corporate Total,C,,357587.0,,,,88447.0,,,,,,2019
Mortons Lane Wind Farm (Holding) Pty Ltd,Mortons Lane Windfarm Pty Ltd,F,VIC,236581.0,,,,0.0,,On,NEM,Wind,,2019
Mortons Lane Wind Farm (Holding) Pty Ltd,Corporate Total,C,,236581.0,,,,0.0,,,,,,2019
Mumbida Wind Farm No 1 Holdings Pty Ltd,Mumbida Wind Farm Pty Ltd,F,WA,722672.0,,,,400.0,,On,SWIS,Wind,,2019
Mumbida Wind Farm No 1 Holdings Pty Ltd,Corporate Total,C,,722672.0,,,,400.0,,,,,,2019
NEOEN AUSTRALIA PTY LTD,COLEAMBALLY SOLAR PTY LTD,F,NSW,997904.0,,,,1110.0,,On,NEM,Solar,,2019
NEOEN AUSTRALIA PTY LTD,DEGRUSSA SOLAR PROJECT PTY LTD,F,WA,79440.0,,,,286.0,,Off,Off-grid,Solar,,2019
NEOEN AUSTRALIA PTY LTD,DUBBO SOLAR HUB PTY LTD,F,NSW,214223.0,,,,89.0,,On,NEM,Solar,,2019
NEOEN AUSTRALIA PTY LTD,GRIFFITH SOLAR FARM PTY LTD,F,NSW,250942.0,,,,117.0,,On,NEM,Solar,,2019
NEOEN AUSTRALIA PTY LTD,HORNSDALE POWER RESERVE PTY LTD,F,SA,0.0,,,,4259.0,,On,NEM,Battery,,2019
NEOEN AUSTRALIA PTY LTD,HWF1 Pty Ltd,F,SA,1360885.0,,,,137.0,,On,NEM,Wind,,2019
NEOEN AUSTRALIA PTY LTD,HWF2 Pty Ltd,F,SA,1291697.0,,,,140.0,,On,NEM,Wind,,2019
NEOEN AUSTRALIA PTY LTD,HWF3 PTY LTD,F,SA,1366437.0,,,,138.0,,On,NEM,Wind,,2019
NEOEN AUSTRALIA PTY LTD,NUMURKAH SOLAR FARM PTY LTD,F,VIC,46219.0,,,,297.0,,On,NEM,Solar,,2019
NEOEN AUSTRALIA PTY LTD,PARKES SOLAR FARM PTY LTD,F,NSW,489201.0,,,,293.0,,On,NEM,Solar,,2019
NEOEN AUSTRALIA PTY LTD,Corporate Total,C,,6096948.0,,,,6866.0,,,,,,2019
NewGen Kwinana Holdings Pty Ltd,Kwinana Gas Fired Power Station,F,WA,7260773.0,,,,793159.0,,On,SWIS,Gas,,2019
NewGen Kwinana Holdings Pty Ltd,Corporate Total,C,,7260773.0,,,,793159.0,,,,,,2019
NRG Victoria 1 Pty Ltd,Gladstone Power Station,F,QLD,30329899.0,,,,7917199.0,,On,NEM,Black Coal,,2019
NRG Victoria 1 Pty Ltd,Corporate Total,C,,30329899.0,,,,7917199.0,,,,,,2019
Origin Energy Limited,Australand,F,NSW,10.0,,,,0.0,,On,NEM,Gas,,2019
Origin Energy Limited,Ballarat Solar Park,F,VIC,710.0,,,,2.0,,On,NEM,Solar,,2019
Origin Energy Limited,Bendigo Solar Park,F,VIC,1673.0,,,,4.0,,On,NEM,Solar,,2019
Origin Energy Limited,Blackmores,F,NSW,4819.0,,,,1010.0,,On,NEM,Gas,,2019
Origin Energy Limited,Bond,F,NSW,2845.0,,,,489.0,,On,NEM,Gas,,2019
Origin Energy Limited,Chifley Square,F,NSW,3593.0,,,,588.0,,On,NEM,Gas,,2019
Origin Energy Limited,Darling Downs Power Station,F,QLD,3758664.0,,,,456504.0,,On,NEM,Gas,,2019
Origin Energy Limited,Drapac,F,VIC,2179.0,,,,413.0,,On,NEM,Gas,,2019
Origin Energy Limited,Eraring Power Station,F,NSW,64634548.0,,,,15457965.0,,On,NEM,Black Coal,,2019
Origin Energy Limited,Exhibition Street,F,VIC,7260.0,,,,1252.0,,On,NEM,Gas,,2019
Origin Energy Limited,Kent Street,F,NSW,11150.0,,,,1738.0,,On,NEM,Gas,,2019
Origin Energy Limited,La Trobe,F,VIC,2342.0,,,,434.0,,On,NEM,Gas,,2019
Origin Energy Limited,Ladbroke Grove Power Station,F,SA,572603.0,,,,84868.0,,On,NEM,Gas,,2019
Origin Energy Limited,Mirvac,F,NSW,17800.0,,,,2932.0,,On,NEM,Gas,,2019
Origin Energy Limited,Mortlake Power Station,F,VIC,4375897.0,,,,683530.0,,On,NEM,Gas,,2019
Origin Energy Limited,Mount,F,NSW,7384.0,,,,1248.0,,On,NEM,Gas,,2019
Origin Energy Limited,Mt Stuart Power Station,F,QLD,22704.0,,,,14232.0,,On,NEM,Kerosene,,2019
Origin Energy Limited,Quarantine Power Station,F,SA,715826.0,,,,126532.0,,On,NEM,Gas,,2019
Origin Energy Limited,Roma Power Station,F,QLD,77214.0,,,,16979.0,,On,NEM,Gas,,2019
Origin Energy Limited,Shoalhaven Scheme,F,NSW,567401.0,,,,238958.0,,On,NEM,Hydro,,2019
Origin Energy Limited,Stockland Headquarters,F,NSW,4728.0,,,,814.0,,On,NEM,Gas,,2019
Origin Energy Limited,University of NSW,F,NSW,8659.0,,,,1427.0,,On,NEM,Gas,,2019
Origin Energy Limited,Uranquinty Power Station,F,NSW,1347663.0,,,,213348.0,,On,NEM,Gas,,2019
Origin Energy Limited,Corporate Total,C,,76147672.0,,,,17305267.0,,,,,,2019
OzGen Holdings Australia Pty Ltd,Callide C Power Station (facility),F,QLD,22352040.0,,,,5811226.0,,On,NEM,Black Coal,"Please note that where more than one person has operational control over a facility at the same time and no nomination of operational control has been made, data for the facility for the entire period must be reported by the controlling corporation of each entity with operational control. This results in the same facility being reported multiple times.
C S ENERGY LIMITED and OZGEN HOLDINGS AUSTRALIA PTY LTD, have each included the same data for the Callide C Power Station in their NGER reports.",2019
OzGen Holdings Australia Pty Ltd,Millmerran Power Station (facility),F,QLD,22094305.0,,,,5050431.0,,On,NEM,Black Coal,,2019
OzGen Holdings Australia Pty Ltd,Corporate Total,C,,44446345.0,,,,10861657.0,,,,,,2019
Palisade Solar 1 Pty Ltd,Ross River Solar Farm,F,QLD,438929.0,,,,580.0,,On,NEM,Solar,,2019
Palisade Solar 1 Pty Ltd,Corporate Total,C,,438929.0,,,,580.0,,,,,,2019
PALISADE WATERLOO HOLDINGS PTY LTD,Waterloo Wind Farm,F,SA,1437310.0,,,,277.0,,On,NEM,Wind,,2019
PALISADE WATERLOO HOLDINGS PTY LTD,Corporate Total,C,,1437310.0,,,,277.0,,,,,,2019
PERTH ENERGY PTY LTD,Kwinana Swift Power Station,F,WA,376833.0,,,,62550.0,,On,SWIS,Gas,,2019
PERTH ENERGY PTY LTD,Corporate Total,C,,376833.0,,,,62550.0,,,,,,2019
Pioneer Sail Holdings Pty Limited,Bairnsdale Power Station,F,VIC,701768.0,,,,105093.0,,On,NEM,Gas,,2019
Pioneer Sail Holdings Pty Limited,Braemar Power Station,F,QLD,1422171.0,,,,232421.0,,On,NEM,Coal Seam Methane,,2019
Pioneer Sail Holdings Pty Limited,Loy Yang B Power Station,F,VIC,30397766.0,,,,9564120.0,,On,NEM,Brown Coal,,2019
Pioneer Sail Holdings Pty Limited,Newman Power Station,F,WA,972635.0,,,,191945.0,,Off,Off-grid,Gas,,2019
Pioneer Sail Holdings Pty Limited,Port Hedland Power Station,F,WA,1869194.0,,,,387531.0,,On,NWIS,Gas,,2019
Pioneer Sail Holdings Pty Limited,Wagerup Power Station,F,WA,1921299.0,,,,304558.0,,On,SWIS,Gas,,2019
Pioneer Sail Holdings Pty Limited,Corporate Total,C,,37284833.0,,,,10785668.0,,,,,,2019
Power and Water Corporation,Alpurrurulam (Lake Nash),F,NT,5679.0,,,,1137.0,,Off,Off-grid,Diesel,,2019
Power and Water Corporation,Amanbidgi (Kildurk),F,NT,985.0,,,,265.0,,Off,Off-grid,Diesel,,2019
Power and Water Corporation,"Ampilatwatja (Alparra, Ammaroo)",F,NT,21827.0,,,,2412.0,,Off,Off-grid,Diesel,,2019
Power and Water Corporation,Amunturangu (Mount Liebig),F,NT,5338.0,,,,546.0,,Off,Off-grid,Diesel,,2019
Power and Water Corporation,Aputula (Finke),F,NT,5430.0,,,,616.0,,Off,Off-grid,Diesel,,2019
Power and Water Corporation,Areyonga (Utju),F,NT,6166.0,,,,651.0,,Off,Off-grid,Diesel,,2019
Power and Water Corporation,Atitjere (Harts Range),F,NT,5724.0,,,,672.0,,Off,Off-grid,Diesel,,2019
Power and Water Corporation,Borroloola Generation,F,NT,22026.0,,,,4177.0,,Off,Off-grid,Diesel,,2019
Power and Water Corporation,Bulla Camp,F,NT,1129.0,,,,303.0,,Off,Off-grid,Diesel,,2019
Power and Water Corporation,Bulman,F,NT,5625.0,,,,879.0,,Off,Off-grid,Diesel,,2019
Power and Water Corporation,Daly Waters Generation,F,NT,4700.0,,,,890.0,,Off,Off-grid,Diesel,,2019
Power and Water Corporation,Elliot Generation,F,NT,11145.0,,,,2208.0,,Off,Off-grid,Gas,,2019
Power and Water Corporation,Engawala (Alcoota),F,NT,1980.0,,,,417.0,,Off,Off-grid,Diesel,,2019
Power and Water Corporation,Epenarra (Wutunugurra),F,NT,3065.0,,,,671.0,,Off,Off-grid,Diesel,,2019
Power and Water Corporation,Eva Valley,F,NT,1288.0,,,,287.0,,Off,Off-grid,Diesel,,2019
Power and Water Corporation,Galiwinku (Elcho Island),F,NT,38079.0,,,,4702.0,,Off,Off-grid,Diesel,,2019
Power and Water Corporation,Gapuwiyak (Lake Evella),F,NT,13971.0,,,,2117.0,,Off,Off-grid,Diesel,,2019
Power and Water Corporation,Gunbalanya (Oenpelli),F,NT,24078.0,,,,3536.0,,Off,Off-grid,Diesel,,2019
Power and Water Corporation,Ikuntji (Haasts Bluff),F,NT,2818.0,,,,624.0,,Off,Off-grid,Diesel,,2019
Power and Water Corporation,Imangara (Murray Downs),F,NT,1296.0,,,,278.0,,Off,Off-grid,Diesel,,2019
Power and Water Corporation,Imanpa (Mount Ebenezer),F,NT,2116.0,,,,439.0,,Off,Off-grid,Diesel,,2019
Power and Water Corporation,Kalkaringi (Wave Hill),F,NT,10441.0,,,,2025.0,,Off,Off-grid,Diesel,,2019
Power and Water Corporation,Kaltukatjara (Docker River),F,NT,9626.0,,,,1053.0,,Off,Off-grid,Diesel,,2019
Power and Water Corporation,Lajamanu (Hooker Creek),F,NT,19656.0,,,,2029.0,,Off,Off-grid,Diesel,,2019
Power and Water Corporation,Laramba (Napperby),F,NT,3437.0,,,,685.0,,Off,Off-grid,Diesel,,2019
Power and Water Corporation,Maningrida,F,NT,50419.0,,,,5285.0,,Off,Off-grid,Diesel,,2019
Power and Water Corporation,Milikapiti (Snake Bay),F,NT,7999.0,,,,1664.0,,Off,Off-grid,Diesel,,2019
Power and Water Corporation,Milingimbi,F,NT,20578.0,,,,2441.0,,Off,Off-grid,Diesel,,2019
Power and Water Corporation,Milyakburra (Bickerton Island),F,NT,4712.0,,,,575.0,,Off,Off-grid,Diesel,,2019
Power and Water Corporation,Minjilang (Croker Island),F,NT,7585.0,,,,922.0,,Off,Off-grid,Diesel,,2019
Power and Water Corporation,Minyerri (Hodgson Downs),F,NT,14359.0,,,,1627.0,,Off,Off-grid,Diesel,,2019
Power and Water Corporation,Nauiyu Nambiyu (Daly River),F,NT,10484.0,,,,1110.0,,Off,Off-grid,Diesel,,2019
Power and Water Corporation,Nguiu (Bathurst Island),F,NT,33492.0,,,,4893.0,,Off,Off-grid,Diesel,,2019
Power and Water Corporation,Ngukurr (Roper River),F,NT,22386.0,,,,3269.0,,Off,Off-grid,Diesel,,2019
Power and Water Corporation,Numbulwar (Rose River),F,NT,10569.0,,,,2087.0,,Off,Off-grid,Diesel,,2019
Power and Water Corporation,Nyirripi (Waite Creek),F,NT,5576.0,,,,642.0,,Off,Off-grid,Diesel,,2019
Power and Water Corporation,Orwaitilla (Canteen Creek),F,NT,3455.0,,,,674.0,,Off,Off-grid,Diesel,,2019
Power and Water Corporation,Palumpa,F,NT,5249.0,,,,1024.0,,Off,Off-grid,Diesel,,2019
Power and Water Corporation,Papunya,F,NT,7102.0,,,,1399.0,,Off,Off-grid,Diesel,,2019
Power and Water Corporation,Peppimenarti,F,NT,4703.0,,,,924.0,,Off,Off-grid,Diesel,,2019
Power and Water Corporation,Pidgeon Hole,F,NT,1699.0,,,,365.0,,Off,Off-grid,Diesel,,2019
Power and Water Corporation,Pirlangimpi (Garden Point),F,NT,7379.0,,,,1572.0,,Off,Off-grid,Diesel,,2019
Power and Water Corporation,Ramingining,F,NT,18713.0,,,,2015.0,,Off,Off-grid,Diesel,,2019
Power and Water Corporation,Robinson River,F,NT,3985.0,,,,781.0,,Off,Off-grid,Diesel,,2019
Power and Water Corporation,Tara (Neutral Junction),F,NT,1141.0,,,,257.0,,Off,Off-grid,Diesel,,2019
Power and Water Corporation,Ti Tree Generation,F,NT,9349.0,,,,1884.0,,Off,Off-grid,Diesel,,2019
Power and Water Corporation,Timber Creek,F,NT,10899.0,,,,2122.0,,Off,Off-grid,Diesel,,2019
Power and Water Corporation,Titjikala (Maryvale),F,NT,5850.0,,,,695.0,,Off,Off-grid,Diesel,,2019
Power and Water Corporation,Umbakumba,F,NT,8984.0,,,,1916.0,,Off,Off-grid,Diesel,,2019
Power and Water Corporation,Wadeye (Port Keats),F,NT,34578.0,,,,5817.0,,Off,Off-grid,Gas,,2019
Power and Water Corporation,Walungurru (Kintore),F,NT,10361.0,,,,1108.0,,Off,Off-grid,Diesel,,2019
Power and Water Corporation,Warruwi (Goulburn Is),F,NT,8925.0,,,,1219.0,,Off,Off-grid,Diesel,,2019
Power and Water Corporation,Wilora (Stirling),F,NT,1238.0,,,,274.0,,Off,Off-grid,Diesel,,2019
Power and Water Corporation,Wirliyatjarrayi (Willowra),F,NT,4071.0,,,,776.0,,Off,Off-grid,Diesel,,2019
Power and Water Corporation,Yarralin,F,NT,5276.0,,,,1004.0,,Off,Off-grid,Diesel,,2019
Power and Water Corporation,Yuendumu,F,NT,34689.0,,,,3677.0,,Off,Off-grid,Diesel,,2019
Power and Water Corporation,Corporate Total,C,,603430.0,,,,87637.0,,,,,,2019
Power Generation Corporation,Channel Island Power Station,F,NT,3631546.0,,,,552216.0,,On,DKIS,Gas,,2019
Power Generation Corporation,Katherine Power Station,F,NT,146245.0,,,,28349.0,,On,DKIS,Gas,,2019
Power Generation Corporation,Kings Canyon,F,NT,5353.0,,,,1117.0,,Off,Off-grid,Solar,,2019
Power Generation Corporation,Owen Springs Power Station,F,NT,294820.0,,,,51042.0,,Off,Off-grid,Gas,,2019
Power Generation Corporation,Ron Goodin Power Station,F,NT,452023.0,,,,90061.0,,Off,Off-grid,Gas,,2019
Power Generation Corporation,Tennant Creek Power Station,F,NT,117070.0,,,,22756.0,,Off,Off-grid,Gas,,2019
Power Generation Corporation,Weddell Power Station,F,NT,1316711.0,,,,215124.0,,On,DKIS,Gas,,2019
Power Generation Corporation,Yulara Power Station,F,NT,74661.0,,,,13054.0,,Off,Off-grid,Gas,,2019
Power Generation Corporation,Corporate Total,C,,6038429.0,,,,973719.0,,,,,,2019
Pratt Consolidated Holdings Pty. Ltd.,Visy Energy - Coolaroo Co-gen,F,VIC,70852.0,,,,36948.0,,On,NEM,Biofuel,,2019
Pratt Consolidated Holdings Pty. Ltd.,Visy Power Generation - Smithfield Energy Facility,F,NSW,55177.0,,,,11731.0,,On,NEM,Gas,,2019
Pratt Consolidated Holdings Pty. Ltd.,Corporate Total,C,,126029.0,,,,48679.0,,,,,,2019
QGC UPSTREAM INVESTMENTS PTY LTD,Condamine Power Station,F,QLD,2581747.0,,,,319753.0,,On,NEM,Gas,,2019
QGC UPSTREAM INVESTMENTS PTY LTD,Corporate Total,C,,2581747.0,,,,319753.0,,,,,,2019
RATCH - Australia Corporation Pty Ltd,Kemerton Power Station,F,WA,166666.0,,,,35014.0,,On,SWIS,Gas,,2019
RATCH - Australia Corporation Pty Ltd,Mount Emerald Wind farm Pty Ltd,F,QLD,1337507.0,,,,1527.0,,On,NEM,Wind,,2019
RATCH - Australia Corporation Pty Ltd,Ratch-Australia Collinsville Solar PV Pty Ltd,F,QLD,89841.0,,,,62.0,,On,NEM,Solar,,2019
RATCH - Australia Corporation Pty Ltd,Starfish Hill Wind Farm,F,SA,368505.0,,,,78.0,,On,NEM,Wind,,2019
RATCH - Australia Corporation Pty Ltd,Toora Wind Farm,F,VIC,172633.0,,,,265.0,,On,NEM,Wind,,2019
RATCH - Australia Corporation Pty Ltd,Townsville Power Station,F,QLD,928152.0,,,,127467.0,,On,NEM,Coal Seam Methane,,2019
RATCH - Australia Corporation Pty Ltd,Windy Hill Wind Farm,F,QLD,96023.0,,,,43.0,,On,NEM,Wind,,2019
RATCH - Australia Corporation Pty Ltd,Corporate Total,C,,3159327.0,,,,164456.0,,,,,,2019
Regional Power Corporation,Carnarvon Power Station & Distribution network,F,WA,145876.0,,,,24739.0,,Off,Off-grid,Gas,,2019
Regional Power Corporation,Denham Power Station & Denham Distribution network,F,WA,12152.0,,,,2513.0,,Off,Off-grid,Diesel,,2019
Regional Power Corporation,Kalumburu Power Station & Distribution network,F,WA,7662.0,,,,1453.0,,Off,Off-grid,Diesel,,2019
Regional Power Corporation,Kununurra Power Station & Kununurra Distribution network,F,WA,350.0,,,,218.0,,Off,Off-grid,Diesel,,2019
Regional Power Corporation,Marble Bar Power Station & Marble Bar Distribution network,F,WA,8121.0,,,,1208.0,,Off,Off-grid,Diesel,,2019
Regional Power Corporation,Murchison Radio Astronomy Power Station and Distribution Network,F,WA,13052.0,,,,2149.0,,Off,Off-grid,Diesel,,2019
Regional Power Corporation,Nullagine Power Station & Nullagine Distribution network,F,WA,5888.0,,,,715.0,,Off,Off-grid,Diesel,,2019
Regional Power Corporation,Onslow Power Station & Onslow Distribution Network,F,WA,72068.0,,,,9517.0,,Off,Off-grid,Gas,,2019
Regional Power Corporation,Wyndham Power Station & Distribution network,F,WA,704.0,,,,40.0,,Off,Off-grid,Diesel,,2019
Regional Power Corporation,Yungngora Power Station & Yungngora Distribution Network,F,WA,6375.0,,,,1003.0,,Off,Off-grid,Diesel,,2019
Regional Power Corporation,Corporate Total,C,,272248.0,,,,43555.0,,,,,,2019
RENEWABLE POWER AUSTRALIA LIMITED,FPC Green Energy,F,QLD,327118.0,,,,4835.0,,On,NEM,Bagasse,,2019
RENEWABLE POWER AUSTRALIA LIMITED,Corporate Total,C,,327118.0,,,,4835.0,,,,,,2019
Rio Tinto Limited,Cape Lambert Power Station,F,WA,1012355.0,,,,157571.0,,On,NWIS,Gas,,2019
Rio Tinto Limited,Paraburdoo Power Station,F,WA,1550839.0,,,,225741.0,,On,NWIS,Gas,,2019
Rio Tinto Limited,West Angelas Power Station,F,WA,1555020.0,,,,229903.0,,On,NWIS,Gas,,2019
Rio Tinto Limited,Yurralyi Maya Power Station,F,WA,2090705.0,,,,320417.0,,On,NWIS,Gas,,2019
Rio Tinto Limited,Corporate Total,C,,6208919.0,,,,933632.0,,,,,,2019
SALT CREEK WIND FARM PTY LTD,Salt Creek Wind Farm,F,VIC,622227.0,,,,318.0,,On,NEM,Wind,,2019
SALT CREEK WIND FARM PTY LTD,Corporate Total,C,,622227.0,,,,318.0,,,,,,2019
SANTOS LIMITED,Wilga Park Power Station,F,NSW,344941.0,,,,52506.0,,On,NEM,Coal Seam Methane,,2019
SANTOS LIMITED,Corporate Total,C,,344941.0,,,,52506.0,,,,,,2019
SHENHUA CLEAN ENERGY HOLDINGS PTY LIMITED,Musselroe Wind Farm Pty LTd,F,TAS,2200946.0,,,,319.0,,On,NEM,Wind,,2019
SHENHUA CLEAN ENERGY HOLDINGS PTY LIMITED,Woolnorth Bluff Point Wind Farm Pty Ltd,F,TAS,900721.0,,,,113.0,,On,NEM,Wind,,2019
SHENHUA CLEAN ENERGY HOLDINGS PTY LIMITED,Woolnorth Studland Bay Wind Farm Pty Ltd,F,TAS,998510.0,,,,135.0,,On,NEM,Wind,,2019
SHENHUA CLEAN ENERGY HOLDINGS PTY LIMITED,Corporate Total,C,,4100177.0,,,,567.0,,,,,,2019
Snowtown South Wind Farm Pty. Ltd.,SNOWTOWN SOUTH WIND FARM,F,SA,1622122.0,,,,221.0,,On,NEM,Wind,,2019
Snowtown South Wind Farm Pty. Ltd.,Corporate Total,C,,1622122.0,,,,221.0,,,,,,2019
Snowtown Wind Farm Pty Ltd,Snowtown Wind Farm,F,SA,1281722.0,,,,402.0,,On,NEM,Wind,,2019
Snowtown Wind Farm Pty Ltd,Corporate Total,C,,1281722.0,,,,402.0,,,,,,2019
Snowtown Wind Farm Stage 2 Pty. Ltd.,SNOWTOWN WIND FARM STAGE 2,F,SA,1617575.0,,,,280.0,,On,NEM,Wind,,2019
Snowtown Wind Farm Stage 2 Pty. Ltd.,Corporate Total,C,,1617575.0,,,,280.0,,,,,,2019
Snowy Hydro Limited,Angaston Power Station,F,SA,5095.0,,,,1370.0,,On,NEM,Diesel,,2019
Snowy Hydro Limited,Colongra Power Station,F,NSW,103910.0,,,,22502.0,,On,NEM,Gas,,2019
Snowy Hydro Limited,Laverton North Power Station,F,VIC,386145.0,,,,69192.0,,On,NEM,Gas,,2019
Snowy Hydro Limited,Lonsdale/Port Stanvac Power Station,F,SA,15470.0,,,,3911.0,,On,NEM,Diesel,,2019
Snowy Hydro Limited,Snowy Hydro Ltd,F,NSW,11430110.0,,,,283811.0,,On,NEM,Hydro,,2019
Snowy Hydro Limited,Valley Power,F,VIC,68010.0,,,,17634.0,,On,NEM,Gas,,2019
Snowy Hydro Limited,Corporate Total,C,,12008740.0,,,,398420.0,,,,,,2019
SOLAR FARM INVESTMENTS PTY LTD,Moree Solar Farm,F,NSW,542132.0,,,,663.0,,On,NEM,Solar,,2019
SOLAR FARM INVESTMENTS PTY LTD,Corporate Total,C,,542132.0,,,,663.0,,,,,,2019
SPIC Pacific Energy Pty Ltd,Challicum Hills Wind Farm,F,VIC,496928.0,,,,61.0,,On,NEM,Wind,,2019
SPIC Pacific Energy Pty Ltd,Clements Gap Wind Farm,F,SA,644432.0,,,,92.0,,On,NEM,Wind,,2019
SPIC Pacific Energy Pty Ltd,Codrington Wind Farm,F,VIC,158709.0,,,,28.0,,On,NEM,Wind,,2019
SPIC Pacific Energy Pty Ltd,Crowlands Wind Farm,F,VIC,334005.0,,,,1623.0,,On,NEM,Wind,,2019
SPIC Pacific Energy Pty Ltd,Eildon Pondage Hydro,F,VIC,51760.0,,,,6.0,,On,NEM,Hydro,,2019
SPIC Pacific Energy Pty Ltd,Glenmaggie Hydro,F,VIC,9705.0,,,,4.0,,On,NEM,Hydro,,2019
SPIC Pacific Energy Pty Ltd,Haughton Solar Farm,F,QLD,15276.0,,,,429.0,,On,NEM,Solar,,2019
SPIC Pacific Energy Pty Ltd,Ord Hydro,F,WA,781234.0,,,,69.0,,Off,Off-grid,Hydro,,2019
SPIC Pacific Energy Pty Ltd,Portland Wind Farms,F,VIC,1719293.0,,,,72.0,,On,NEM,Wind,,2019
SPIC Pacific Energy Pty Ltd,Taralga Wind Farm,F,NSW,1022659.0,,,,95.0,,On,NEM,Wind,,2019
SPIC Pacific Energy Pty Ltd,The Drop Hydro,F,NSW,6209.0,,,,4.0,,On,NEM,Hydro,,2019
SPIC Pacific Energy Pty Ltd,William Hovell Hydro,F,VIC,13685.0,,,,4.0,,On,NEM,Hydro,,2019
SPIC Pacific Energy Pty Ltd,Yaloak South Wind Farm,F,VIC,311833.0,,,,25.0,,On,NEM,Wind,,2019
SPIC Pacific Energy Pty Ltd,Yambuk Wind Farm,F,VIC,327681.0,,,,32.0,,On,NEM,Wind,,2019
SPIC Pacific Energy Pty Ltd,Corporate Total,C,,5893409.0,,,,2544.0,,,,,,2019
SRV AGWF Pty Ltd as trustee for the AGWF Trust,Albany Windfarm,F,WA,234416.0,,,,22.0,,On,SWIS,Wind,,2019
SRV AGWF Pty Ltd as trustee for the AGWF Trust,Corporate Total,C,,234416.0,,,,22.0,,,,,,2019
Stanwell Corporation Limited,Barron Gorge Power Station,F,QLD,1194959.0,,,,411.0,,On,NEM,Hydro,,2019
Stanwell Corporation Limited,Kareeya Power Station,F,QLD,2138493.0,,,,1097.0,,On,NEM,Hydro,,2019
Stanwell Corporation Limited,Mackay Gas Turbine,F,QLD,807.0,,,,317.0,,On,NEM,Diesel,,2019
Stanwell Corporation Limited,Mica Creek Power Station,F,QLD,1182679.0,,,,173132.0,,On,Mt Isa,Gas,,2019
Stanwell Corporation Limited,Stanwell Power Station,F,QLD,30683675.0,,,,7457309.0,,On,NEM,Black Coal,,2019
Stanwell Corporation Limited,Swanbank E Power Station,F,QLD,2186638.0,,,,239490.0,,On,NEM,Gas,,2019
Stanwell Corporation Limited,Tarong Power Stations,F,QLD,42164258.0,,,,10273797.0,,On,NEM,Black Coal,,2019
Stanwell Corporation Limited,Corporate Total,C,,79551509.0,,,,18145553.0,,,,,,2019
Sustainable Energy Infrastructure Holdings Pty Ltd,Coopers Cogeneration,F,SA,39622.0,,,,8202.0,,On,NEM,Gas,,2019
Sustainable Energy Infrastructure Holdings Pty Ltd,Glenorchy Landfill,F,TAS,23148.0,,,,323.0,,On,NEM,Landfill Gas,,2019
Sustainable Energy Infrastructure Holdings Pty Ltd,Hobart Landfill,F,TAS,17722.0,,,,281.0,,On,NEM,Landfill Gas,,2019
Sustainable Energy Infrastructure Holdings Pty Ltd,Kemps Creek Landfill,F,NSW,25634.0,,,,386.0,,On,NEM,Landfill Gas,,2019
Sustainable Energy Infrastructure Holdings Pty Ltd,Kincumber Landfill,F,NSW,5781.0,,,,94.0,,On,NEM,Landfill Gas,,2019
Sustainable Energy Infrastructure Holdings Pty Ltd,Moranbah Power Station,F,QLD,146556.0,,,,25065.0,,On,NEM,Coal Seam Methane,,2019
Sustainable Energy Infrastructure Holdings Pty Ltd,Rockingham Landfill,F,WA,52725.0,,,,965.0,,On,SWIS,Landfill Gas,,2019
Sustainable Energy Infrastructure Holdings Pty Ltd,Werribee Biogas,F,VIC,188273.0,,,,2530.0,,On,NEM,Sludge Biogas,,2019
Sustainable Energy Infrastructure Holdings Pty Ltd,Woy Woy Landfill,F,NSW,20087.0,,,,327.0,,On,NEM,Landfill Gas,,2019
Sustainable Energy Infrastructure Holdings Pty Ltd,Corporate Total,C,,519548.0,,,,38173.0,,,,,,2019
SWF1 Operations Holdings Pty Ltd,SWF 1 Operations Holdings Pty Ltd,F,NSW,2683470.0,,,,2240.0,,On,NEM,Wind,,2019
SWF1 Operations Holdings Pty Ltd,Corporate Total,C,,2683470.0,,,,2240.0,,,,,,2019
TransAlta Energy (Australia) Pty Ltd,Kalgoorlie Power Station,F,WA,961479.0,,,,153301.0,,On,SWIS,Gas,,2019
TransAlta Energy (Australia) Pty Ltd,Kambalda Power Station,F,WA,979204.0,,,,152822.0,,On,SWIS,Gas,,2019
TransAlta Energy (Australia) Pty Ltd,Leinster Power Station,F,WA,925993.0,,,,169412.0,,Off,Off-grid,Gas,,2019
TransAlta Energy (Australia) Pty Ltd,Mt Keith Power Station,F,WA,1523639.0,,,,221404.0,,Off,Off-grid,Gas,,2019
TransAlta Energy (Australia) Pty Ltd,South Hedland Power Station,F,WA,1777115.0,,,,240129.0,,On,NWIS,Gas,,2019
TransAlta Energy (Australia) Pty Ltd,Corporate Total,C,,6167430.0,,,,937068.0,,,,,,2019
Vena Energy Services (Australia) Pty Ltd,Tailem Bend Solar farm,F,SA,151716.0,,,,292.0,,On,NEM,Solar,,2019
Vena Energy Services (Australia) Pty Ltd,Corporate Total,C,,151716.0,,,,292.0,,,,,,2019
Water Corporation,Cocos Keeling Islands - Home Island Generation,F,WA,8770.0,,,,1737.0,,Off,Off-grid,Diesel,,2019
Water Corporation,Cocos Keeling Islands - West Island Generation,F,WA,9299.0,,,,2051.0,,Off,Off-grid,Diesel,,2019
Water Corporation,Corporate Total,C,,18069.0,,,,3788.0,,,,,,2019
YARA AUSTRALIA PTY LTD,YPF UTILITIES PRODUCTION AND SUPPLY,F,WA,63634.0,,,,19753.0,,Off,Off-grid,Gas,,2019
YARA AUSTRALIA PTY LTD,Corporate Total,C,,63634.0,,,,19753.0,,,,,,2019
Grand Total,,,,811909812.0,,,,166040984.0,,,,,,2019
Grid Connected Total,,,,799140614.0,,,,164182712.0,,,,,,2019
,,F,SA,,,,,,,,NEM,,,2020
,,F,NSW,,,,,,,,NEM,,,2020
,,F,VIC,,,,,,,,NEM,,,2020
,,F,VIC,,,,,,,,NEM,,,2020
,,C,,,,,,,,,,,,2020
,,F,QLD,,,,,,,,NEM,,,2020
,,C,,,,,,,,,,,,2020
,,F,VIC,,,,,,,,NEM,,,2020
,,F,SA,,,,,,,,NEM,,,2020
,,F,NSW,,,,,,,,NEM,,,2020
,,F,VIC,,,,,,,,NEM,,,2020
,,F,NSW,,,,,,,,NEM,,,2020
,,F,VIC,,,,,,,,NEM,,,2020
,,F,NSW,,,,,,,,NEM,,,2020
,,F,VIC,,,,,,,,NEM,,,2020
,,F,VIC,,,,,,,,NEM,,,2020
,,F,NSW,,,,,,,,NEM,,,2020
,,F,SA,,,,,,,,NEM,,,2020
,,F,SA,,,,,,,,NEM,,,2020
,,F,SA,,,,,,,,NEM,,,2020
,,F,SA,,,,,,,,NEM,,,2020
,,F,NSW,,,,,,,,NEM,,,2020
,,F,WA,,,,,,,,SWIS,,,2020
,,F,NSW,,,,,,,,NEM,,,2020
,,F,VIC,,,,,,,,NEM,,,2020
,,F,VIC,,,,,,,,NEM,,,2020
,,F,VIC,,,,,,,,NEM,,,2020
,,F,NSW,,,,,,,,NEM,,,2020
,,F,VIC,,,,,,,,NEM,,,2020
,,F,VIC,,,,,,,,NEM,,,2020
,,F,NSW,,,,,,,,NEM,,,2020
,,F,VIC,,,,,,,,NEM,,,2020
,,F,SA,,,,,,,,NEM,,,2020
,,F,SA,,,,,,,,NEM,,,2020
,,F,VIC,,,,,,,,NEM,,,2020
,,F,VIC,,,,,,,,NEM,,,2020
,,C,,,,,,,,,,,,2020
,,F,WA,,,,,,,,SWIS,,,2020
,,C,,,,,,,,,,,,2020
,,F,WA,,,,,,,,SWIS,,,2020
,,F,WA,,,,,,,,SWIS,,,2020
,,F,QLD,,,,,,,,NEM,,,2020
,,F,QLD,,,,,,,,NEM,,,2020
,,F,QLD,,,,,,,,Mt Isa,,,2020
,,F,WA,,,,,,,,SWIS,,,2020
,,F,WA,,,,,,,,SWIS,,,2020
,,C,,,,,,,,,,,,2020
,,F,QLD,,,,,,,,NEM,,,2020
,,C,,,,,,,,,,,,2020
,,F,WA,,,,,,,,NWIS,,,2020
,,F,SA,,,,,,,,NEM,,,2020
,,C,,,,,,,,,,,,2020
,,F,VIC,,,,,,,,NEM,,,2020
,,C,,,,,,,,,,,,2020
,,F,VIC,,,,,,,,NEM,,,2020
,,C,,,,,,,,,,,,2020
,,F,NSW,,,,,,,,NEM,,,2020
,,F,NSW,,,,,,,,NEM,,,2020
,,C,,,,,,,,,,,,2020
,,F,WA,,,,,,,,Off-grid,,,2020
,,C,,,,,,,,,,,,2020
,,F,WA,,,,,,,,SWIS,,,2020
,,C,,,,,,,,,,,,2020
,,F,WA,,,,,,,,SWIS,,,2020
,,C,,,,,,,,,,,,2020
,,F,QLD,,,,,,,,NEM,,,2020
,,F,QLD,,,,,,,,NEM,,,2020
,,F,QLD,,,,,,,,NEM,,,2020
,,F,QLD,,,,,,,,NEM,,,2020
,,C,,,,,,,,,,,,2020
,,F,NSW,,,,,,,,NEM,,,2020
,,F,NSW,,,,,,,,NEM,,,2020
,,C,,,,,,,,,,,,2020
,,F,VIC,,,,,,,,NEM,,,2020
,,C,,,,,,,,,,,,2020
,,F,NSW,,,,,,,,NEM,,,2020
,,C,,,,,,,,,,,,2020
,,F,NSW,,,,,,,,NEM,,,2020
,,F,WA,,,,,,,,Off-grid,,,2020
,,F,WA,,,,,,,,Off-grid,,,2020
,,F,NSW,,,,,,,,NEM,,,2020
,,F,VIC,,,,,,,,NEM,,,2020
,,F,WA,,,,,,,,Off-grid,,,2020
,,F,VIC,,,,,,,,NEM,,,2020
,,F,VIC,,,,,,,,NEM,,,2020
,,F,WA,,,,,,,,Off-grid,,,2020
,,F,QLD,,,,,,,,NEM,,,2020
,,F,VIC,,,,,,,,NEM,,,2020
,,F,SA,,,,,,,,Off-grid,,,2020
,,F,VIC,,,,,,,,NEM,,,2020
,,F,NSW,,,,,,,,NEM,,,2020
,,F,WA,,,,,,,,Off-grid,,,2020
,,F,WA,,,,,,,,Off-grid,,,2020
,,F,NSW,,,,,,,,NEM,,,2020
,,F,WA,,,,,,,,Off-grid,,,2020
,,F,WA,,,,,,,,Off-grid,,,2020
,,F,QLD,,,,,,,,NEM,,,2020
,,F,NSW,,,,,,,,NEM,,,2020
,,F,NSW,,,,,,,,NEM,,,2020
,,F,QLD,,,,,,,,NEM,,,2020
,,F,QLD,,,,,,,,NEM,,,2020
,,F,WA,,,,,,,,Off-grid,,,2020
,,F,NSW,,,,,,,,NEM,,,2020
,,F,WA,,,,,,,,SWIS,,,2020
,,F,WA,,,,,,,,Off-grid,,,2020
,,F,WA,,,,,,,,Off-grid,,,2020
,,F,WA,,,,,,,,Off-grid,,,2020
,,F,NSW,,,,,,,,NEM,,,2020
,,F,NSW,,,,,,,,NEM,,,2020
,,F,NT,,,,,,,,Off-grid,,,2020
,,F,WA,,,,,,,,Off-grid,,,2020
,,F,QLD,,,,,,,,NEM,,,2020
,,F,ACT,,,,,,,,NEM,,,2020
,,F,QLD,,,,,,,,NEM,,,2020
,,F,QLD,,,,,,,,NEM,,,2020
,,F,NT,,,,,,,,DKIS,,,2020
,,F,WA,,,,,,,,SWIS,,,2020
,,F,VIC,,,,,,,,NEM,,,2020
,,F,NSW,,,,,,,,NEM,,,2020
,,F,WA,,,,,,,,SWIS,,,2020
,,F,NSW,,,,,,,,NEM,,,2020
,,F,WA,,,,,,,,Off-grid,,,2020
,,F,QLD,,,,,,,,Off-grid,,,2020
,,F,SA,,,,,,,,NEM,,,2020
,,F,SA,,,,,,,,NEM,,,2020
,,F,VIC,,,,,,,,NEM,,,2020
,,C,,,,,,,,,,,,2020
,,F,QLD,,,,,,,,NEM,,,2020
,,C,,,,,,,,,,,,2020
,,F,QLD,,,,,,,,NEM,,,2020
,,C,,,,,,,,,,,,2020
,,F,QLD,,,,,,,,NEM,,,2020
,,F,QLD,,,,,,,,NEM,,,2020
,,F,QLD,,,,,,,,NEM,,,2020
,,F,QLD,,,,,,,,NEM,,,2020
,,C,,,,,,,,,,,,2020
,,F,WA,,,,,,,,Off-grid,,,2020
,,F,WA,,,,,,,,Off-grid,,,2020
,,F,WA,,,,,,,,Off-grid,,,2020
,,F,WA,,,,,,,,Off-grid,,,2020
,,F,WA,,,,,,,,Off-grid,,,2020
,,F,WA,,,,,,,,Off-grid,,,2020
,,F,WA,,,,,,,,Off-grid,,,2020
,,C,,,,,,,,,,,,2020
,,F,WA,,,,,,,,SWIS,,,2020
,,C,,,,,,,,,,,,2020
,,F,NSW,,,,,,,,NEM,,,2020
,,F,NSW,,,,,,,,NEM,,,2020
,,C,,,,,,,,,,,,2020
,,F,NSW,,,,,,,,NEM,,,2020
,,C,,,,,,,,,,,,2020
,,F,ACT,,,,,,,,NEM,,,2020
,,C,,,,,,,,,,,,2020
,,F,VIC,,,,,,,,NEM,,,2020
,,C,,,,,,,,,,,,2020
,,F,VIC,,,,,,,,NEM,,,2020
,,F,VIC,,,,,,,,NEM,,,2020
,,F,QLD,,,,,,,,NEM,,,2020
,,F,QLD,,,,,,,,NEM,,,2020
,,F,QLD,,,,,,,,NEM,,,2020
,,F,QLD,,,,,,,,NEM,,,2020
,,C,,,,,,,,,,,,2020
,,F,WA,,,,,,,,SWIS,,,2020
,,F,WA,,,,,,,,SWIS,,,2020
,,F,WA,,,,,,,,SWIS,,,2020
,,F,WA,,,,,,,,Off-grid,,,2020
,,F,WA,,,,,,,,Off-grid,,,2020
,,F,WA,,,,,,,,Off-grid,,,2020
,,F,WA,,,,,,,,Off-grid,,,2020
,,F,WA,,,,,,,,SWIS,,,2020
,,F,WA,,,,,,,,SWIS,,,2020
,,F,WA,,,,,,,,SWIS,,,2020
,,F,WA,,,,,,,,SWIS,,,2020
,,F,WA,,,,,,,,SWIS,,,2020
,,F,WA,,,,,,,,SWIS,,,2020
,,C,,,,,,,,,,,,2020
,,F,WA,,,,,,,,SWIS,,,2020
,,C,,,,,,,,,,,,2020
,,F,QLD,,,,,,,,NEM,,,2020
,,C,,,,,,,,,,,,2020
,,F,NSW,,,,,,,,NEM,,,2020
,,C,,,,,,,,,,,,2020
,,F,QLD,,,,,,,,NEM,,,2020
,,C,,,,,,,,,,,,2020
,,F,SA,,,,,,,,NEM,,,2020
,,F,SA,,,,,,,,NEM,,,2020
,,C,,,,,,,,,,,,2020
,,F,QLD,,,,,,,,Off-grid,,,2020
,,F,QLD,,,,,,,,Off-grid,,,2020
,,F,QLD,,,,,,,,Off-grid,,,2020
,,F,QLD,,,,,,,,NEM,,,2020
,,F,QLD,,,,,,,,Off-grid,,,2020
,,F,QLD,,,,,,,,Off-grid,,,2020
,,F,QLD,,,,,,,,Off-grid,,,2020
,,F,QLD,,,,,,,,Off-grid,,,2020
,,F,QLD,,,,,,,,Off-grid,,,2020
,,F,QLD,,,,,,,,Off-grid,,,2020
,,F,QLD,,,,,,,,Off-grid,,,2020
,,F,QLD,,,,,,,,Off-grid,,,2020
,,F,QLD,,,,,,,,Off-grid,,,2020
,,F,QLD,,,,,,,,Off-grid,,,2020
,,F,QLD,,,,,,,,Off-grid,,,2020
,,F,QLD,,,,,,,,NEM,,,2020
,,F,QLD,,,,,,,,NEM,,,2020
,,F,QLD,,,,,,,,Off-grid,,,2020
,,F,QLD,,,,,,,,Off-grid,,,2020
,,F,QLD,,,,,,,,Off-grid,,,2020
,,F,QLD,,,,,,,,Off-grid,,,2020
,,F,QLD,,,,,,,,Off-grid,,,2020
,,F,QLD,,,,,,,,Off-grid,,,2020
,,F,QLD,,,,,,,,Off-grid,,,2020
,,F,QLD,,,,,,,,Off-grid,,,2020
,,F,QLD,,,,,,,,Off-grid,,,2020
,,F,QLD,,,,,,,,Off-grid,,,2020
,,F,QLD,,,,,,,,Off-grid,,,2020
,,F,QLD,,,,,,,,Off-grid,,,2020
,,F,QLD,,,,,,,,Off-grid,,,2020
,,F,QLD,,,,,,,,Off-grid,,,2020
,,F,QLD,,,,,,,,Off-grid,,,2020
,,F,QLD,,,,,,,,Off-grid,,,2020
,,F,QLD,,,,,,,,Off-grid,,,2020
,,F,QLD,,,,,,,,Off-grid,,,2020
,,F,QLD,,,,,,,,Off-grid,,,2020
,,C,,,,,,,,,,,,2020
,,F,SA,,,,,,,,NEM,,,2020
,,F,VIC,,,,,,,,NEM,,,2020
,,F,NSW,,,,,,,,NEM,,,2020
,,F,VIC,,,,,,,,NEM,,,2020
,,F,NSW,,,,,,,,NEM,,,2020
,,F,VIC,,,,,,,,NEM,,,2020
,,C,,,,,,,,,,,,2020
,,F,WA,,,,,,,,Off-grid,,,2020
,,C,,,,,,,,,,,,2020
,,F,NSW,,,,,,,,NEM,,,2020
,,C,,,,,,,,,,,,2020
,,F,WA,,,,,,,,Off-grid,,,2020
,,C,,,,,,,,,,,,2020
,,F,NSW,,,,,,,,NEM,,,2020
,,C,,,,,,,,,,,,2020
,,F,WA,,,,,,,,Off-grid,,,2020
,,C,,,,,,,,,,,,2020
,,F,QLD,,,,,,,,NEM,,,2020
,,C,,,,,,,,,,,,2020
,,F,QLD,,,,,,,,NEM,,,2020
,,C,,,,,,,,,,,,2020
,,F,NSW,,,,,,,,NEM,,,2020
,,C,,,,,,,,,,,,2020
,,F,WA,,,,,,,,SWIS,,,2020
,,C,,,,,,,,,,,,2020
,,F,QLD,,,,,,,,NEM,,,2020
,,C,,,,,,,,,,,,2020
,,F,TAS,,,,,,,,NEM,,,2020
,,F,TAS,,,,,,,,NEM,,,2020
,,F,TAS,,,,,,,,NEM,,,2020
,,F,TAS,,,,,,,,NEM,,,2020
,,F,TAS,,,,,,,,NEM,,,2020
,,F,TAS,,,,,,,,NEM,,,2020
,,F,TAS,,,,,,,,NEM,,,2020
,,F,TAS,,,,,,,,Off-grid,,,2020
,,F,TAS,,,,,,,,NEM,,,2020
,,F,TAS,,,,,,,,NEM,,,2020
,,F,TAS,,,,,,,,Off-grid,,,2020
,,F,TAS,,,,,,,,NEM,,,2020
,,F,TAS,,,,,,,,NEM,,,2020
,,F,TAS,,,,,,,,NEM,,,2020
,,F,TAS,,,,,,,,NEM,,,2020
,,F,TAS,,,,,,,,NEM,,,2020
,,F,TAS,,,,,,,,NEM,,,2020
,,F,TAS,,,,,,,,NEM,,,2020
,,F,TAS,,,,,,,,NEM,,,2020
,,F,TAS,,,,,,,,NEM,,,2020
,,F,TAS,,,,,,,,NEM,,,2020
,,F,TAS,,,,,,,,NEM,,,2020
,,F,TAS,,,,,,,,NEM,,,2020
,,F,TAS,,,,,,,,NEM,,,2020
,,F,TAS,,,,,,,,NEM,,,2020
,,F,TAS,,,,,,,,NEM,,,2020
,,F,TAS,,,,,,,,NEM,,,2020
,,F,TAS,,,,,,,,NEM,,,2020
,,F,TAS,,,,,,,,NEM,,,2020
,,F,TAS,,,,,,,,NEM,,,2020
,,F,TAS,,,,,,,,NEM,,,2020
,,C,,,,,,,,,,,,2020
,,F,QLD,,,,,,,,NEM,,,2020
,,F,WA,,,,,,,,NWIS,,,2020
,,F,QLD,,,,,,,,NEM,,,2020
,,F,ACT,,,,,,,,NEM,,,2020
,,F,VIC,,,,,,,,NEM,,,2020
,,F,ACT,,,,,,,,NEM,,,2020
,,C,,,,,,,,,,,,2020
,,F,WA,,,,,,,,SWIS,,,2020
,,F,NSW,,,,,,,,NEM,,,2020
,,F,NSW,,,,,,,,NEM,,,2020
,,F,SA,,,,,,,,NEM,,,2020
,,F,NSW,,,,,,,,NEM,,,2020
,,F,NSW,,,,,,,,NEM,,,2020
,,C,,,,,,,,,,,,2020
,,F,SA,,,,,,,,NEM,,,2020
,,F,SA,,,,,,,,NEM,,,2020
,,F,WA,,,,,,,,SWIS,,,2020
,,F,SA,,,,,,,,NEM,,,2020
,,F,SA,,,,,,,,NEM,,,2020
,,F,SA,,,,,,,,NEM,,,2020
,,F,SA,,,,,,,,NEM,,,2020
,,F,SA,,,,,,,,NEM,,,2020
,,C,,,,,,,,,,,,2020
,,F,VIC,,,,,,,,NEM,,,2020
,,C,,,,,,,,,,,,2020
,,F,QLD,,,,,,,,NEM,,,2020
,,C,,,,,,,,,,,,2020
,,F,VIC,,,,,,,,NEM,,,2020
,,C,,,,,,,,,,,,2020
,,F,VIC,,,,,,,,NEM,,,2020
,,C,,,,,,,,,,,,2020
,,F,VIC,,,,,,,,Off-grid,,,2020
,,C,,,,,,,,,,,,2020
,,F,QLD,,,,,,,,NEM,,,2020
,,F,QLD,,,,,,,,NEM,,,2020
,,F,QLD,,,,,,,,NEM,,,2020
,,F,QLD,,,,,,,,NEM,,,2020
,,F,QLD,,,,,,,,NEM,,,2020
,,F,ACT,,,,,,,,NEM,,,2020
,,F,QLD,,,,,,,,NEM,,,2020
,,C,,,,,,,,,,,,2020
,,F,QLD,,,,,,,,NEM,,,2020
,,C,,,,,,,,,,,,2020
,,F,QLD,,,,,,,,NEM,,,2020
,,C,,,,,,,,,,,,2020
,,F,SA,,,,,,,,NEM,,,2020
,,C,,,,,,,,,,,,2020
,,F,NSW,,,,,,,,NEM,,,2020
,,F,NSW,,,,,,,,Off-grid,,,2020
,,F,NSW,,,,,,,,NEM,,,2020
,,F,VIC,,,,,,,,NEM,,,2020
,,F,VIC,,,,,,,,NEM,,,2020
,,F,QLD,,,,,,,,NEM,,,2020
,,F,TAS,,,,,,,,NEM,,,2020
,,F,NT,,,,,,,,DKIS,,,2020
,,F,VIC,,,,,,,,NEM,,,2020
,,F,NSW,,,,,,,,NEM,,,2020
,,F,VIC,,,,,,,,NEM,,,2020
,,F,QLD,,,,,,,,NEM,,,2020
,,F,VIC,,,,,,,,NEM,,,2020
,,F,SA,,,,,,,,NEM,,,2020
,,F,SA,,,,,,,,NEM,,,2020
,,F,NSW,,,,,,,,NEM,,,2020
,,F,QLD,,,,,,,,Off-grid,,,2020
,,F,TAS,,,,,,,,NEM,,,2020
,,F,QLD,,,,,,,,NEM,,,2020
,,F,SA,,,,,,,,Off-grid,,,2020
,,F,VIC,,,,,,,,NEM,,,2020
,,F,SA,,,,,,,,Off-grid,,,2020
,,F,WA,,,,,,,,SWIS,,,2020
,,F,QLD,,,,,,,,NEM,,,2020
,,F,QLD,,,,,,,,NEM,,,2020
,,F,VIC,,,,,,,,NEM,,,2020
,,F,VIC,,,,,,,,NEM,,,2020
,,F,NSW,,,,,,,,NEM,,,2020
,,C,,,,,,,,,,,,2020
,,F,QLD,,,,,,,,NEM,,,2020
,,C,,,,,,,,,,,,2020
,,F,NSW,,,,,,,,NEM,,,2020
,,F,NSW,,,,,,,,NEM,,,2020
,,F,VIC,,,,,,,,NEM,,,2020
,,F,SA,,,,,,,,NEM,,,2020
,,C,,,,,,,,,,,,2020
,,F,VIC,,,,,,,,NEM,,,2020
,,F,VIC,,,,,,,,NEM,,,2020
,,F,VIC,,,,,,,,NEM,,,2020
,,F,VIC,,,,,,,,NEM,,,2020
,,F,VIC,,,,,,,,NEM,,,2020
,,C,,,,,,,,,,,,2020
,,F,VIC,,,,,,,,NEM,,,2020
,,C,,,,,,,,,,,,2020
,,F,WA,,,,,,,,SWIS,,,2020
,,C,,,,,,,,,,,,2020
,,F,VIC,,,,,,,,NEM,,,2020
,,C,,,,,,,,,,,,2020
,,F,VIC,,,,,,,,NEM,,,2020
,,F,NSW,,,,,,,,NEM,,,2020
,,F,WA,,,,,,,,Off-grid,,,2020
,,F,NSW,,,,,,,,NEM,,,2020
,,F,NSW,,,,,,,,NEM,,,2020
,,F,SA,,,,,,,,NEM,,,2020
,,F,SA,,,,,,,,NEM,,,2020
,,F,SA,,,,,,,,NEM,,,2020
,,F,SA,,,,,,,,NEM,,,2020
,,F,VIC,,,,,,,,NEM,,,2020
,,F,NSW,,,,,,,,NEM,,,2020
,,C,,,,,,,,,,,,2020
,,F,NSW,,,,,,,,NEM,,,2020
,,F,NSW,,,,,,,,NEM,,,2020
,,C,,,,,,,,,,,,2020
,,F,WA,,,,,,,,SWIS,,,2020
,,C,,,,,,,,,,,,2020
,,F,QLD,,,,,,,,NEM,,,2020
,,C,,,,,,,,,,,,2020
,,F,QLD,,,,,,,,NEM,,,2020
,,C,,,,,,,,,,,,2020
,,F,NSW,,,,,,,,NEM,,,2020
,,F,VIC,,,,,,,,NEM,,,2020
,,F,VIC,,,,,,,,NEM,,,2020
,,F,NSW,,,,,,,,NEM,,,2020
,,F,NSW,,,,,,,,NEM,,,2020
,,F,NSW,,,,,,,,NEM,,,2020
,,F,QLD,,,,,,,,NEM,,,2020
,,F,VIC,,,,,,,,NEM,,,2020
,,F,NSW,,,,,,,,NEM,,,2020
,,F,VIC,,,,,,,,NEM,,,2020
,,F,NSW,,,,,,,,NEM,,,2020
,,F,VIC,,,,,,,,NEM,,,2020
,,F,SA,,,,,,,,NEM,,,2020
,,F,NSW,,,,,,,,NEM,,,2020
,,F,VIC,,,,,,,,NEM,,,2020
,,F,NSW,,,,,,,,NEM,,,2020
,,F,QLD,,,,,,,,NEM,,,2020
,,F,SA,,,,,,,,NEM,,,2020
,,F,QLD,,,,,,,,NEM,,,2020
,,F,NSW,,,,,,,,NEM,,,2020
,,F,NSW,,,,,,,,NEM,,,2020
,,F,NSW,,,,,,,,NEM,,,2020
,,F,NSW,,,,,,,,NEM,,,2020
,,C,,,,,,,,,,,,2020
,,F,QLD,,,,,,,,NEM,,,2020
,,F,QLD,,,,,,,,NEM,,,2020
,,C,,,,,,,,,,,,2020
,,F,TAS,,,,,,,,NEM,,,2020
,,C,,,,,,,,,,,,2020
,,F,QLD,,,,,,,,NEM,,,2020
,,C,,,,,,,,,,,,2020
,,F,SA,,,,,,,,NEM,,,2020
,,C,,,,,,,,,,,,2020
,,F,VIC,,,,,,,,NEM,,,2020
,,F,QLD,,,,,,,,NEM,,,2020
,,F,VIC,,,,,,,,NEM,,,2020
,,F,WA,,,,,,,,Off-grid,,,2020
,,F,WA,,,,,,,,NWIS,,,2020
,,F,WA,,,,,,,,SWIS,,,2020
,,C,,,,,,,,,,,,2020
,,F,NT,,,,,,,,Off-grid,,,2020
,,F,NT,,,,,,,,Off-grid,,,2020
,,F,NT,,,,,,,,Off-grid,,,2020
,,F,NT,,,,,,,,Off-grid,,,2020
,,F,NT,,,,,,,,Off-grid,,,2020
,,F,NT,,,,,,,,Off-grid,,,2020
,,F,NT,,,,,,,,Off-grid,,,2020
,,F,NT,,,,,,,,Off-grid,,,2020
,,F,NT,,,,,,,,Off-grid,,,2020
,,F,NT,,,,,,,,Off-grid,,,2020
,,F,NT,,,,,,,,Off-grid,,,2020
,,F,NT,,,,,,,,Off-grid,,,2020
,,F,NT,,,,,,,,Off-grid,,,2020
,,F,NT,,,,,,,,Off-grid,,,2020
,,F,NT,,,,,,,,Off-grid,,,2020
,,F,NT,,,,,,,,Off-grid,,,2020
,,F,NT,,,,,,,,Off-grid,,,2020
,,F,NT,,,,,,,,Off-grid,,,2020
,,F,NT,,,,,,,,Off-grid,,,2020
,,F,NT,,,,,,,,Off-grid,,,2020
,,F,NT,,,,,,,,Off-grid,,,2020
,,F,NT,,,,,,,,Off-grid,,,2020
,,F,NT,,,,,,,,Off-grid,,,2020
,,F,NT,,,,,,,,Off-grid,,,2020
,,F,NT,,,,,,,,Off-grid,,,2020
,,F,NT,,,,,,,,Off-grid,,,2020
,,F,NT,,,,,,,,Off-grid,,,2020
,,F,NT,,,,,,,,Off-grid,,,2020
,,F,NT,,,,,,,,Off-grid,,,2020
,,F,NT,,,,,,,,Off-grid,,,2020
,,F,NT,,,,,,,,Off-grid,,,2020
,,F,NT,,,,,,,,Off-grid,,,2020
,,F,NT,,,,,,,,Off-grid,,,2020
,,F,NT,,,,,,,,Off-grid,,,2020
,,F,NT,,,,,,,,Off-grid,,,2020
,,F,NT,,,,,,,,Off-grid,,,2020
,,F,NT,,,,,,,,Off-grid,,,2020
,,F,NT,,,,,,,,Off-grid,,,2020
,,F,NT,,,,,,,,Off-grid,,,2020
,,F,NT,,,,,,,,Off-grid,,,2020
,,F,NT,,,,,,,,Off-grid,,,2020
,,F,NT,,,,,,,,Off-grid,,,2020
,,F,NT,,,,,,,,Off-grid,,,2020
,,F,NT,,,,,,,,Off-grid,,,2020
,,F,NT,,,,,,,,Off-grid,,,2020
,,F,NT,,,,,,,,Off-grid,,,2020
,,F,NT,,,,,,,,Off-grid,,,2020
,,F,NT,,,,,,,,Off-grid,,,2020
,,F,NT,,,,,,,,Off-grid,,,2020
,,F,NT,,,,,,,,Off-grid,,,2020
,,F,NT,,,,,,,,Off-grid,,,2020
,,F,NT,,,,,,,,Off-grid,,,2020
,,F,NT,,,,,,,,Off-grid,,,2020
,,F,NT,,,,,,,,Off-grid,,,2020
,,F,NT,,,,,,,,Off-grid,,,2020
,,F,NT,,,,,,,,Off-grid,,,2020
,,C,,,,,,,,,,,,2020
,,F,NT,,,,,,,,DKIS,,,2020
,,F,NT,,,,,,,,DKIS,,,2020
,,F,NT,,,,,,,,Off-grid,,,2020
,,F,NT,,,,,,,,Off-grid,,,2020
,,F,NT,,,,,,,,Off-grid,,,2020
,,F,NT,,,,,,,,Off-grid,,,2020
,,F,NT,,,,,,,,DKIS,,,2020
,,F,NT,,,,,,,,Off-grid,,,2020
,,C,,,,,,,,,,,,2020
,,F,VIC,,,,,,,,NEM,,,2020
,,C,,,,,,,,,,,,2020
,,F,QLD,,,,,,,,NEM,,,2020
,,C,,,,,,,,,,,,2020
,,F,WA,,,,,,,,SWIS,,,2020
,,F,QLD,,,,,,,,NEM,,,2020
,,F,QLD,,,,,,,,NEM,,,2020
,,F,SA,,,,,,,,NEM,,,2020
,,F,VIC,,,,,,,,NEM,,,2020
,,F,QLD,,,,,,,,NEM,,,2020
,,F,QLD,,,,,,,,NEM,,,2020
,,C,,,,,,,,,,,,2020
,,F,WA,,,,,,,,Off-grid,,,2020
,,F,WA,,,,,,,,Off-grid,,,2020
,,F,WA,,,,,,,,Off-grid,,,2020
,,F,WA,,,,,,,,Off-grid,,,2020
,,F,WA,,,,,,,,Off-grid,,,2020
,,F,WA,,,,,,,,Off-grid,,,2020
,,F,WA,,,,,,,,Off-grid,,,2020
,,F,WA,,,,,,,,Off-grid,,,2020
,,F,WA,,,,,,,,Off-grid,,,2020
,,F,WA,,,,,,,,Off-grid,,,2020
,,C,,,,,,,,,,,,2020
,,F,QLD,,,,,,,,NEM,,,2020
,,C,,,,,,,,,,,,2020
,,F,WA,,,,,,,,NWIS,,,2020
,,F,WA,,,,,,,,NWIS,,,2020
,,F,WA,,,,,,,,NWIS,,,2020
,,F,WA,,,,,,,,NWIS,,,2020
,,C,,,,,,,,,,,,2020
,,F,QLD,,,,,,,,NEM,,,2020
,,C,,,,,,,,,,,,2020
,,F,VIC,,,,,,,,NEM,,,2020
,,C,,,,,,,,,,,,2020
,,F,NSW,,,,,,,,NEM,,,2020
,,C,,,,,,,,,,,,2020
,,F,WA,,,,,,,,SWIS,,,2020
,,F,QLD,,,,,,,,NEM,,,2020
,,C,,,,,,,,,,,,2020
,,F,TAS,,,,,,,,NEM,,,2020
,,F,TAS,,,,,,,,NEM,,,2020
,,F,TAS,,,,,,,,NEM,,,2020
,,C,,,,,,,,,,,,2020
,,F,SA,,,,,,,,NEM,,,2020
,,C,,,,,,,,,,,,2020
,,F,SA,,,,,,,,NEM,,,2020
,,C,,,,,,,,,,,,2020
,,F,SA,,,,,,,,NEM,,,2020
,,C,,,,,,,,,,,,2020
,,F,SA,,,,,,,,NEM,,,2020
,,F,NSW,,,,,,,,NEM,,,2020
,,F,VIC,,,,,,,,NEM,,,2020
,,F,SA,,,,,,,,NEM,,,2020
,,F,NSW,,,,,,,,NEM,,,2020
,,F,VIC,,,,,,,,NEM,,,2020
,,C,,,,,,,,,,,,2020
,,F,NSW,,,,,,,,NEM,,,2020
,,C,,,,,,,,,,,,2020
,,F,VIC,,,,,,,,NEM,,,2020
,,F,SA,,,,,,,,NEM,,,2020
,,F,VIC,,,,,,,,NEM,,,2020
,,F,VIC,,,,,,,,NEM,,,2020
,,F,VIC,,,,,,,,NEM,,,2020
,,F,VIC,,,,,,,,NEM,,,2020
,,F,QLD,,,,,,,,NEM,,,2020
,,F,WA,,,,,,,,Off-grid,,,2020
,,F,VIC,,,,,,,,NEM,,,2020
,,F,NSW,,,,,,,,NEM,,,2020
,,F,NSW,,,,,,,,NEM,,,2020
,,F,VIC,,,,,,,,NEM,,,2020
,,F,VIC,,,,,,,,NEM,,,2020
,,F,VIC,,,,,,,,NEM,,,2020
,,C,,,,,,,,,,,,2020
,,F,WA,,,,,,,,SWIS,,,2020
,,C,,,,,,,,,,,,2020
,,F,QLD,,,,,,,,NEM,,,2020
,,F,QLD,,,,,,,,NEM,,,2020
,,F,QLD,,,,,,,,NEM,,,2020
,,F,QLD,,,,,,,,Mt Isa,,,2020
,,F,QLD,,,,,,,,NEM,,,2020
,,F,QLD,,,,,,,,NEM,,,2020
,,C,,,,,,,,,,,,2020
,,F,SA,,,,,,,,NEM,,,2020
,,F,TAS,,,,,,,,NEM,,,2020
,,F,TAS,,,,,,,,NEM,,,2020
,,F,NSW,,,,,,,,NEM,,,2020
,,F,NSW,,,,,,,,NEM,,,2020
,,F,QLD,,,,,,,,NEM,,,2020
,,F,WA,,,,,,,,SWIS,,,2020
,,F,VIC,,,,,,,,NEM,,,2020
,,F,NSW,,,,,,,,NEM,,,2020
,,C,,,,,,,,,,,,2020
,,F,NSW,,,,,,,,NEM,,,2020
,,C,,,,,,,,,,,,2020
,,F,TAS,,,,,,,,NEM,,,2020
,,C,,,,,,,,,,,,2020
,,F,WA,,,,,,,,SWIS,,,2020
,,F,WA,,,,,,,,SWIS,,,2020
,,F,WA,,,,,,,,Off-grid,,,2020
,,F,WA,,,,,,,,Off-grid,,,2020
,,F,WA,,,,,,,,NWIS,,,2020
,,C,,,,,,,,,,,,2020
,,F,SA,,,,,,,,NEM,,,2020
,,C,,,,,,,,,,,,2020
,,F,WA,,,,,,,,Off-grid,,,2020
,,F,WA,,,,,,,,Off-grid,,,2020
,,C,,,,,,,,,,,,2020
,,F,QLD,,,,,,,,NEM,,,2020
,,F,VIC,,,,,,,,NEM,,,2020
,,C,,,,,,,,,,,,2020
,,F,NSW,,,,,,,,NEM,,,2020
,,C,,,,,,,,,,,,2020
,,F,TAS,,,,,,,,NEM,,,2020
,,C,,,,,,,,,,,,2020
,,F,WA,,,,,,,,Off-grid,,,2020
,,C,,,,,,,,,,,,2020
,,F,SA,,,,,,,,NEM,,,2021
,,F,NSW,,,,,,,,NEM,,,2021
,,F,VIC,,,,,,,,NEM,,,2021
,,F,VIC,,,,,,,,NEM,,,2021
,,C,,,,,,,,,,,,2021
,,F,QLD,,,,,,,,NEM,,,2021
,,C,,,,,,,,,,,,2021
,,F,VIC,,,,,,,,NEM,,,2021
,,F,SA,,,,,,,,NEM,,,2021
,,F,NSW,,,,,,,,NEM,,,2021
,,F,VIC,,,,,,,,NEM,,,2021
,,F,NSW,,,,,,,,NEM,,,2021
,,F,VIC,,,,,,,,NEM,,,2021
,,F,NSW,,,,,,,,NEM,,,2021
,,F,VIC,,,,,,,,NEM,,,2021
,,F,VIC,,,,,,,,NEM,,,2021
,,F,NSW,,,,,,,,NEM,,,2021
,,F,SA,,,,,,,,NEM,,,2021
,,F,SA,,,,,,,,NEM,,,2021
,,F,SA,,,,,,,,NEM,,,2021
,,F,SA,,,,,,,,NEM,,,2021
,,F,NSW,,,,,,,,NEM,,,2021
,,F,WA,,,,,,,,SWIS,,,2021
,,F,NSW,,,,,,,,NEM,,,2021
,,F,VIC,,,,,,,,NEM,,,2021
,,F,VIC,,,,,,,,NEM,,,2021
,,F,VIC,,,,,,,,NEM,,,2021
,,F,NSW,,,,,,,,NEM,,,2021
,,F,VIC,,,,,,,,NEM,,,2021
,,F,VIC,,,,,,,,NEM,,,2021
,,F,NSW,,,,,,,,NEM,,,2021
,,F,VIC,,,,,,,,NEM,,,2021
,,F,SA,,,,,,,,NEM,,,2021
,,F,SA,,,,,,,,NEM,,,2021
,,F,VIC,,,,,,,,NEM,,,2021
,,F,VIC,,,,,,,,NEM,,,2021
,,F,NSW,,,,,,,,NEM,,,2021
,,F,NSW,,,,,,,,NEM,,,2021
,,C,,,,,,,,,,,,2021
,,F,WA,,,,,,,,SWIS,,,2021
,,C,,,,,,,,,,,,2021
,,F,WA,,,,,,,,SWIS,,,2021
,,F,WA,,,,,,,,SWIS,,,2021
,,F,QLD,,,,,,,,NEM,,,2021
,,F,QLD,,,,,,,,NEM,,,2021
,,F,QLD,,,,,,,,Mt Isa,,,2021
,,F,WA,,,,,,,,SWIS,,,2021
,,F,WA,,,,,,,,SWIS,,,2021
,,C,,,,,,,,,,,,2021
,,F,QLD,,,,,,,,NEM,,,2021
,,C,,,,,,,,,,,,2021
,,F,WA,,,,,,,,NWIS,,,2021
,,F,SA,,,,,,,,NEM,,,2021
,,C,,,,,,,,,,,,2021
,,F,VIC,,,,,,,,NEM,,,2021
,,C,,,,,,,,,,,,2021
,,F,VIC,,,,,,,,NEM,,,2021
,,C,,,,,,,,,,,,2021
,,F,WA,,,,,,,,SWIS,,,2021
,,C,,,,,,,,,,,,2021
,,F,NSW,,,,,,,,NEM,,,2021
,,F,NSW,,,,,,,,NEM,,,2021
,,F,NSW,,,,,,,,NEM,,,2021
,,C,,,,,,,,,,,,2021
,,F,WA,,,,,,,,Off-grid,,,2021
,,C,,,,,,,,,,,,2021
,,F,WA,,,,,,,,SWIS,,,2021
,,C,,,,,,,,,,,,2021
,,F,WA,,,,,,,,SWIS,,,2021
,,C,,,,,,,,,,,,2021
,,F,QLD,,,,,,,,NEM,,,2021
,,F,QLD,,,,,,,,NEM,,,2021
,,F,QLD,,,,,,,,NEM,,,2021
,,C,,,,,,,,,,,,2021
,,F,NSW,,,,,,,,NEM,,,2021
,,F,NSW,,,,,,,,NEM,,,2021
,,C,,,,,,,,,,,,2021
,,F,VIC,,,,,,,,NEM,,,2021
,,C,,,,,,,,,,,,2021
,,F,NSW,,,,,,,,NEM,,,2021
,,C,,,,,,,,,,,,2021
,,F,NSW,,,,,,,,NEM,,,2021
,,F,WA,,,,,,,,Off-grid,,,2021
,,F,WA,,,,,,,,Off-grid,,,2021
,,F,NSW,,,,,,,,NEM,,,2021
,,F,VIC,,,,,,,,NEM,,,2021
,,F,WA,,,,,,,,Off-grid,,,2021
,,F,VIC,,,,,,,,NEM,,,2021
,,F,VIC,,,,,,,,NEM,,,2021
,,F,WA,,,,,,,,Off-grid,,,2021
,,F,QLD,,,,,,,,NEM,,,2021
,,F,VIC,,,,,,,,NEM,,,2021
,,F,SA,,,,,,,,Off-grid,,,2021
,,F,VIC,,,,,,,,NEM,,,2021
,,F,NSW,,,,,,,,NEM,,,2021
,,F,WA,,,,,,,,Off-grid,,,2021
,,F,WA,,,,,,,,Off-grid,,,2021
,,F,NSW,,,,,,,,NEM,,,2021
,,F,WA,,,,,,,,Off-grid,,,2021
,,F,WA,,,,,,,,Off-grid,,,2021
,,F,QLD,,,,,,,,NEM,,,2021
,,F,NSW,,,,,,,,NEM,,,2021
,,F,NSW,,,,,,,,NEM,,,2021
,,F,QLD,,,,,,,,NEM,,,2021
,,F,QLD,,,,,,,,NEM,,,2021
,,F,WA,,,,,,,,Off-grid,,,2021
,,F,NSW,,,,,,,,NEM,,,2021
,,F,WA,,,,,,,,SWIS,,,2021
,,F,WA,,,,,,,,Off-grid,,,2021
,,F,WA,,,,,,,,Off-grid,,,2021
,,F,WA,,,,,,,,Off-grid,,,2021
,,F,NSW,,,,,,,,NEM,,,2021
,,F,NSW,,,,,,,,NEM,,,2021
,,F,NT,,,,,,,,Off-grid,,,2021
,,F,WA,,,,,,,,Off-grid,,,2021
,,F,QLD,,,,,,,,NEM,,,2021
,,F,ACT,,,,,,,,NEM,,,2021
,,F,QLD,,,,,,,,NEM,,,2021
,,F,QLD,,,,,,,,NEM,,,2021
,,F,NT,,,,,,,,DKIS,,,2021
,,F,WA,,,,,,,,SWIS,,,2021
,,F,VIC,,,,,,,,NEM,,,2021
,,F,NSW,,,,,,,,NEM,,,2021
,,F,WA,,,,,,,,SWIS,,,2021
,,F,NSW,,,,,,,,NEM,,,2021
,,F,WA,,,,,,,,Off-grid,,,2021
,,F,QLD,,,,,,,,Off-grid,,,2021
,,F,SA,,,,,,,,NEM,,,2021
,,F,SA,,,,,,,,NEM,,,2021
,,F,VIC,,,,,,,,NEM,,,2021
,,C,,,,,,,,,,,,2021
,,F,QLD,,,,,,,,NEM,,,2021
,,C,,,,,,,,,,,,2021
,,F,QLD,,,,,,,,NEM,,,2021
,,C,,,,,,,,,,,,2021
,,F,QLD,,,,,,,,NEM,,,2021
,,F,QLD,,,,,,,,NEM,,,2021
,,F,QLD,,,,,,,,NEM,,,2021
,,F,QLD,,,,,,,,NEM,,,2021
,,C,,,,,,,,,,,,2021
,,F,WA,,,,,,,,Off-grid,,,2021
,,F,WA,,,,,,,,Off-grid,,,2021
,,F,WA,,,,,,,,Off-grid,,,2021
,,F,WA,,,,,,,,Off-grid,,,2021
,,F,WA,,,,,,,,Off-grid,,,2021
,,F,WA,,,,,,,,Off-grid,,,2021
,,F,WA,,,,,,,,Off-grid,,,2021
,,C,,,,,,,,,,,,2021
,,F,WA,,,,,,,,SWIS,,,2021
,,C,,,,,,,,,,,,2021
,,F,NSW,,,,,,,,NEM,,,2021
,,C,,,,,,,,,,,,2021
,,F,ACT,,,,,,,,NEM,,,2021
,,C,,,,,,,,,,,,2021
,,F,VIC,,,,,,,,NEM,,,2021
,,C,,,,,,,,,,,,2021
,,F,VIC,,,,,,,,NEM,,,2021
,,F,VIC,,,,,,,,NEM,,,2021
,,F,QLD,,,,,,,,NEM,,,2021
,,F,QLD,,,,,,,,NEM,,,2021
,,F,QLD,,,,,,,,NEM,,,2021
,,F,QLD,,,,,,,,NEM,,,2021
,,F,NSW,,,,,,,,NEM,,,2021
,,C,,,,,,,,,,,,2021
,,F,WA,,,,,,,,SWIS,,,2021
,,F,WA,,,,,,,,SWIS,,,2021
,,F,WA,,,,,,,,SWIS,,,2021
,,F,WA,,,,,,,,Off-grid,,,2021
,,F,WA,,,,,,,,Off-grid,,,2021
,,F,WA,,,,,,,,Off-grid,,,2021
,,F,WA,,,,,,,,Off-grid,,,2021
,,F,WA,,,,,,,,SWIS,,,2021
,,F,WA,,,,,,,,SWIS,,,2021
,,F,WA,,,,,,,,SWIS,,,2021
,,F,WA,,,,,,,,SWIS,,,2021
,,F,WA,,,,,,,,SWIS,,,2021
,,F,WA,,,,,,,,SWIS,,,2021
,,C,,,,,,,,,,,,2021
,,F,WA,,,,,,,,SWIS,,,2021
,,C,,,,,,,,,,,,2021
,,F,QLD,,,,,,,,NEM,,,2021
,,C,,,,,,,,,,,,2021
,,F,NSW,,,,,,,,NEM,,,2021
,,C,,,,,,,,,,,,2021
,,F,QLD,,,,,,,,NEM,,,2021
,,C,,,,,,,,,,,,2021
,,F,SA,,,,,,,,NEM,,,2021
,,F,SA,,,,,,,,NEM,,,2021
,,C,,,,,,,,,,,,2021
,,F,QLD,,,,,,,,Off-grid,,,2021
,,F,QLD,,,,,,,,Off-grid,,,2021
,,F,QLD,,,,,,,,Off-grid,,,2021
,,F,QLD,,,,,,,,NEM,,,2021
,,F,QLD,,,,,,,,Off-grid,,,2021
,,F,QLD,,,,,,,,Off-grid,,,2021
,,F,QLD,,,,,,,,Off-grid,,,2021
,,F,QLD,,,,,,,,Off-grid,,,2021
,,F,QLD,,,,,,,,Off-grid,,,2021
,,F,QLD,,,,,,,,Off-grid,,,2021
,,F,QLD,,,,,,,,Off-grid,,,2021
,,F,QLD,,,,,,,,Off-grid,,,2021
,,F,QLD,,,,,,,,Off-grid,,,2021
,,F,QLD,,,,,,,,Off-grid,,,2021
,,F,QLD,,,,,,,,Off-grid,,,2021
,,F,QLD,,,,,,,,NEM,,,2021
,,F,QLD,,,,,,,,NEM,,,2021
,,F,QLD,,,,,,,,Off-grid,,,2021
,,F,QLD,,,,,,,,Off-grid,,,2021
,,F,QLD,,,,,,,,Off-grid,,,2021
,,F,QLD,,,,,,,,Off-grid,,,2021
,,F,QLD,,,,,,,,Off-grid,,,2021
,,F,QLD,,,,,,,,Off-grid,,,2021
,,F,QLD,,,,,,,,Off-grid,,,2021
,,F,QLD,,,,,,,,Off-grid,,,2021
,,F,QLD,,,,,,,,Off-grid,,,2021
,,F,QLD,,,,,,,,Off-grid,,,2021
,,F,QLD,,,,,,,,Off-grid,,,2021
,,F,QLD,,,,,,,,Off-grid,,,2021
,,F,QLD,,,,,,,,Off-grid,,,2021
,,F,QLD,,,,,,,,Off-grid,,,2021
,,F,QLD,,,,,,,,Off-grid,,,2021
,,F,QLD,,,,,,,,Off-grid,,,2021
,,F,QLD,,,,,,,,Off-grid,,,2021
,,F,QLD,,,,,,,,Off-grid,,,2021
,,F,QLD,,,,,,,,Off-grid,,,2021
,,C,,,,,,,,,,,,2021
,,F,SA,,,,,,,,NEM,,,2021
,,F,VIC,,,,,,,,NEM,,,2021
,,F,NSW,,,,,,,,NEM,,,2021
,,F,VIC,,,,,,,,NEM,,,2021
,,F,NSW,,,,,,,,NEM,,,2021
,,F,VIC,,,,,,,,NEM,,,2021
,,C,,,,,,,,,,,,2021
,,F,WA,,,,,,,,Off-grid,,,2021
,,C,,,,,,,,,,,,2021
,,F,NSW,,,,,,,,NEM,,,2021
,,C,,,,,,,,,,,,2021
,,F,WA,,,,,,,,Off-grid,,,2021
,,C,,,,,,,,,,,,2021
,,F,NSW,,,,,,,,NEM,,,2021
,,C,,,,,,,,,,,,2021
,,F,WA,,,,,,,,Off-grid,,,2021
,,C,,,,,,,,,,,,2021
,,F,QLD,,,,,,,,NEM,,,2021
,,C,,,,,,,,,,,,2021
,,F,QLD,,,,,,,,NEM,,,2021
,,F,NSW,,,,,,,,NEM,,,2021
,,C,,,,,,,,,,,,2021
,,F,VIC,,,,,,,,NEM,,,2021
,,C,,,,,,,,,,,,2021
,,F,VIC,,,,,,,,NEM,,,2021
,,F,NSW,,,,,,,,NEM,,,2021
,,C,,,,,,,,,,,,2021
,,F,WA,,,,,,,,SWIS,,,2021
,,C,,,,,,,,,,,,2021
,,F,NSW,,,,,,,,NEM,,,2021
,,C,,,,,,,,,,,,2021
,,F,NSW,,,,,,,,NEM,,,2021
,,F,NSW,,,,,,,,NEM,,,2021
,,F,NSW,,,,,,,,NEM,,,2021
,,F,NSW,,,,,,,,NEM,,,2021
,,C,,,,,,,,,,,,2021
,,F,TAS,,,,,,,,NEM,,,2021
,,F,TAS,,,,,,,,NEM,,,2021
,,F,TAS,,,,,,,,NEM,,,2021
,,F,TAS,,,,,,,,NEM,,,2021
,,F,TAS,,,,,,,,NEM,,,2021
,,F,TAS,,,,,,,,NEM,,,2021
,,F,TAS,,,,,,,,NEM,,,2021
,,F,TAS,,,,,,,,Off-grid,,,2021
,,F,TAS,,,,,,,,NEM,,,2021
,,F,TAS,,,,,,,,NEM,,,2021
,,F,TAS,,,,,,,,Off-grid,,,2021
,,F,TAS,,,,,,,,NEM,,,2021
,,F,TAS,,,,,,,,NEM,,,2021
,,F,TAS,,,,,,,,NEM,,,2021
,,F,TAS,,,,,,,,NEM,,,2021
,,F,TAS,,,,,,,,NEM,,,2021
,,F,TAS,,,,,,,,NEM,,,2021
,,F,TAS,,,,,,,,NEM,,,2021
,,F,TAS,,,,,,,,NEM,,,2021
,,F,TAS,,,,,,,,NEM,,,2021
,,F,TAS,,,,,,,,NEM,,,2021
,,F,TAS,,,,,,,,NEM,,,2021
,,F,TAS,,,,,,,,NEM,,,2021
,,F,TAS,,,,,,,,NEM,,,2021
,,F,TAS,,,,,,,,NEM,,,2021
,,F,TAS,,,,,,,,NEM,,,2021
,,F,TAS,,,,,,,,NEM,,,2021
,,F,TAS,,,,,,,,NEM,,,2021
,,F,TAS,,,,,,,,NEM,,,2021
,,F,TAS,,,,,,,,NEM,,,2021
,,F,TAS,,,,,,,,NEM,,,2021
,,C,,,,,,,,,,,,2021
,,F,QLD,,,,,,,,NEM,,,2021
,,F,WA,,,,,,,,NWIS,,,2021
,,F,QLD,,,,,,,,NEM,,,2021
,,F,ACT,,,,,,,,NEM,,,2021
,,F,VIC,,,,,,,,NEM,,,2021
,,F,ACT,,,,,,,,NEM,,,2021
,,C,,,,,,,,,,,,2021
,,F,WA,,,,,,,,SWIS,,,2021
,,F,NSW,,,,,,,,NEM,,,2021
,,F,NSW,,,,,,,,NEM,,,2021
,,F,SA,,,,,,,,NEM,,,2021
,,F,SA,,,,,,,,NEM,,,2021
,,F,NSW,,,,,,,,NEM,,,2021
,,F,NSW,,,,,,,,NEM,,,2021
,,F,VIC,,,,,,,,NEM,,,2021
,,F,SA,,,,,,,,NEM,,,2021
,,C,,,,,,,,,,,,2021
,,F,SA,,,,,,,,NEM,,,2021
,,F,SA,,,,,,,,NEM,,,2021
,,F,WA,,,,,,,,SWIS,,,2021
,,F,SA,,,,,,,,NEM,,,2021
,,F,SA,,,,,,,,NEM,,,2021
,,F,SA,,,,,,,,NEM,,,2021
,,F,SA,,,,,,,,NEM,,,2021
,,F,SA,,,,,,,,NEM,,,2021
,,C,,,,,,,,,,,,2021
,,F,VIC,,,,,,,,NEM,,,2021
,,C,,,,,,,,,,,,2021
,,F,QLD,,,,,,,,NEM,,,2021
,,C,,,,,,,,,,,,2021
,,F,VIC,,,,,,,,NEM,,,2021
,,C,,,,,,,,,,,,2021
,,F,VIC,,,,,,,,NEM,,,2021
,,C,,,,,,,,,,,,2021
,,F,VIC,,,,,,,,Off-grid,,,2021
,,C,,,,,,,,,,,,2021
,,F,QLD,,,,,,,,NEM,,,2021
,,F,QLD,,,,,,,,NEM,,,2021
,,F,QLD,,,,,,,,NEM,,,2021
,,F,QLD,,,,,,,,NEM,,,2021
,,F,QLD,,,,,,,,NEM,,,2021
,,F,ACT,,,,,,,,NEM,,,2021
,,F,QLD,,,,,,,,NEM,,,2021
,,C,,,,,,,,,,,,2021
,,F,QLD,,,,,,,,NEM,,,2021
,,C,,,,,,,,,,,,2021
,,F,QLD,,,,,,,,NEM,,,2021
,,C,,,,,,,,,,,,2021
,,F,SA,,,,,,,,NEM,,,2021
,,C,,,,,,,,,,,,2021
,,F,NSW,,,,,,,,NEM,,,2021
,,F,NSW,,,,,,,,Off-grid,,,2021
,,F,NSW,,,,,,,,NEM,,,2021
,,F,VIC,,,,,,,,NEM,,,2021
,,F,VIC,,,,,,,,NEM,,,2021
,,F,QLD,,,,,,,,NEM,,,2021
,,F,TAS,,,,,,,,NEM,,,2021
,,F,NT,,,,,,,,DKIS,,,2021
,,F,VIC,,,,,,,,NEM,,,2021
,,F,NSW,,,,,,,,NEM,,,2021
,,F,VIC,,,,,,,,NEM,,,2021
,,F,QLD,,,,,,,,NEM,,,2021
,,F,VIC,,,,,,,,NEM,,,2021
,,F,SA,,,,,,,,NEM,,,2021
,,F,SA,,,,,,,,NEM,,,2021
,,F,NSW,,,,,,,,NEM,,,2021
,,F,QLD,,,,,,,,Off-grid,,,2021
,,F,TAS,,,,,,,,NEM,,,2021
,,F,QLD,,,,,,,,NEM,,,2021
,,F,SA,,,,,,,,Off-grid,,,2021
,,F,VIC,,,,,,,,NEM,,,2021
,,F,SA,,,,,,,,Off-grid,,,2021
,,F,WA,,,,,,,,SWIS,,,2021
,,F,QLD,,,,,,,,NEM,,,2021
,,F,QLD,,,,,,,,NEM,,,2021
,,F,VIC,,,,,,,,NEM,,,2021
,,F,VIC,,,,,,,,NEM,,,2021
,,F,NSW,,,,,,,,NEM,,,2021
,,F,QLD,,,,,,,,NEM,,,2021
,,F,SA,,,,,,,,NEM,,,2021
,,C,,,,,,,,,,,,2021
,,F,QLD,,,,,,,,NEM,,,2021
,,C,,,,,,,,,,,,2021
,,F,QLD,,,,,,,,NEM,,,2021
,,C,,,,,,,,,,,,2021
,,F,NSW,,,,,,,,NEM,,,2021
,,C,,,,,,,,,,,,2021
,,F,NSW,,,,,,,,NEM,,,2021
,,F,NSW,,,,,,,,NEM,,,2021
,,F,NSW,,,,,,,,NEM,,,2021
,,F,VIC,,,,,,,,NEM,,,2021
,,F,SA,,,,,,,,NEM,,,2021
,,C,,,,,,,,,,,,2021
,,F,VIC,,,,,,,,NEM,,,2021
,,F,VIC,,,,,,,,NEM,,,2021
,,F,VIC,,,,,,,,NEM,,,2021
,,F,VIC,,,,,,,,NEM,,,2021
,,F,VIC,,,,,,,,NEM,,,2021
,,C,,,,,,,,,,,,2021
,,F,VIC,,,,,,,,NEM,,,2021
,,C,,,,,,,,,,,,2021
,,F,VIC,,,,,,,,NEM,,,2021
,,C,,,,,,,,,,,,2021
,,F,WA,,,,,,,,SWIS,,,2021
,,C,,,,,,,,,,,,2021
,,F,VIC,,,,,,,,NEM,,,2021
,,C,,,,,,,,,,,,2021
,,F,VIC,,,,,,,,NEM,,,2021
,,F,NSW,,,,,,,,NEM,,,2021
,,F,WA,,,,,,,,Off-grid,,,2021
,,F,NSW,,,,,,,,NEM,,,2021
,,F,NSW,,,,,,,,NEM,,,2021
,,F,SA,,,,,,,,NEM,,,2021
,,F,SA,,,,,,,,NEM,,,2021
,,F,SA,,,,,,,,NEM,,,2021
,,F,SA,,,,,,,,NEM,,,2021
,,F,VIC,,,,,,,,NEM,,,2021
,,F,NSW,,,,,,,,NEM,,,2021
,,C,,,,,,,,,,,,2021
,,F,NSW,,,,,,,,NEM,,,2021
,,F,NSW,,,,,,,,NEM,,,2021
,,C,,,,,,,,,,,,2021
,,F,WA,,,,,,,,SWIS,,,2021
,,C,,,,,,,,,,,,2021
,,F,QLD,,,,,,,,NEM,,,2021
,,C,,,,,,,,,,,,2021
,,F,NSW,,,,,,,,NEM,,,2021
,,C,,,,,,,,,,,,2021
,,F,QLD,,,,,,,,NEM,,,2021
,,C,,,,,,,,,,,,2021
,,F,VIC,,,,,,,,NEM,,,2021
,,F,VIC,,,,,,,,NEM,,,2021
,,F,NSW,,,,,,,,NEM,,,2021
,,F,NSW,,,,,,,,NEM,,,2021
,,F,QLD,,,,,,,,NEM,,,2021
,,F,VIC,,,,,,,,NEM,,,2021
,,F,NSW,,,,,,,,NEM,,,2021
,,F,VIC,,,,,,,,NEM,,,2021
,,F,NSW,,,,,,,,NEM,,,2021
,,F,VIC,,,,,,,,NEM,,,2021
,,F,SA,,,,,,,,NEM,,,2021
,,F,VIC,,,,,,,,NEM,,,2021
,,F,NSW,,,,,,,,NEM,,,2021
,,F,QLD,,,,,,,,NEM,,,2021
,,F,SA,,,,,,,,NEM,,,2021
,,F,QLD,,,,,,,,NEM,,,2021
,,F,NSW,,,,,,,,NEM,,,2021
,,F,NSW,,,,,,,,NEM,,,2021
,,F,NSW,,,,,,,,NEM,,,2021
,,F,NSW,,,,,,,,NEM,,,2021
,,C,,,,,,,,,,,,2021
,,F,QLD,,,,,,,,NEM,,,2021
,,F,QLD,,,,,,,,NEM,,,2021
,,C,,,,,,,,,,,,2021
,,F,TAS,,,,,,,,NEM,,,2021
,,C,,,,,,,,,,,,2021
,,F,QLD,,,,,,,,NEM,,,2021
,,C,,,,,,,,,,,,2021
,,F,SA,,,,,,,,NEM,,,2021
,,C,,,,,,,,,,,,2021
,,F,VIC,,,,,,,,NEM,,,2021
,,F,QLD,,,,,,,,NEM,,,2021
,,F,VIC,,,,,,,,NEM,,,2021
,,F,WA,,,,,,,,Off-grid,,,2021
,,F,WA,,,,,,,,NWIS,,,2021
,,F,WA,,,,,,,,SWIS,,,2021
,,F,WA,,,,,,,,SWIS,,,2021
,,C,,,,,,,,,,,,2021
,,F,NT,,,,,,,,Off-grid,,,2021
,,F,NT,,,,,,,,Off-grid,,,2021
,,F,NT,,,,,,,,Off-grid,,,2021
,,F,NT,,,,,,,,Off-grid,,,2021
,,F,NT,,,,,,,,Off-grid,,,2021
,,F,NT,,,,,,,,Off-grid,,,2021
,,F,NT,,,,,,,,Off-grid,,,2021
,,F,NT,,,,,,,,Off-grid,,,2021
,,F,NT,,,,,,,,Off-grid,,,2021
,,F,NT,,,,,,,,Off-grid,,,2021
,,F,NT,,,,,,,,Off-grid,,,2021
,,F,NT,,,,,,,,Off-grid,,,2021
,,F,NT,,,,,,,,Off-grid,,,2021
,,F,NT,,,,,,,,Off-grid,,,2021
,,F,NT,,,,,,,,Off-grid,,,2021
,,F,NT,,,,,,,,Off-grid,,,2021
,,F,NT,,,,,,,,Off-grid,,,2021
,,F,NT,,,,,,,,Off-grid,,,2021
,,F,NT,,,,,,,,Off-grid,,,2021
,,F,NT,,,,,,,,Off-grid,,,2021
,,F,NT,,,,,,,,Off-grid,,,2021
,,F,NT,,,,,,,,Off-grid,,,2021
,,F,NT,,,,,,,,Off-grid,,,2021
,,F,NT,,,,,,,,Off-grid,,,2021
,,F,NT,,,,,,,,Off-grid,,,2021
,,F,NT,,,,,,,,Off-grid,,,2021
,,F,NT,,,,,,,,Off-grid,,,2021
,,F,NT,,,,,,,,Off-grid,,,2021
,,F,NT,,,,,,,,Off-grid,,,2021
,,F,NT,,,,,,,,Off-grid,,,2021
,,F,NT,,,,,,,,Off-grid,,,2021
,,F,NT,,,,,,,,Off-grid,,,2021
,,F,NT,,,,,,,,Off-grid,,,2021
,,F,NT,,,,,,,,Off-grid,,,2021
,,F,NT,,,,,,,,Off-grid,,,2021
,,F,NT,,,,,,,,Off-grid,,,2021
,,F,NT,,,,,,,,Off-grid,,,2021
,,F,NT,,,,,,,,Off-grid,,,2021
,,F,NT,,,,,,,,Off-grid,,,2021
,,F,NT,,,,,,,,Off-grid,,,2021
,,F,NT,,,,,,,,Off-grid,,,2021
,,F,NT,,,,,,,,Off-grid,,,2021
,,F,NT,,,,,,,,Off-grid,,,2021
,,F,NT,,,,,,,,Off-grid,,,2021
,,F,NT,,,,,,,,Off-grid,,,2021
,,F,NT,,,,,,,,Off-grid,,,2021
,,F,NT,,,,,,,,Off-grid,,,2021
,,F,NT,,,,,,,,Off-grid,,,2021
,,F,NT,,,,,,,,Off-grid,,,2021
,,F,NT,,,,,,,,Off-grid,,,2021
,,F,NT,,,,,,,,Off-grid,,,2021
,,F,NT,,,,,,,,Off-grid,,,2021
,,F,NT,,,,,,,,Off-grid,,,2021
,,F,NT,,,,,,,,Off-grid,,,2021
,,F,NT,,,,,,,,Off-grid,,,2021
,,F,NT,,,,,,,,Off-grid,,,2021
,,C,,,,,,,,,,,,2021
,,F,NT,,,,,,,,DKIS,,,2021
,,F,NT,,,,,,,,DKIS,,,2021
,,F,NT,,,,,,,,Off-grid,,,2021
,,F,NT,,,,,,,,Off-grid,,,2021
,,F,NT,,,,,,,,Off-grid,,,2021
,,F,NT,,,,,,,,Off-grid,,,2021
,,F,NT,,,,,,,,DKIS,,,2021
,,F,NT,,,,,,,,Off-grid,,,2021
,,C,,,,,,,,,,,,2021
,,F,VIC,,,,,,,,NEM,,,2021
,,C,,,,,,,,,,,,2021
,,F,QLD,,,,,,,,NEM,,,2021
,,C,,,,,,,,,,,,2021
,,F,SA,,,,,,,,NEM,,,2021
,,F,VIC,,,,,,,,NEM,,,2021
,,F,VIC,,,,,,,,NEM,,,2021
,,C,,,,,,,,,,,,2021
,,F,WA,,,,,,,,SWIS,,,2021
,,F,SA,,,,,,,,NEM,,,2021
,,F,VIC,,,,,,,,NEM,,,2021
,,F,QLD,,,,,,,,NEM,,,2021
,,F,QLD,,,,,,,,NEM,,,2021
,,F,NSW,,,,,,,,NEM,,,2021
,,F,QLD,,,,,,,,NEM,,,2021
,,F,QLD,,,,,,,,NEM,,,2021
,,C,,,,,,,,,,,,2021
,,F,WA,,,,,,,,Off-grid,,,2021
,,F,WA,,,,,,,,Off-grid,,,2021
,,F,WA,,,,,,,,Off-grid,,,2021
,,F,WA,,,,,,,,Off-grid,,,2021
,,F,WA,,,,,,,,Off-grid,,,2021
,,F,WA,,,,,,,,Off-grid,,,2021
,,F,WA,,,,,,,,Off-grid,,,2021
,,F,WA,,,,,,,,Off-grid,,,2021
,,F,WA,,,,,,,,Off-grid,,,2021
,,F,WA,,,,,,,,Off-grid,,,2021
,,C,,,,,,,,,,,,2021
,,F,QLD,,,,,,,,NEM,,,2021
,,C,,,,,,,,,,,,2021
,,F,WA,,,,,,,,NWIS,,,2021
,,F,WA,,,,,,,,NWIS,,,2021
,,F,WA,,,,,,,,NWIS,,,2021
,,F,WA,,,,,,,,NWIS,,,2021
,,C,,,,,,,,,,,,2021
,,F,QLD,,,,,,,,NEM,,,2021
,,F,WA,,,,,,,,SWIS,,,2021
,,C,,,,,,,,,,,,2021
,,F,NSW,,,,,,,,NEM,,,2021
,,C,,,,,,,,,,,,2021
,,F,VIC,,,,,,,,NEM,,,2021
,,C,,,,,,,,,,,,2021
,,F,NSW,,,,,,,,NEM,,,2021
,,C,,,,,,,,,,,,2021
,,F,WA,,,,,,,,SWIS,,,2021
,,F,QLD,,,,,,,,NEM,,,2021
,,C,,,,,,,,,,,,2021
,,F,TAS,,,,,,,,NEM,,,2021
,,F,TAS,,,,,,,,NEM,,,2021
,,F,TAS,,,,,,,,NEM,,,2021
,,C,,,,,,,,,,,,2021
,,F,SA,,,,,,,,NEM,,,2021
,,C,,,,,,,,,,,,2021
,,F,SA,,,,,,,,NEM,,,2021
,,F,NSW,,,,,,,,NEM,,,2021
,,F,VIC,,,,,,,,NEM,,,2021
,,F,SA,,,,,,,,NEM,,,2021
,,F,NSW,,,,,,,,NEM,,,2021
,,F,VIC,,,,,,,,NEM,,,2021
,,C,,,,,,,,,,,,2021
,,F,NSW,,,,,,,,NEM,,,2021
,,C,,,,,,,,,,,,2021
,,F,NSW,,,,,,,,NEM,,,2021
,,C,,,,,,,,,,,,2021
,,F,VIC,,,,,,,,NEM,,,2021
,,F,SA,,,,,,,,NEM,,,2021
,,F,VIC,,,,,,,,NEM,,,2021
,,F,VIC,,,,,,,,NEM,,,2021
,,F,VIC,,,,,,,,NEM,,,2021
,,F,VIC,,,,,,,,NEM,,,2021
,,F,QLD,,,,,,,,NEM,,,2021
,,F,WA,,,,,,,,Off-grid,,,2021
,,F,VIC,,,,,,,,NEM,,,2021
,,F,NSW,,,,,,,,NEM,,,2021
,,F,NSW,,,,,,,,NEM,,,2021
,,F,VIC,,,,,,,,NEM,,,2021
,,F,VIC,,,,,,,,NEM,,,2021
,,F,VIC,,,,,,,,NEM,,,2021
,,C,,,,,,,,,,,,2021
,,F,WA,,,,,,,,SWIS,,,2021
,,C,,,,,,,,,,,,2021
,,F,QLD,,,,,,,,NEM,,,2021
,,F,QLD,,,,,,,,Mt Isa,,,2021
,,F,QLD,,,,,,,,NEM,,,2021
,,F,QLD,,,,,,,,NEM,,,2021
,,C,,,,,,,,,,,,2021
,,F,NSW,,,,,,,,NEM,,,2021
,,C,,,,,,,,,,,,2021
,,F,SA,,,,,,,,NEM,,,2021
,,F,TAS,,,,,,,,NEM,,,2021
,,F,TAS,,,,,,,,NEM,,,2021
,,F,NSW,,,,,,,,NEM,,,2021
,,F,NSW,,,,,,,,NEM,,,2021
,,F,QLD,,,,,,,,NEM,,,2021
,,F,WA,,,,,,,,SWIS,,,2021
,,F,VIC,,,,,,,,NEM,,,2021
,,F,NSW,,,,,,,,NEM,,,2021
,,C,,,,,,,,,,,,2021
,,F,WA,,,,,,,,SWIS,,,2021
,,C,,,,,,,,,,,,2021
,,F,QLD,,,,,,,,NEM,,,2021
,,C,,,,,,,,,,,,2021
,,F,SA,,,,,,,,NEM,,,2021
,,F,SA,,,,,,,,NEM,,,2021
,,C,,,,,,,,,,,,2021
,,F,WA,,,,,,,,SWIS,,,2021
,,F,WA,,,,,,,,SWIS,,,2021
,,F,WA,,,,,,,,Off-grid,,,2021
,,F,WA,,,,,,,,Off-grid,,,2021
,,F,WA,,,,,,,,NWIS,,,2021
,,C,,,,,,,,,,,,2021
,,F,SA,,,,,,,,NEM,,,2021
,,C,,,,,,,,,,,,2021
,,F,WA,,,,,,,,Off-grid,,,2021
,,F,WA,,,,,,,,Off-grid,,,2021
,,C,,,,,,,,,,,,2021
,,F,QLD,,,,,,,,NEM,,,2021
,,F,VIC,,,,,,,,NEM,,,2021
,,C,,,,,,,,,,,,2021
,,F,NSW,,,,,,,,NEM,,,2021
,,C,,,,,,,,,,,,2021
,,F,TAS,,,,,,,,NEM,,,2021
,,C,,,,,,,,,,,,2021
,,F,WA,,,,,,,,Off-grid,,,2021
,,C,,,,,,,,,,,,2021
,,F,VIC,,,,,,,,NEM,,,2021
,,C,,,,,,,,,,,,2021
,,F,SA,,,,,,,,NEM,,,2022
,,F,NSW,,,,,,,,NEM,,,2022
,,F,VIC,,,,,,,,NEM,,,2022
,,F,VIC,,,,,,,,NEM,,,2022
,,C,,,,,,,,,,,,2022
,,F,QLD,,,,,,,,NEM,,,2022
,,C,,,,,,,,,,,,2022
,,F,VIC,,,,,,,,NEM,,,2022
,,F,SA,,,,,,,,NEM,,,2022
,,F,NSW,,,,,,,,NEM,,,2022
,,F,VIC,,,,,,,,NEM,,,2022
,,F,NSW,,,,,,,,NEM,,,2022
,,F,NSW,,,,,,,,NEM,,,2022
,,F,VIC,,,,,,,,NEM,,,2022
,,F,NSW,,,,,,,,NEM,,,2022
,,F,VIC,,,,,,,,NEM,,,2022
,,F,VIC,,,,,,,,NEM,,,2022
,,F,NSW,,,,,,,,NEM,,,2022
,,F,SA,,,,,,,,NEM,,,2022
,,F,SA,,,,,,,,NEM,,,2022
,,F,SA,,,,,,,,NEM,,,2022
,,F,SA,,,,,,,,NEM,,,2022
,,F,WA,,,,,,,,SWIS,,,2022
,,F,NSW,,,,,,,,NEM,,,2022
,,F,VIC,,,,,,,,NEM,,,2022
,,F,VIC,,,,,,,,NEM,,,2022
,,F,VIC,,,,,,,,NEM,,,2022
,,F,NSW,,,,,,,,NEM,,,2022
,,F,VIC,,,,,,,,NEM,,,2022
,,F,NSW,,,,,,,,NEM,,,2022
,,F,VIC,,,,,,,,NEM,,,2022
,,F,NSW,,,,,,,,NEM,,,2022
,,F,VIC,,,,,,,,NEM,,,2022
,,F,SA,,,,,,,,NEM,,,2022
,,F,SA,,,,,,,,NEM,,,2022
,,F,VIC,,,,,,,,NEM,,,2022
,,F,VIC,,,,,,,,NEM,,,2022
,,C,,,,,,,,,,,,2022
,,F,WA,,,,,,,,SWIS,,,2022
,,C,,,,,,,,,,,,2022
,,F,NSW,,,,,,,,NEM,,,2022
,,C,,,,,,,,,,,,2022
,,F,NSW,,,,,,,,NEM,,,2022
,,C,,,,,,,,,,,,2022
,,F,WA,,,,,,,,SWIS,,,2022
,,F,WA,,,,,,,,SWIS,,,2022
,,F,QLD,,,,,,,,NEM,,,2022
,,F,QLD,,,,,,,,NEM,,,2022
,,F,QLD,,,,,,,,Mt Isa,,,2022
,,F,WA,,,,,,,,SWIS,,,2022
,,F,WA,,,,,,,,SWIS,,,2022
,,C,,,,,,,,,,,,2022
,,F,SA,,,,,,,,NEM,,,2022
,,C,,,,,,,,,,,,2022
,,F,QLD,,,,,,,,NEM,,,2022
,,C,,,,,,,,,,,,2022
,,F,WA,,,,,,,,NWIS,,,2022
,,F,SA,,,,,,,,NEM,,,2022
,,C,,,,,,,,,,,,2022
,,F,VIC,,,,,,,,NEM,,,2022
,,C,,,,,,,,,,,,2022
,,F,VIC,,,,,,,,NEM,,,2022
,,C,,,,,,,,,,,,2022
,,F,NSW,,,,,,,,NEM,,,2022
,,F,NSW,,,,,,,,NEM,,,2022
,,C,,,,,,,,,,,,2022
,,F,WA,,,,,,,,SWIS,,,2022
,,C,,,,,,,,,,,,2022
,,F,NSW,,,,,,,,NEM,,,2022
,,F,NSW,,,,,,,,NEM,,,2022
,,F,NSW,,,,,,,,NEM,,,2022
,,C,,,,,,,,,,,,2022
,,F,WA,,,,,,,,Off-grid,,,2022
,,C,,,,,,,,,,,,2022
,,F,WA,,,,,,,,SWIS,,,2022
,,C,,,,,,,,,,,,2022
,,F,WA,,,,,,,,SWIS,,,2022
,,C,,,,,,,,,,,,2022
,,F,QLD,,,,,,,,NEM,,,2022
,,F,QLD,,,,,,,,NEM,,,2022
,,F,QLD,,,,,,,,NEM,,,2022
,,C,,,,,,,,,,,,2022
,,F,NSW,,,,,,,,NEM,,,2022
,,F,NSW,,,,,,,,NEM,,,2022
,,C,,,,,,,,,,,,2022
,,F,VIC,,,,,,,,NEM,,,2022
,,C,,,,,,,,,,,,2022
,,F,NSW,,,,,,,,NEM,,,2022
,,C,,,,,,,,,,,,2022
,,F,VIC,,,,,,,,NEM,,,2022
,,C,,,,,,,,,,,,2022
,,F,QLD,,,,,,,,NEM,,,2022
,,C,,,,,,,,,,,,2022
,,F,NSW,,,,,,,,NEM,,,2022
,,F,WA,,,,,,,,Off-grid,,,2022
,,F,WA,,,,,,,,Off-grid,,,2022
,,F,NSW,,,,,,,,NEM,,,2022
,,F,VIC,,,,,,,,NEM,,,2022
,,F,WA,,,,,,,,Off-grid,,,2022
,,F,VIC,,,,,,,,NEM,,,2022
,,F,VIC,,,,,,,,NEM,,,2022
,,F,WA,,,,,,,,Off-grid,,,2022
,,F,QLD,,,,,,,,NEM,,,2022
,,F,VIC,,,,,,,,NEM,,,2022
,,F,SA,,,,,,,,Off-grid,,,2022
,,F,VIC,,,,,,,,NEM,,,2022
,,F,NSW,,,,,,,,NEM,,,2022
,,F,WA,,,,,,,,Off-grid,,,2022
,,F,WA,,,,,,,,Off-grid,,,2022
,,F,NSW,,,,,,,,NEM,,,2022
,,F,WA,,,,,,,,Off-grid,,,2022
,,F,WA,,,,,,,,Off-grid,,,2022
,,F,QLD,,,,,,,,NEM,,,2022
,,F,NSW,,,,,,,,NEM,,,2022
,,F,NSW,,,,,,,,NEM,,,2022
,,F,QLD,,,,,,,,NEM,,,2022
,,F,QLD,,,,,,,,NEM,,,2022
,,F,WA,,,,,,,,Off-grid,,,2022
,,F,NSW,,,,,,,,NEM,,,2022
,,F,WA,,,,,,,,SWIS,,,2022
,,F,WA,,,,,,,,Off-grid,,,2022
,,F,WA,,,,,,,,Off-grid,,,2022
,,F,WA,,,,,,,,Off-grid,,,2022
,,F,NSW,,,,,,,,NEM,,,2022
,,F,NSW,,,,,,,,NEM,,,2022
,,F,NT,,,,,,,,Off-grid,,,2022
,,F,WA,,,,,,,,Off-grid,,,2022
,,F,QLD,,,,,,,,NEM,,,2022
,,F,QLD,,,,,,,,NEM,,,2022
,,F,QLD,,,,,,,,NEM,,,2022
,,F,NT,,,,,,,,DKIS,,,2022
,,F,WA,,,,,,,,SWIS,,,2022
,,F,VIC,,,,,,,,NEM,,,2022
,,F,NSW,,,,,,,,NEM,,,2022
,,F,WA,,,,,,,,SWIS,,,2022
,,F,NSW,,,,,,,,NEM,,,2022
,,F,WA,,,,,,,,Off-grid,,,2022
,,F,QLD,,,,,,,,Off-grid,,,2022
,,F,SA,,,,,,,,NEM,,,2022
,,F,SA,,,,,,,,NEM,,,2022
,,F,VIC,,,,,,,,NEM,,,2022
,,C,,,,,,,,,,,,2022
,,F,QLD,,,,,,,,NEM,,,2022
,,C,,,,,,,,,,,,2022
,,F,QLD,,,,,,,,NEM,,,2022
,,C,,,,,,,,,,,,2022
,,F,QLD,,,,,,,,NEM,,,2022
,,F,QLD,,,,,,,,NEM,,,2022
,,F,QLD,,,,,,,,NEM,,,2022
,,F,QLD,,,,,,,,NEM,,,2022
,,C,,,,,,,,,,,,2022
,,F,WA,,,,,,,,SWIS,,,2022
,,C,,,,,,,,,,,,2022
,,F,NSW,,,,,,,,NEM,,,2022
,,C,,,,,,,,,,,,2022
,,F,ACT,,,,,,,,NEM,,,2022
,,C,,,,,,,,,,,,2022
,,F,VIC,,,,,,,,NEM,,,2022
,,C,,,,,,,,,,,,2022
,,F,NSW,,,,,,,,NEM,,,2022
,,F,VIC,,,,,,,,NEM,,,2022
,,F,VIC,,,,,,,,NEM,,,2022
,,F,QLD,,,,,,,,NEM,,,2022
,,F,QLD,,,,,,,,NEM,,,2022
,,F,QLD,,,,,,,,NEM,,,2022
,,F,QLD,,,,,,,,NEM,,,2022
,,C,,,,,,,,,,,,2022
,,F,WA,,,,,,,,SWIS,,,2022
,,F,WA,,,,,,,,SWIS,,,2022
,,F,WA,,,,,,,,SWIS,,,2022
,,F,WA,,,,,,,,Off-grid,,,2022
,,F,WA,,,,,,,,Off-grid,,,2022
,,F,WA,,,,,,,,Off-grid,,,2022
,,F,WA,,,,,,,,SWIS,,,2022
,,F,WA,,,,,,,,SWIS,,,2022
,,F,WA,,,,,,,,SWIS,,,2022
,,F,WA,,,,,,,,SWIS,,,2022
,,F,WA,,,,,,,,SWIS,,,2022
,,F,WA,,,,,,,,SWIS,,,2022
,,C,,,,,,,,,,,,2022
,,F,WA,,,,,,,,SWIS,,,2022
,,C,,,,,,,,,,,,2022
,,F,SA,,,,,,,,NEM,,,2022
,,F,SA,,,,,,,,NEM,,,2022
,,C,,,,,,,,,,,,2022
,,F,QLD,,,,,,,,Off-grid,,,2022
,,F,QLD,,,,,,,,Off-grid,,,2022
,,F,QLD,,,,,,,,Off-grid,,,2022
,,F,QLD,,,,,,,,NEM,,,2022
,,F,QLD,,,,,,,,Off-grid,,,2022
,,F,QLD,,,,,,,,Off-grid,,,2022
,,F,QLD,,,,,,,,Off-grid,,,2022
,,F,QLD,,,,,,,,Off-grid,,,2022
,,F,QLD,,,,,,,,Off-grid,,,2022
,,F,QLD,,,,,,,,Off-grid,,,2022
,,F,QLD,,,,,,,,Off-grid,,,2022
,,F,QLD,,,,,,,,Off-grid,,,2022
,,F,QLD,,,,,,,,Off-grid,,,2022
,,F,QLD,,,,,,,,Off-grid,,,2022
,,F,QLD,,,,,,,,Off-grid,,,2022
,,F,QLD,,,,,,,,Off-grid,,,2022
,,F,QLD,,,,,,,,NEM,,,2022
,,F,QLD,,,,,,,,NEM,,,2022
,,F,QLD,,,,,,,,Off-grid,,,2022
,,F,QLD,,,,,,,,Off-grid,,,2022
,,F,QLD,,,,,,,,Off-grid,,,2022
,,F,QLD,,,,,,,,Off-grid,,,2022
,,F,QLD,,,,,,,,Off-grid,,,2022
,,F,QLD,,,,,,,,Off-grid,,,2022
,,F,QLD,,,,,,,,Off-grid,,,2022
,,F,QLD,,,,,,,,Off-grid,,,2022
,,F,QLD,,,,,,,,Off-grid,,,2022
,,F,QLD,,,,,,,,Off-grid,,,2022
,,F,QLD,,,,,,,,Off-grid,,,2022
,,F,QLD,,,,,,,,Off-grid,,,2022
,,F,QLD,,,,,,,,Off-grid,,,2022
,,F,QLD,,,,,,,,Off-grid,,,2022
,,F,QLD,,,,,,,,Off-grid,,,2022
,,F,QLD,,,,,,,,Off-grid,,,2022
,,F,QLD,,,,,,,,Off-grid,,,2022
,,F,QLD,,,,,,,,Off-grid,,,2022
,,F,QLD,,,,,,,,Off-grid,,,2022
,,F,VIC,,,,,,,,Off-grid,,,2022
,,F,QLD,,,,,,,,Off-grid,,,2022
,,F,QLD,,,,,,,,Off-grid,,,2022
,,F,QLD,,,,,,,,Off-grid,,,2022
,,C,,,,,,,,,,,,2022
,,F,SA,,,,,,,,NEM,,,2022
,,F,VIC,,,,,,,,NEM,,,2022
,,F,NSW,,,,,,,,NEM,,,2022
,,F,VIC,,,,,,,,NEM,,,2022
,,F,NSW,,,,,,,,NEM,,,2022
,,F,VIC,,,,,,,,Off-grid,,,2022
,,F,VIC,,,,,,,,NEM,,,2022
,,C,,,,,,,,,,,,2022
,,F,WA,,,,,,,,Off-grid,,,2022
,,C,,,,,,,,,,,,2022
,,F,NSW,,,,,,,,NEM,,,2022
,,C,,,,,,,,,,,,2022
,,F,WA,,,,,,,,Off-grid,,,2022
,,C,,,,,,,,,,,,2022
,,F,VIC,,,,,,,,NEM,,,2022
,,C,,,,,,,,,,,,2022
,,F,NSW,,,,,,,,NEM,,,2022
,,C,,,,,,,,,,,,2022
,,F,WA,,,,,,,,Off-grid,,,2022
,,C,,,,,,,,,,,,2022
,,F,QLD,,,,,,,,NEM,,,2022
,,C,,,,,,,,,,,,2022
,,F,NSW,,,,,,,,NEM,,,2022
,,F,QLD,,,,,,,,NEM,,,2022
,,C,,,,,,,,,,,,2022
,,F,VIC,,,,,,,,NEM,,,2022
,,F,NSW,,,,,,,,NEM,,,2022
,,F,ACT,,,,,,,,NEM,,,2022
,,C,,,,,,,,,,,,2022
,,F,WA,,,,,,,,SWIS,,,2022
,,C,,,,,,,,,,,,2022
,,F,NSW,,,,,,,,NEM,,,2022
,,C,,,,,,,,,,,,2022
,,F,NSW,,,,,,,,NEM,,,2022
,,F,NSW,,,,,,,,NEM,,,2022
,,F,NSW,,,,,,,,NEM,,,2022
,,F,NSW,,,,,,,,NEM,,,2022
,,C,,,,,,,,,,,,2022
,,F,NSW,,,,,,,,NEM,,,2022
,,F,NSW,,,,,,,,NEM,,,2022
,,C,,,,,,,,,,,,2022
,,F,TAS,,,,,,,,NEM,,,2022
,,F,TAS,,,,,,,,NEM,,,2022
,,F,TAS,,,,,,,,NEM,,,2022
,,F,TAS,,,,,,,,NEM,,,2022
,,F,TAS,,,,,,,,NEM,,,2022
,,F,TAS,,,,,,,,NEM,,,2022
,,F,TAS,,,,,,,,NEM,,,2022
,,F,TAS,,,,,,,,Off-grid,,,2022
,,F,TAS,,,,,,,,NEM,,,2022
,,F,TAS,,,,,,,,NEM,,,2022
,,F,TAS,,,,,,,,Off-grid,,,2022
,,F,TAS,,,,,,,,NEM,,,2022
,,F,TAS,,,,,,,,NEM,,,2022
,,F,TAS,,,,,,,,NEM,,,2022
,,F,TAS,,,,,,,,NEM,,,2022
,,F,TAS,,,,,,,,NEM,,,2022
,,F,TAS,,,,,,,,NEM,,,2022
,,F,TAS,,,,,,,,NEM,,,2022
,,F,TAS,,,,,,,,NEM,,,2022
,,F,TAS,,,,,,,,NEM,,,2022
,,F,TAS,,,,,,,,NEM,,,2022
,,F,TAS,,,,,,,,NEM,,,2022
,,F,TAS,,,,,,,,NEM,,,2022
,,F,TAS,,,,,,,,NEM,,,2022
,,F,TAS,,,,,,,,NEM,,,2022
,,F,TAS,,,,,,,,NEM,,,2022
,,F,TAS,,,,,,,,NEM,,,2022
,,F,TAS,,,,,,,,NEM,,,2022
,,F,TAS,,,,,,,,NEM,,,2022
,,F,TAS,,,,,,,,NEM,,,2022
,,F,TAS,,,,,,,,NEM,,,2022
,,F,TAS,,,,,,,,NEM,,,2022
,,C,,,,,,,,,,,,2022
,,F,WA,,,,,,,,SWIS,,,2022
,,F,NSW,,,,,,,,NEM,,,2022
,,F,NSW,,,,,,,,NEM,,,2022
,,F,SA,,,,,,,,NEM,,,2022
,,F,SA,,,,,,,,NEM,,,2022
,,F,SA,,,,,,,,NEM,,,2022
,,F,SA,,,,,,,,NEM,,,2022
,,F,NSW,,,,,,,,NEM,,,2022
,,F,NSW,,,,,,,,NEM,,,2022
,,C,,,,,,,,,,,,2022
,,F,SA,,,,,,,,NEM,,,2022
,,F,SA,,,,,,,,NEM,,,2022
,,F,WA,,,,,,,,SWIS,,,2022
,,F,SA,,,,,,,,NEM,,,2022
,,F,SA,,,,,,,,NEM,,,2022
,,F,SA,,,,,,,,NEM,,,2022
,,F,SA,,,,,,,,NEM,,,2022
,,C,,,,,,,,,,,,2022
,,F,VIC,,,,,,,,NEM,,,2022
,,C,,,,,,,,,,,,2022
,,F,QLD,,,,,,,,NEM,,,2022
,,C,,,,,,,,,,,,2022
,,F,QLD,,,,,,,,NEM,,,2022
,,C,,,,,,,,,,,,2022
,,F,VIC,,,,,,,,NEM,,,2022
,,C,,,,,,,,,,,,2022
,,F,VIC,,,,,,,,NEM,,,2022
,,C,,,,,,,,,,,,2022
,,F,VIC,,,,,,,,Off-grid,,,2022
,,C,,,,,,,,,,,,2022
,,F,QLD,,,,,,,,NEM,,,2022
,,F,QLD,,,,,,,,NEM,,,2022
,,F,QLD,,,,,,,,NEM,,,2022
,,F,QLD,,,,,,,,NEM,,,2022
,,F,QLD,,,,,,,,NEM,,,2022
,,F,ACT,,,,,,,,NEM,,,2022
,,F,QLD,,,,,,,,NEM,,,2022
,,C,,,,,,,,,,,,2022
,,F,QLD,,,,,,,,NEM,,,2022
,,C,,,,,,,,,,,,2022
,,F,QLD,,,,,,,,NEM,,,2022
,,C,,,,,,,,,,,,2022
,,F,SA,,,,,,,,NEM,,,2022
,,C,,,,,,,,,,,,2022
,,F,NSW,,,,,,,,NEM,,,2022
,,F,NSW,,,,,,,,Off-grid,,,2022
,,F,NSW,,,,,,,,NEM,,,2022
,,F,VIC,,,,,,,,NEM,,,2022
,,F,VIC,,,,,,,,NEM,,,2022
,,F,QLD,,,,,,,,NEM,,,2022
,,F,QLD,,,,,,,,NEM,,,2022
,,F,TAS,,,,,,,,NEM,,,2022
,,F,NT,,,,,,,,DKIS,,,2022
,,F,VIC,,,,,,,,NEM,,,2022
,,F,NSW,,,,,,,,NEM,,,2022
,,F,TAS,,,,,,,,NEM,,,2022
,,F,VIC,,,,,,,,NEM,,,2022
,,F,QLD,,,,,,,,NEM,,,2022
,,F,TAS,,,,,,,,NEM,,,2022
,,F,VIC,,,,,,,,NEM,,,2022
,,F,SA,,,,,,,,NEM,,,2022
,,F,SA,,,,,,,,NEM,,,2022
,,F,NSW,,,,,,,,NEM,,,2022
,,F,QLD,,,,,,,,Off-grid,,,2022
,,F,TAS,,,,,,,,NEM,,,2022
,,F,QLD,,,,,,,,NEM,,,2022
,,F,WA,,,,,,,,SWIS,,,2022
,,F,SA,,,,,,,,Off-grid,,,2022
,,F,SA,,,,,,,,NEM,,,2022
,,F,VIC,,,,,,,,NEM,,,2022
,,F,SA,,,,,,,,Off-grid,,,2022
,,F,WA,,,,,,,,SWIS,,,2022
,,F,QLD,,,,,,,,NEM,,,2022
,,F,QLD,,,,,,,,NEM,,,2022
,,F,VIC,,,,,,,,NEM,,,2022
,,F,NSW,,,,,,,,NEM,,,2022
,,F,VIC,,,,,,,,NEM,,,2022
,,F,NSW,,,,,,,,NEM,,,2022
,,C,,,,,,,,,,,,2022
,,F,QLD,,,,,,,,NEM,,,2022
,,C,,,,,,,,,,,,2022
,,F,NSW,,,,,,,,NEM,,,2022
,,C,,,,,,,,,,,,2022
,,F,VIC,,,,,,,,NEM,,,2022
,,C,,,,,,,,,,,,2022
,,F,NSW,,,,,,,,NEM,,,2022
,,F,NSW,,,,,,,,NEM,,,2022
,,F,NSW,,,,,,,,NEM,,,2022
,,C,,,,,,,,,,,,2022
,,F,VIC,,,,,,,,NEM,,,2022
,,F,VIC,,,,,,,,NEM,,,2022
,,F,VIC,,,,,,,,NEM,,,2022
,,F,VIC,,,,,,,,NEM,,,2022
,,F,VIC,,,,,,,,NEM,,,2022
,,C,,,,,,,,,,,,2022
,,F,VIC,,,,,,,,NEM,,,2022
,,C,,,,,,,,,,,,2022
,,F,NSW,,,,,,,,NEM,,,2022
,,C,,,,,,,,,,,,2022
,,F,VIC,,,,,,,,NEM,,,2022
,,C,,,,,,,,,,,,2022
,,F,WA,,,,,,,,SWIS,,,2022
,,C,,,,,,,,,,,,2022
,,F,VIC,,,,,,,,NEM,,,2022
,,C,,,,,,,,,,,,2022
,,F,VIC,,,,,,,,NEM,,,2022
,,F,NSW,,,,,,,,NEM,,,2022
,,F,WA,,,,,,,,Off-grid,,,2022
,,F,NSW,,,,,,,,NEM,,,2022
,,F,NSW,,,,,,,,NEM,,,2022
,,F,SA,,,,,,,,NEM,,,2022
,,F,SA,,,,,,,,NEM,,,2022
,,F,SA,,,,,,,,NEM,,,2022
,,F,SA,,,,,,,,NEM,,,2022
,,F,VIC,,,,,,,,NEM,,,2022
,,F,NSW,,,,,,,,NEM,,,2022
,,F,VIC,,,,,,,,NEM,,,2022
,,F,QLD,,,,,,,,NEM,,,2022
,,C,,,,,,,,,,,,2022
,,F,NSW,,,,,,,,NEM,,,2022
,,C,,,,,,,,,,,,2022
,,F,WA,,,,,,,,SWIS,,,2022
,,C,,,,,,,,,,,,2022
,,F,QLD,,,,,,,,NEM,,,2022
,,C,,,,,,,,,,,,2022
,,F,QLD,,,,,,,,NEM,,,2022
,,C,,,,,,,,,,,,2022
,,F,VIC,,,,,,,,NEM,,,2022
,,F,VIC,,,,,,,,NEM,,,2022
,,F,NSW,,,,,,,,NEM,,,2022
,,F,NSW,,,,,,,,NEM,,,2022
,,F,QLD,,,,,,,,NEM,,,2022
,,F,VIC,,,,,,,,NEM,,,2022
,,F,NSW,,,,,,,,NEM,,,2022
,,F,VIC,,,,,,,,NEM,,,2022
,,F,NSW,,,,,,,,NEM,,,2022
,,F,VIC,,,,,,,,NEM,,,2022
,,F,SA,,,,,,,,NEM,,,2022
,,F,VIC,,,,,,,,NEM,,,2022
,,F,NSW,,,,,,,,NEM,,,2022
,,F,QLD,,,,,,,,NEM,,,2022
,,F,SA,,,,,,,,NEM,,,2022
,,F,QLD,,,,,,,,NEM,,,2022
,,F,NSW,,,,,,,,NEM,,,2022
,,F,NSW,,,,,,,,NEM,,,2022
,,F,NSW,,,,,,,,NEM,,,2022
,,C,,,,,,,,,,,,2022
,,F,QLD,,,,,,,,NEM,,,2022
,,F,QLD,,,,,,,,NEM,,,2022
,,C,,,,,,,,,,,,2022
,,F,WA,,,,,,,,Off-grid,,,2022
,,F,WA,,,,,,,,Off-grid,,,2022
,,F,WA,,,,,,,,Off-grid,,,2022
,,F,WA,,,,,,,,Off-grid,,,2022
,,F,WA,,,,,,,,Off-grid,,,2022
,,F,WA,,,,,,,,Off-grid,,,2022
,,F,WA,,,,,,,,Off-grid,,,2022
,,F,WA,,,,,,,,Off-grid,,,2022
,,C,,,,,,,,,,,,2022
,,F,TAS,,,,,,,,NEM,,,2022
,,C,,,,,,,,,,,,2022
,,F,QLD,,,,,,,,NEM,,,2022
,,C,,,,,,,,,,,,2022
,,F,SA,,,,,,,,NEM,,,2022
,,C,,,,,,,,,,,,2022
,,F,NSW,,,,,,,,NEM,,,2022
,,F,NSW,,,,,,,,NEM,,,2022
,,F,NSW,,,,,,,,NEM,,,2022
,,F,VIC,,,,,,,,NEM,,,2022
,,F,SA,,,,,,,,NEM,,,2022
,,C,,,,,,,,,,,,2022
,,F,VIC,,,,,,,,NEM,,,2022
,,F,QLD,,,,,,,,NEM,,,2022
,,F,VIC,,,,,,,,NEM,,,2022
,,F,WA,,,,,,,,Off-grid,,,2022
,,F,WA,,,,,,,,NWIS,,,2022
,,F,WA,,,,,,,,SWIS,,,2022
,,F,WA,,,,,,,,SWIS,,,2022
,,C,,,,,,,,,,,,2022
,,F,NT,,,,,,,,Off-grid,,,2022
,,F,NT,,,,,,,,Off-grid,,,2022
,,F,NT,,,,,,,,Off-grid,,,2022
,,F,NT,,,,,,,,Off-grid,,,2022
,,F,NT,,,,,,,,Off-grid,,,2022
,,F,NT,,,,,,,,Off-grid,,,2022
,,F,NT,,,,,,,,Off-grid,,,2022
,,F,NT,,,,,,,,Off-grid,,,2022
,,F,NT,,,,,,,,Off-grid,,,2022
,,F,NT,,,,,,,,Off-grid,,,2022
,,F,NT,,,,,,,,Off-grid,,,2022
,,F,NT,,,,,,,,Off-grid,,,2022
,,F,NT,,,,,,,,Off-grid,,,2022
,,F,NT,,,,,,,,Off-grid,,,2022
,,F,NT,,,,,,,,Off-grid,,,2022
,,F,NT,,,,,,,,Off-grid,,,2022
,,F,NT,,,,,,,,Off-grid,,,2022
,,F,NT,,,,,,,,Off-grid,,,2022
,,F,NT,,,,,,,,Off-grid,,,2022
,,F,NT,,,,,,,,Off-grid,,,2022
,,F,NT,,,,,,,,Off-grid,,,2022
,,F,NT,,,,,,,,Off-grid,,,2022
,,F,NT,,,,,,,,Off-grid,,,2022
,,F,NT,,,,,,,,Off-grid,,,2022
,,F,NT,,,,,,,,Off-grid,,,2022
,,F,NT,,,,,,,,Off-grid,,,2022
,,F,NT,,,,,,,,Off-grid,,,2022
,,F,NT,,,,,,,,Off-grid,,,2022
,,F,NT,,,,,,,,Off-grid,,,2022
,,F,NT,,,,,,,,Off-grid,,,2022
,,F,NT,,,,,,,,Off-grid,,,2022
,,F,NT,,,,,,,,Off-grid,,,2022
,,F,NT,,,,,,,,Off-grid,,,2022
,,F,NT,,,,,,,,Off-grid,,,2022
,,F,NT,,,,,,,,Off-grid,,,2022
,,F,NT,,,,,,,,Off-grid,,,2022
,,F,NT,,,,,,,,Off-grid,,,2022
,,F,NT,,,,,,,,Off-grid,,,2022
,,F,NT,,,,,,,,Off-grid,,,2022
,,F,NT,,,,,,,,Off-grid,,,2022
,,F,NT,,,,,,,,Off-grid,,,2022
,,F,NT,,,,,,,,Off-grid,,,2022
,,F,NT,,,,,,,,Off-grid,,,2022
,,F,NT,,,,,,,,Off-grid,,,2022
,,F,NT,,,,,,,,Off-grid,,,2022
,,F,NT,,,,,,,,Off-grid,,,2022
,,F,NT,,,,,,,,Off-grid,,,2022
,,F,NT,,,,,,,,Off-grid,,,2022
,,F,NT,,,,,,,,Off-grid,,,2022
,,F,NT,,,,,,,,Off-grid,,,2022
,,F,NT,,,,,,,,Off-grid,,,2022
,,F,NT,,,,,,,,Off-grid,,,2022
,,F,NT,,,,,,,,Off-grid,,,2022
,,F,NT,,,,,,,,Off-grid,,,2022
,,F,NT,,,,,,,,Off-grid,,,2022
,,F,NT,,,,,,,,Off-grid,,,2022
,,C,,,,,,,,,,,,2022
,,F,NT,,,,,,,,DKIS,,,2022
,,F,NT,,,,,,,,DKIS,,,2022
,,F,NT,,,,,,,,Off-grid,,,2022
,,F,NT,,,,,,,,Off-grid,,,2022
,,F,NT,,,,,,,,Off-grid,,,2022
,,F,NT,,,,,,,,Off-grid,,,2022
,,F,NT,,,,,,,,DKIS,,,2022
,,F,NT,,,,,,,,Off-grid,,,2022
,,C,,,,,,,,,,,,2022
,,F,VIC,,,,,,,,NEM,,,2022
,,C,,,,,,,,,,,,2022
,,F,QLD,,,,,,,,NEM,,,2022
,,C,,,,,,,,,,,,2022
,,F,SA,,,,,,,,NEM,,,2022
,,F,SA,,,,,,,,Off-grid,,,2022
,,F,VIC,,,,,,,,NEM,,,2022
,,F,VIC,,,,,,,,NEM,,,2022
,,C,,,,,,,,,,,,2022
,,F,NSW,,,,,,,,NEM,,,2022
,,F,WA,,,,,,,,SWIS,,,2022
,,F,QLD,,,,,,,,NEM,,,2022
,,F,QLD,,,,,,,,NEM,,,2022
,,F,SA,,,,,,,,NEM,,,2022
,,F,VIC,,,,,,,,NEM,,,2022
,,F,QLD,,,,,,,,NEM,,,2022
,,F,QLD,,,,,,,,NEM,,,2022
,,C,,,,,,,,,,,,2022
,,F,WA,,,,,,,,Off-grid,,,2022
,,F,WA,,,,,,,,Off-grid,,,2022
,,F,WA,,,,,,,,Off-grid,,,2022
,,F,WA,,,,,,,,Off-grid,,,2022
,,F,WA,,,,,,,,Off-grid,,,2022
,,F,WA,,,,,,,,Off-grid,,,2022
,,F,WA,,,,,,,,Off-grid,,,2022
,,F,WA,,,,,,,,Off-grid,,,2022
,,F,WA,,,,,,,,Off-grid,,,2022
,,F,WA,,,,,,,,Off-grid,,,2022
,,F,WA,,,,,,,,Off-grid,,,2022
,,F,WA,,,,,,,,Off-grid,,,2022
,,F,WA,,,,,,,,Off-grid,,,2022
,,C,,,,,,,,,,,,2022
,,F,QLD,,,,,,,,NEM,,,2022
,,C,,,,,,,,,,,,2022
,,F,WA,,,,,,,,NWIS,,,2022
,,F,WA,,,,,,,,NWIS,,,2022
,,F,WA,,,,,,,,NWIS,,,2022
,,F,WA,,,,,,,,NWIS,,,2022
,,C,,,,,,,,,,,,2022
,,F,WA,,,,,,,,SWIS,,,2022
,,F,QLD,,,,,,,,NEM,,,2022
,,C,,,,,,,,,,,,2022
,,F,NSW,,,,,,,,NEM,,,2022
,,C,,,,,,,,,,,,2022
,,F,VIC,,,,,,,,NEM,,,2022
,,C,,,,,,,,,,,,2022
,,F,NSW,,,,,,,,NEM,,,2022
,,C,,,,,,,,,,,,2022
,,F,NSW,,,,,,,,NEM,,,2022
,,C,,,,,,,,,,,,2022
,,F,QLD,,,,,,,,NEM,,,2022
,,F,WA,,,,,,,,NEM,,,2022
,,F,QLD,,,,,,,,NEM,,,2022
,,F,ACT,,,,,,,,NEM,,,2022
,,F,VIC,,,,,,,,NEM,,,2022
,,F,ACT,,,,,,,,NEM,,,2022
,,C,,,,,,,,,,,,2022
,,F,WA,,,,,,,,SWIS,,,2022
,,F,QLD,,,,,,,,NEM,,,2022
,,C,,,,,,,,,,,,2022
,,F,TAS,,,,,,,,NEM,,,2022
,,F,TAS,,,,,,,,NEM,,,2022
,,F,TAS,,,,,,,,NEM,,,2022
,,C,,,,,,,,,,,,2022
,,F,SA,,,,,,,,NEM,,,2022
,,C,,,,,,,,,,,,2022
,,F,SA,,,,,,,,NEM,,,2022
,,F,NSW,,,,,,,,NEM,,,2022
,,F,VIC,,,,,,,,NEM,,,2022
,,F,SA,,,,,,,,NEM,,,2022
,,F,NSW,,,,,,,,NEM,,,2022
,,F,VIC,,,,,,,,NEM,,,2022
,,C,,,,,,,,,,,,2022
,,F,NSW,,,,,,,,NEM,,,2022
,,C,,,,,,,,,,,,2022
,,F,NSW,,,,,,,,NEM,,,2022
,,C,,,,,,,,,,,,2022
,,F,VIC,,,,,,,,NEM,,,2022
,,F,SA,,,,,,,,NEM,,,2022
,,F,VIC,,,,,,,,NEM,,,2022
,,F,VIC,,,,,,,,NEM,,,2022
,,F,VIC,,,,,,,,NEM,,,2022
,,F,VIC,,,,,,,,NEM,,,2022
,,F,QLD,,,,,,,,NEM,,,2022
,,F,WA,,,,,,,,Off-grid,,,2022
,,F,VIC,,,,,,,,NEM,,,2022
,,F,NSW,,,,,,,,NEM,,,2022
,,F,NSW,,,,,,,,NEM,,,2022
,,F,VIC,,,,,,,,NEM,,,2022
,,F,VIC,,,,,,,,NEM,,,2022
,,F,VIC,,,,,,,,NEM,,,2022
,,C,,,,,,,,,,,,2022
,,F,WA,,,,,,,,SWIS,,,2022
,,C,,,,,,,,,,,,2022
,,F,QLD,,,,,,,,Mt Isa,,,2022
,,F,QLD,,,,,,,,NEM,,,2022
,,F,QLD,,,,,,,,NEM,,,2022
,,C,,,,,,,,,,,,2022
,,F,VIC,,,,,,,,NEM,,,2022
,,C,,,,,,,,,,,,2022
,,F,NSW,,,,,,,,NEM,,,2022
,,C,,,,,,,,,,,,2022
,,F,QLD,,,,,,,,NEM,,,2022
,,C,,,,,,,,,,,,2022
,,F,SA,,,,,,,,NEM,,,2022
,,F,TAS,,,,,,,,NEM,,,2022
,,F,TAS,,,,,,,,NEM,,,2022
,,F,NSW,,,,,,,,NEM,,,2022
,,F,QLD,,,,,,,,NEM,,,2022
,,F,WA,,,,,,,,SWIS,,,2022
,,F,NSW,,,,,,,,NEM,,,2022
,,C,,,,,,,,,,,,2022
,,F,WA,,,,,,,,SWIS,,,2022
,,C,,,,,,,,,,,,2022
,,F,SA,,,,,,,,NEM,,,2022
,,F,SA,,,,,,,,NEM,,,2022
,,C,,,,,,,,,,,,2022
,,F,WA,,,,,,,,SWIS,,,2022
,,F,WA,,,,,,,,SWIS,,,2022
,,F,WA,,,,,,,,Off-grid,,,2022
,,F,WA,,,,,,,,Off-grid,,,2022
,,F,WA,,,,,,,,NWIS,,,2022
,,C,,,,,,,,,,,,2022
,,F,SA,,,,,,,,NEM,,,2022
,,C,,,,,,,,,,,,2022
,,F,WA,,,,,,,,Off-grid,,,2022
,,F,WA,,,,,,,,Off-grid,,,2022
,,C,,,,,,,,,,,,2022
,,F,QLD,,,,,,,,NEM,,,2022
,,F,VIC,,,,,,,,NEM,,,2022
,,C,,,,,,,,,,,,2022
,,F,NSW,,,,,,,,NEM,,,2022
,,C,,,,,,,,,,,,2022
,,F,TAS,,,,,,,,NEM,,,2022
,,C,,,,,,,,,,,,2022
,,F,VIC,,,,,,,,NEM,,,2022
,,C,,,,,,,,,,,,2022
,,F,VIC,,,,,,,,NEM,,,2022
,,C,,,,,,,,,,,,2022
,,F,WA,,,,,,,,Off-grid,,,2022
,,C,,,,,,,,,,,,2022
,,F,VIC,,,,,,,,NEM,,,2022
,,C,,,,,,,,,,,,2022
,,,,,,,,,,,,,,2022
,,,,,,,,,,,,,,2022
,,F,SA,,,,,,,,NEM,,,2023
,,F,NSW,,,,,,,,NEM,,,2023
,,F,VIC,,,,,,,,NEM,,,2023
,,F,VIC,,,,,,,,NEM,,,2023
,,F,VIC,,,,,,,,NEM,,,2023
,,C,,,,,,,,,,,,2023
,,F,QLD,,,,,,,,NEM,,,2023
,,C,,,,,,,,,,,,2023
,,F,VIC,,,,,,,,NEM,,,2023
,,F,SA,,,,,,,,NEM,,,2023
,,F,NSW,,,,,,,,NEM,,,2023
,,F,VIC,,,,,,,,NEM,,,2023
,,F,NSW,,,,,,,,NEM,,,2023
,,F,NSW,,,,,,,,NEM,,,2023
,,F,VIC,,,,,,,,NEM,,,2023
,,F,QLD,,,,,,,,NEM,,,2023
,,F,NSW,,,,,,,,NEM,,,2023
,,F,VIC,,,,,,,,NEM,,,2023
,,F,VIC,,,,,,,,NEM,,,2023
,,F,NSW,,,,,,,,NEM,,,2023
,,F,SA,,,,,,,,NEM,,,2023
,,F,SA,,,,,,,,NEM,,,2023
,,F,SA,,,,,,,,NEM,,,2023
,,F,SA,,,,,,,,NEM,,,2023
,,F,WA,,,,,,,,SWIS,,,2023
,,F,NSW,,,,,,,,NEM,,,2023
,,F,VIC,,,,,,,,NEM,,,2023
,,F,VIC,,,,,,,,NEM,,,2023
,,F,VIC,,,,,,,,NEM,,,2023
,,F,NSW,,,,,,,,NEM,,,2023
,,F,VIC,,,,,,,,NEM,,,2023
,,F,NSW,,,,,,,,NEM,,,2023
,,F,VIC,,,,,,,,NEM,,,2023
,,F,NSW,,,,,,,,NEM,,,2023
,,F,VIC,,,,,,,,NEM,,,2023
,,F,SA,,,,,,,,NEM,,,2023
,,F,SA,,,,,,,,NEM,,,2023
,,F,VIC,,,,,,,,NEM,,,2023
,,F,VIC,,,,,,,,NEM,,,2023
,,C,,,,,,,,,,,,2023
,,F,WA,,,,,,,,SWIS,,,2023
,,C,,,,,,,,,,,,2023
,,F,NSW,,,,,,,,NEM,,,2023
,,C,,,,,,,,,,,,2023
,,F,NSW,,,,,,,,NEM,,,2023
,,C,,,,,,,,,,,,2023
,,F,WA,,,,,,,,SWIS,,,2023
,,F,WA,,,,,,,,SWIS,,,2023
,,F,QLD,,,,,,,,NEM,,,2023
,,F,QLD,,,,,,,,Mt Isa,,,2023
,,F,QLD,,,,,,,,Mt Isa,,,2023
,,F,WA,,,,,,,,SWIS,,,2023
,,F,WA,,,,,,,,SWIS,,,2023
,,C,,,,,,,,,,,,2023
,,F,SA,,,,,,,,NEM,,,2023
,,C,,,,,,,,,,,,2023
,,F,QLD,,,,,,,,NEM,,,2023
,,C,,,,,,,,,,,,2023
,,F,WA,,,,,,,,NWIS,,,2023
,,F,SA,,,,,,,,NEM,,,2023
,,C,,,,,,,,,,,,2023
,,F,QLD,,,,,,,,NEM,,,2023
,,F,QLD,,,,,,,,NEM,,,2023
,,C,,,,,,,,,,,,2023
,,F,VIC,,,,,,,,NEM,,,2023
,,F,NSW,,,,,,,,NEM,,,2023
,,C,,,,,,,,,,,,2023
,,F,VIC,,,,,,,,NEM,,,2023
,,C,,,,,,,,,,,,2023
,,F,VIC,,,,,,,,NEM,,,2023
,,C,,,,,,,,,,,,2023
,,F,NSW,,,,,,,,NEM,,,2023
,,F,NSW,,,,,,,,NEM,,,2023
,,C,,,,,,,,,,,,2023
,,F,WA,,,,,,,,SWIS,,,2023
,,C,,,,,,,,,,,,2023
,,F,NSW,,,,,,,,NEM,,,2023
,,F,NSW,,,,,,,,NEM,,,2023
,,F,NSW,,,,,,,,NEM,,,2023
,,C,,,,,,,,,,,,2023
,,F,WA,,,,,,,,Off-grid,,,2023
,,C,,,,,,,,,,,,2023
,,F,WA,,,,,,,,SWIS,,,2023
,,C,,,,,,,,,,,,2023
,,F,WA,,,,,,,,SWIS,,,2023
,,C,,,,,,,,,,,,2023
,,F,QLD,,,,,,,,NEM,,,2023
,,F,QLD,,,,,,,,NEM,,,2023
,,F,QLD,,,,,,,,NEM,,,2023
,,C,,,,,,,,,,,,2023
,,F,NSW,,,,,,,,NEM,,,2023
,,F,NSW,,,,,,,,NEM,,,2023
,,C,,,,,,,,,,,,2023
,,F,VIC,,,,,,,,NEM,,,2023
,,C,,,,,,,,,,,,2023
,,F,NSW,,,,,,,,NEM,,,2023
,,C,,,,,,,,,,,,2023
,,F,VIC,,,,,,,,NEM,,,2023
,,C,,,,,,,,,,,,2023
,,F,NSW,,,,,,,,NEM,,,2023
,,F,WA,,,,,,,,Off-grid,,,2023
,,F,WA,,,,,,,,Off-grid,,,2023
,,F,NSW,,,,,,,,NEM,,,2023
,,F,VIC,,,,,,,,NEM,,,2023
,,F,WA,,,,,,,,Off-grid,,,2023
,,F,VIC,,,,,,,,NEM,,,2023
,,F,VIC,,,,,,,,NEM,,,2023
,,F,WA,,,,,,,,Off-grid,,,2023
,,F,QLD,,,,,,,,NEM,,,2023
,,F,VIC,,,,,,,,NEM,,,2023
,,F,SA,,,,,,,,Off-grid,,,2023
,,F,VIC,,,,,,,,NEM,,,2023
,,F,NSW,,,,,,,,NEM,,,2023
,,F,WA,,,,,,,,Off-grid,,,2023
,,F,WA,,,,,,,,Off-grid,,,2023
,,F,NSW,,,,,,,,NEM,,,2023
,,F,WA,,,,,,,,Off-grid,,,2023
,,F,QLD,,,,,,,,NEM,,,2023
,,F,NSW,,,,,,,,NEM,,,2023
,,F,NSW,,,,,,,,NEM,,,2023
,,F,QLD,,,,,,,,NEM,,,2023
,,F,QLD,,,,,,,,NEM,,,2023
,,F,WA,,,,,,,,Off-grid,,,2023
,,F,NT,,,,,,,,Off-grid,,,2023
,,F,NSW,,,,,,,,NEM,,,2023
,,F,WA,,,,,,,,SWIS,,,2023
,,F,WA,,,,,,,,Off-grid,,,2023
,,F,WA,,,,,,,,Off-grid,,,2023
,,F,NSW,,,,,,,,NEM,,,2023
,,F,NSW,,,,,,,,NEM,,,2023
,,F,NT,,,,,,,,Off-grid,,,2023
,,F,QLD,,,,,,,,NEM,,,2023
,,F,QLD,,,,,,,,NEM,,,2023
,,F,QLD,,,,,,,,NEM,,,2023
,,F,NT,,,,,,,,DKIS,,,2023
,,F,WA,,,,,,,,SWIS,,,2023
,,F,VIC,,,,,,,,NEM,,,2023
,,F,NSW,,,,,,,,NEM,,,2023
,,F,WA,,,,,,,,SWIS,,,2023
,,F,NSW,,,,,,,,NEM,,,2023
,,F,WA,,,,,,,,Off-grid,,,2023
,,F,QLD,,,,,,,,Off-grid,,,2023
,,F,SA,,,,,,,,NEM,,,2023
,,F,SA,,,,,,,,NEM,,,2023
,,F,VIC,,,,,,,,NEM,,,2023
,,C,,,,,,,,,,,,2023
,,F,QLD,,,,,,,,NEM,,,2023
,,C,,,,,,,,,,,,2023
,,F,QLD,,,,,,,,NEM,,,2023
,,F,QLD,,,,,,,,NEM,,,2023
,,F,QLD,,,,,,,,NEM,,,2023
,,F,QLD,,,,,,,,NEM,,,2023
,,C,,,,,,,,,,,,2023
,,F,WA,,,,,,,,SWIS,,,2023
,,C,,,,,,,,,,,,2023
,,F,ACT,,,,,,,,NEM,,,2023
,,C,,,,,,,,,,,,2023
,,F,VIC,,,,,,,,NEM,,,2023
,,C,,,,,,,,,,,,2023
,,F,NSW,,,,,,,,NEM,,,2023
,,F,VIC,,,,,,,,NEM,,,2023
,,F,VIC,,,,,,,,NEM,,,2023
,,F,NT,,,,,,,,NEM,,,2023
,,F,QLD,,,,,,,,NEM,,,2023
,,F,QLD,,,,,,,,NEM,,,2023
,,C,,,,,,,,,,,,2023
,,F,WA,,,,,,,,SWIS,,,2023
,,F,WA,,,,,,,,SWIS,,,2023
,,F,WA,,,,,,,,SWIS,,,2023
,,F,WA,,,,,,,,SWIS,,,2023
,,F,WA,,,,,,,,Off-grid,,,2023
,,F,WA,,,,,,,,Off-grid,,,2023
,,F,WA,,,,,,,,SWIS,,,2023
,,F,WA,,,,,,,,SWIS,,,2023
,,F,WA,,,,,,,,SWIS,,,2023
,,F,WA,,,,,,,,SWIS,,,2023
,,F,WA,,,,,,,,SWIS,,,2023
,,F,WA,,,,,,,,SWIS,,,2023
,,F,WA,,,,,,,,SWIS,,,2023
,,F,WA,,,,,,,,SWIS,,,2023
,,C,,,,,,,,,,,,2023
,,F,WA,,,,,,,,SWIS,,,2023
,,C,,,,,,,,,,,,2023
,,F,SA,,,,,,,,NEM,,,2023
,,F,SA,,,,,,,,NEM,,,2023
,,F,VIC,,,,,,,,NEM,,,2023
,,C,,,,,,,,,,,,2023
,,F,QLD,,,,,,,,Off-grid,,,2023
,,F,QLD,,,,,,,,Off-grid,,,2023
,,F,QLD,,,,,,,,Off-grid,,,2023
,,F,QLD,,,,,,,,NEM,,,2023
,,F,QLD,,,,,,,,Off-grid,,,2023
,,F,QLD,,,,,,,,Off-grid,,,2023
,,F,QLD,,,,,,,,Off-grid,,,2023
,,F,QLD,,,,,,,,Off-grid,,,2023
,,F,QLD,,,,,,,,Off-grid,,,2023
,,F,QLD,,,,,,,,Off-grid,,,2023
,,F,QLD,,,,,,,,Off-grid,,,2023
,,F,QLD,,,,,,,,Off-grid,,,2023
,,F,QLD,,,,,,,,Off-grid,,,2023
,,F,QLD,,,,,,,,Off-grid,,,2023
,,F,QLD,,,,,,,,Off-grid,,,2023
,,F,QLD,,,,,,,,Off-grid,,,2023
,,F,QLD,,,,,,,,NEM,,,2023
,,F,QLD,,,,,,,,NEM,,,2023
,,F,QLD,,,,,,,,Off-grid,,,2023
,,F,QLD,,,,,,,,Off-grid,,,2023
,,F,QLD,,,,,,,,Off-grid,,,2023
,,F,QLD,,,,,,,,Off-grid,,,2023
,,F,QLD,,,,,,,,Off-grid,,,2023
,,F,QLD,,,,,,,,Off-grid,,,2023
,,F,QLD,,,,,,,,Off-grid,,,2023
,,F,QLD,,,,,,,,Off-grid,,,2023
,,F,QLD,,,,,,,,Off-grid,,,2023
,,F,QLD,,,,,,,,Off-grid,,,2023
,,F,QLD,,,,,,,,Off-grid,,,2023
,,F,QLD,,,,,,,,Off-grid,,,2023
,,F,QLD,,,,,,,,Off-grid,,,2023
,,F,QLD,,,,,,,,Off-grid,,,2023
,,F,QLD,,,,,,,,Off-grid,,,2023
,,F,QLD,,,,,,,,Off-grid,,,2023
,,F,QLD,,,,,,,,Off-grid,,,2023
,,F,QLD,,,,,,,,Off-grid,,,2023
,,F,QLD,,,,,,,,Off-grid,,,2023
,,F,VIC,,,,,,,,Off-grid,,,2023
,,F,QLD,,,,,,,,Off-grid,,,2023
,,F,QLD,,,,,,,,Off-grid,,,2023
,,F,QLD,,,,,,,,Off-grid,,,2023
,,C,,,,,,,,,,,,2023
,,F,VIC,,,,,,,,NEM,,,2023
,,F,SA,,,,,,,,NEM,,,2023
,,F,VIC,,,,,,,,NEM,,,2023
,,F,NSW,,,,,,,,NEM,,,2023
,,F,VIC,,,,,,,,NEM,,,2023
,,F,NSW,,,,,,,,NEM,,,2023
,,F,VIC,,,,,,,,Off-grid,,,2023
,,F,VIC,,,,,,,,NEM,,,2023
,,C,,,,,,,,,,,,2023
,,F,NSW,,,,,,,,NEM,,,2023
,,C,,,,,,,,,,,,2023
,,F,QLD,,,,,,,,NEM,,,2023
,,C,,,,,,,,,,,,2023
,,F,WA,,,,,,,,Off-grid,,,2023
,,C,,,,,,,,,,,,2023
,,F,NSW,,,,,,,,NEM,,,2023
,,C,,,,,,,,,,,,2023
,,F,WA,,,,,,,,Off-grid,,,2023
,,F,WA,,,,,,,,Off-grid,,,2023
,,C,,,,,,,,,,,,2023
,,F,QLD,,,,,,,,NEM,,,2023
,,C,,,,,,,,,,,,2023
,,F,NSW,,,,,,,,NEM,,,2023
,,F,QLD,,,,,,,,NEM,,,2023
,,C,,,,,,,,,,,,2023
,,F,QLD,,,,,,,,NEM,,,2023
,,F,VIC,,,,,,,,NEM,,,2023
,,C,,,,,,,,,,,,2023
,,F,QLD,,,,,,,,NEM,,,2023
,,F,QLD,,,,,,,,NEM,,,2023
,,C,,,,,,,,,,,,2023
,,F,QLD,,,,,,,,Mt Isa,,,2023
,,C,,,,,,,,,,,,2023
,,F,VIC,,,,,,,,NEM,,,2023
,,F,VIC,,,,,,,,NEM,,,2023
,,F,NSW,,,,,,,,NEM,,,2023
,,F,NSW,,,,,,,,NEM,,,2023
,,F,WA,,,,,,,,SWIS,,,2023
,,F,ACT,,,,,,,,NEM,,,2023
,,F,VIC,,,,,,,,NEM,,,2023
,,C,,,,,,,,,,,,2023
,,F,WA,,,,,,,,SWIS,,,2023
,,C,,,,,,,,,,,,2023
,,F,NSW,,,,,,,,NEM,,,2023
,,C,,,,,,,,,,,,2023
,,F,NSW,,,,,,,,NEM,,,2023
,,F,NSW,,,,,,,,NEM,,,2023
,,F,QLD,,,,,,,,NEM,,,2023
,,F,NSW,,,,,,,,NEM,,,2023
,,F,NSW,,,,,,,,NEM,,,2023
,,C,,,,,,,,,,,,2023
,,F,QLD,,,,,,,,NEM,,,2023
,,C,,,,,,,,,,,,2023
,,F,NSW,,,,,,,,NEM,,,2023
,,F,NSW,,,,,,,,NEM,,,2023
,,C,,,,,,,,,,,,2023
,,F,TAS,,,,,,,,NEM,,,2023
,,F,TAS,,,,,,,,NEM,,,2023
,,F,TAS,,,,,,,,NEM,,,2023
,,F,TAS,,,,,,,,NEM,,,2023
,,F,TAS,,,,,,,,NEM,,,2023
,,F,TAS,,,,,,,,NEM,,,2023
,,F,TAS,,,,,,,,NEM,,,2023
,,F,TAS,,,,,,,,NEM,,,2023
,,F,TAS,,,,,,,,NEM,,,2023
,,F,TAS,,,,,,,,NEM,,,2023
,,F,TAS,,,,,,,,NEM,,,2023
,,F,TAS,,,,,,,,NEM,,,2023
,,F,TAS,,,,,,,,NEM,,,2023
,,F,TAS,,,,,,,,NEM,,,2023
,,F,TAS,,,,,,,,NEM,,,2023
,,F,TAS,,,,,,,,NEM,,,2023
,,F,TAS,,,,,,,,NEM,,,2023
,,F,TAS,,,,,,,,NEM,,,2023
,,F,TAS,,,,,,,,NEM,,,2023
,,F,TAS,,,,,,,,NEM,,,2023
,,F,TAS,,,,,,,,NEM,,,2023
,,F,TAS,,,,,,,,NEM,,,2023
,,F,TAS,,,,,,,,NEM,,,2023
,,F,TAS,,,,,,,,NEM,,,2023
,,F,TAS,,,,,,,,NEM,,,2023
,,F,TAS,,,,,,,,NEM,,,2023
,,F,TAS,,,,,,,,NEM,,,2023
,,F,TAS,,,,,,,,NEM,,,2023
,,F,TAS,,,,,,,,Off-grid,,,2023
,,F,TAS,,,,,,,,Off-grid,,,2023
,,F,TAS,,,,,,,,NEM,,,2023
,,C,,,,,,,,,,,,2023
,,F,WA,,,,,,,,SWIS,,,2023
,,F,NSW,,,,,,,,NEM,,,2023
,,F,SA,,,,,,,,NEM,,,2023
,,F,NSW,,,,,,,,NEM,,,2023
,,F,SA,,,,,,,,NEM,,,2023
,,F,SA,,,,,,,,NEM,,,2023
,,F,SA,,,,,,,,NEM,,,2023
,,F,NSW,,,,,,,,NEM,,,2023
,,F,NSW,,,,,,,,NEM,,,2023
,,C,,,,,,,,,,,,2023
,,F,SA,,,,,,,,NEM,,,2023
,,F,SA,,,,,,,,NEM,,,2023
,,F,SA,,,,,,,,NEM,,,2023
,,F,SA,,,,,,,,NEM,,,2023
,,F,SA,,,,,,,,NEM,,,2023
,,F,SA,,,,,,,,NEM,,,2023
,,C,,,,,,,,,,,,2023
,,F,VIC,,,,,,,,NEM,,,2023
,,C,,,,,,,,,,,,2023
,,F,QLD,,,,,,,,NEM,,,2023
,,C,,,,,,,,,,,,2023
,,F,QLD,,,,,,,,NEM,,,2023
,,C,,,,,,,,,,,,2023
,,F,VIC,,,,,,,,NEM,,,2023
,,C,,,,,,,,,,,,2023
,,F,VIC,,,,,,,,NEM,,,2023
,,C,,,,,,,,,,,,2023
,,F,QLD,,,,,,,,NEM,,,2023
,,F,QLD,,,,,,,,NEM,,,2023
,,F,QLD,,,,,,,,NEM,,,2023
,,F,QLD,,,,,,,,NEM,,,2023
,,F,QLD,,,,,,,,NEM,,,2023
,,F,ACT,,,,,,,,NEM,,,2023
,,F,QLD,,,,,,,,NEM,,,2023
,,C,,,,,,,,,,,,2023
,,F,QLD,,,,,,,,NEM,,,2023
,,C,,,,,,,,,,,,2023
,,F,QLD,,,,,,,,NEM,,,2023
,,C,,,,,,,,,,,,2023
,,F,SA,,,,,,,,NEM,,,2023
,,C,,,,,,,,,,,,2023
,,F,NSW,,,,,,,,NEM,,,2023
,,F,NSW,,,,,,,,Off-grid,,,2023
,,F,NSW,,,,,,,,NEM,,,2023
,,F,VIC,,,,,,,,NEM,,,2023
,,F,VIC,,,,,,,,NEM,,,2023
,,F,QLD,,,,,,,,NEM,,,2023
,,F,QLD,,,,,,,,NEM,,,2023
,,F,TAS,,,,,,,,NEM,,,2023
,,F,NT,,,,,,,,DKIS,,,2023
,,F,VIC,,,,,,,,NEM,,,2023
,,F,NSW,,,,,,,,NEM,,,2023
,,F,TAS,,,,,,,,NEM,,,2023
,,F,VIC,,,,,,,,NEM,,,2023
,,F,WA,,,,,,,,SWIS,,,2023
,,F,QLD,,,,,,,,NEM,,,2023
,,F,TAS,,,,,,,,NEM,,,2023
,,F,VIC,,,,,,,,NEM,,,2023
,,F,SA,,,,,,,,NEM,,,2023
,,F,SA,,,,,,,,NEM,,,2023
,,F,NSW,,,,,,,,NEM,,,2023
,,F,NSW,,,,,,,,NEM,,,2023
,,F,QLD,,,,,,,,NEM,,,2023
,,F,TAS,,,,,,,,NEM,,,2023
,,F,QLD,,,,,,,,NEM,,,2023
,,F,WA,,,,,,,,SWIS,,,2023
,,F,SA,,,,,,,,NEM,,,2023
,,F,SA,,,,,,,,NEM,,,2023
,,F,VIC,,,,,,,,NEM,,,2023
,,F,SA,,,,,,,,Off-grid,,,2023
,,F,WA,,,,,,,,SWIS,,,2023
,,F,QLD,,,,,,,,NEM,,,2023
,,F,QLD,,,,,,,,NEM,,,2023
,,F,VIC,,,,,,,,NEM,,,2023
,,F,NSW,,,,,,,,NEM,,,2023
,,F,VIC,,,,,,,,NEM,,,2023
,,F,NSW,,,,,,,,NEM,,,2023
,,C,,,,,,,,,,,,2023
,,F,NSW,,,,,,,,NEM,,,2023
,,C,,,,,,,,,,,,2023
,,F,NSW,,,,,,,,NEM,,,2023
,,F,NSW,,,,,,,,NEM,,,2023
,,F,NSW,,,,,,,,NEM,,,2023
,,C,,,,,,,,,,,,2023
,,F,NSW,,,,,,,,NEM,,,2023
,,C,,,,,,,,,,,,2023
,,F,VIC,,,,,,,,NEM,,,2023
,,C,,,,,,,,,,,,2023
,,F,VIC,,,,,,,,NEM,,,2023
,,C,,,,,,,,,,,,2023
,,F,SA,,,,,,,,NEM,,,2023
,,C,,,,,,,,,,,,2023
,,F,QLD,,,,,,,,NEM,,,2023
,,C,,,,,,,,,,,,2023
,,F,WA,,,,,,,,SWIS,,,2023
,,C,,,,,,,,,,,,2023
,,F,VIC,,,,,,,,NEM,,,2023
,,C,,,,,,,,,,,,2023
,,F,VIC,,,,,,,,NEM,,,2023
,,C,,,,,,,,,,,,2023
,,F,VIC,,,,,,,,NEM,,,2023
,,F,NSW,,,,,,,,NEM,,,2023
,,F,WA,,,,,,,,Off-grid,,,2023
,,F,NSW,,,,,,,,NEM,,,2023
,,F,NSW,,,,,,,,NEM,,,2023
,,F,SA,,,,,,,,NEM,,,2023
,,F,SA,,,,,,,,NEM,,,2023
,,F,SA,,,,,,,,NEM,,,2023
,,F,SA,,,,,,,,NEM,,,2023
,,F,QLD,,,,,,,,NEM,,,2023
,,F,VIC,,,,,,,,NEM,,,2023
,,F,NSW,,,,,,,,NEM,,,2023
,,F,VIC,,,,,,,,NEM,,,2023
,,F,QLD,,,,,,,,NEM,,,2023
,,C,,,,,,,,,,,,2023
,,F,WA,,,,,,,,SWIS,,,2023
,,C,,,,,,,,,,,,2023
,,F,QLD,,,,,,,,NEM,,,2023
,,C,,,,,,,,,,,,2023
,,F,QLD,,,,,,,,NEM,,,2023
,,C,,,,,,,,,,,,2023
,,F,VIC,,,,,,,,NEM,,,2023
,,F,VIC,,,,,,,,NEM,,,2023
,,F,QLD,,,,,,,,NEM,,,2023
,,F,NSW,,,,,,,,NEM,,,2023
,,F,VIC,,,,,,,,NEM,,,2023
,,F,VIC,,,,,,,,NEM,,,2023
,,F,SA,,,,,,,,NEM,,,2023
,,F,VIC,,,,,,,,NEM,,,2023
,,F,NSW,,,,,,,,NEM,,,2023
,,F,QLD,,,,,,,,NEM,,,2023
,,F,SA,,,,,,,,NEM,,,2023
,,F,QLD,,,,,,,,NEM,,,2023
,,F,NSW,,,,,,,,NEM,,,2023
,,F,NSW,,,,,,,,NEM,,,2023
,,C,,,,,,,,,,,,2023
,,F,TAS,,,,,,,,NEM,,,2023
,,C,,,,,,,,,,,,2023
,,F,QLD,,,,,,,,NEM,,,2023
,,C,,,,,,,,,,,,2023
,,F,SA,,,,,,,,NEM,,,2023
,,C,,,,,,,,,,,,2023
,,F,NSW,,,,,,,,NEM,,,2023
,,F,NSW,,,,,,,,NEM,,,2023
,,F,NSW,,,,,,,,NEM,,,2023
,,F,VIC,,,,,,,,NEM,,,2023
,,F,SA,,,,,,,,NEM,,,2023
,,C,,,,,,,,,,,,2023
,,F,VIC,,,,,,,,NEM,,,2023
,,F,QLD,,,,,,,,NEM,,,2023
,,F,VIC,,,,,,,,NEM,,,2023
,,F,WA,,,,,,,,Off-grid,,,2023
,,F,WA,,,,,,,,NWIS,,,2023
,,F,WA,,,,,,,,SWIS,,,2023
,,F,WA,,,,,,,,SWIS,,,2023
,,C,,,,,,,,,,,,2023
,,F,SA,,,,,,,,NEM,,,2023
,,C,,,,,,,,,,,,2023
,,F,NT,,,,,,,,Off-grid,,,2023
,,F,NT,,,,,,,,Off-grid,,,2023
,,F,NT,,,,,,,,Off-grid,,,2023
,,F,NT,,,,,,,,Off-grid,,,2023
,,F,NT,,,,,,,,Off-grid,,,2023
,,F,NT,,,,,,,,Off-grid,,,2023
,,F,NT,,,,,,,,Off-grid,,,2023
,,F,NT,,,,,,,,Off-grid,,,2023
,,F,NT,,,,,,,,Off-grid,,,2023
,,F,NT,,,,,,,,Off-grid,,,2023
,,F,NT,,,,,,,,Off-grid,,,2023
,,F,NT,,,,,,,,Off-grid,,,2023
,,F,NT,,,,,,,,Off-grid,,,2023
,,F,NT,,,,,,,,Off-grid,,,2023
,,F,NT,,,,,,,,Off-grid,,,2023
,,F,NT,,,,,,,,Off-grid,,,2023
,,F,NT,,,,,,,,Off-grid,,,2023
,,F,NT,,,,,,,,Off-grid,,,2023
,,F,NT,,,,,,,,Off-grid,,,2023
,,F,NT,,,,,,,,Off-grid,,,2023
,,F,NT,,,,,,,,Off-grid,,,2023
,,F,NT,,,,,,,,Off-grid,,,2023
,,F,NT,,,,,,,,Off-grid,,,2023
,,F,NT,,,,,,,,Off-grid,,,2023
,,F,NT,,,,,,,,Off-grid,,,2023
,,F,NT,,,,,,,,Off-grid,,,2023
,,F,NT,,,,,,,,Off-grid,,,2023
,,F,NT,,,,,,,,Off-grid,,,2023
,,F,NT,,,,,,,,Off-grid,,,2023
,,F,NT,,,,,,,,Off-grid,,,2023
,,F,NT,,,,,,,,Off-grid,,,2023
,,F,NT,,,,,,,,Off-grid,,,2023
,,F,NT,,,,,,,,Off-grid,,,2023
,,F,NT,,,,,,,,Off-grid,,,2023
,,F,NT,,,,,,,,Off-grid,,,2023
,,F,NT,,,,,,,,Off-grid,,,2023
,,F,NT,,,,,,,,Off-grid,,,2023
,,F,NT,,,,,,,,Off-grid,,,2023
,,F,NT,,,,,,,,Off-grid,,,2023
,,F,NT,,,,,,,,Off-grid,,,2023
,,F,NT,,,,,,,,Off-grid,,,2023
,,F,NT,,,,,,,,Off-grid,,,2023
,,F,NT,,,,,,,,Off-grid,,,2023
,,F,NT,,,,,,,,Off-grid,,,2023
,,F,NT,,,,,,,,Off-grid,,,2023
,,F,NT,,,,,,,,Off-grid,,,2023
,,F,NT,,,,,,,,Off-grid,,,2023
,,F,NT,,,,,,,,Off-grid,,,2023
,,F,NT,,,,,,,,Off-grid,,,2023
,,F,NT,,,,,,,,Off-grid,,,2023
,,F,NT,,,,,,,,Off-grid,,,2023
,,F,NT,,,,,,,,Off-grid,,,2023
,,F,NT,,,,,,,,Off-grid,,,2023
,,F,NT,,,,,,,,Off-grid,,,2023
,,F,NT,,,,,,,,Off-grid,,,2023
,,F,NT,,,,,,,,Off-grid,,,2023
,,C,,,,,,,,,,,,2023
,,F,NT,,,,,,,,DKIS,,,2023
,,F,NT,,,,,,,,DKIS,,,2023
,,F,NT,,,,,,,,Off-grid,,,2023
,,F,NT,,,,,,,,Off-grid,,,2023
,,F,NT,,,,,,,,Off-grid,,,2023
,,F,NT,,,,,,,,Off-grid,,,2023
,,F,NT,,,,,,,,DKIS,,,2023
,,F,NT,,,,,,,,Off-grid,,,2023
,,C,,,,,,,,,,,,2023
,,F,VIC,,,,,,,,NEM,,,2023
,,C,,,,,,,,,,,,2023
,,F,ACT,,,,,,,,NEM,,,2023
,,F,ACT,,,,,,,,NEM,,,2023
,,F,ACT,,,,,,,,NEM,,,2023
,,F,VIC,,,,,,,,NEM,,,2023
,,F,ACT,,,,,,,,NEM,,,2023
,,C,,,,,,,,,,,,2023
,,F,QLD,,,,,,,,NEM,,,2023
,,C,,,,,,,,,,,,2023
,,F,VIC,,,,,,,,NEM,,,2023
,,F,VIC,,,,,,,,NEM,,,2023
,,F,WA,,,,,,,,Off-grid,,,2023
,,F,WA,,,,,,,,Off-grid,,,2023
,,F,WA,,,,,,,,Off-grid,,,2023
,,F,WA,,,,,,,,Off-grid,,,2023
,,F,WA,,,,,,,,Off-grid,,,2023
,,F,WA,,,,,,,,Off-grid,,,2023
,,F,VIC,,,,,,,,NEM,,,2023
,,F,WA,,,,,,,,Off-grid,,,2023
,,F,WA,,,,,,,,Off-grid,,,2023
,,F,WA,,,,,,,,Off-grid,,,2023
,,C,,,,,,,,,,,,2023
,,F,SA,,,,,,,,NEM,,,2023
,,F,SA,,,,,,,,Off-grid,,,2023
,,F,VIC,,,,,,,,NEM,,,2023
,,F,VIC,,,,,,,,NEM,,,2023
,,C,,,,,,,,,,,,2023
,,F,NSW,,,,,,,,NEM,,,2023
,,F,WA,,,,,,,,SWIS,,,2023
,,F,QLD,,,,,,,,NEM,,,2023
,,F,QLD,,,,,,,,NEM,,,2023
,,F,SA,,,,,,,,NEM,,,2023
,,F,VIC,,,,,,,,NEM,,,2023
,,F,QLD,,,,,,,,NEM,,,2023
,,F,QLD,,,,,,,,NEM,,,2023
,,C,,,,,,,,,,,,2023
,,F,WA,,,,,,,,Off-grid,,,2023
,,F,WA,,,,,,,,Off-grid,,,2023
,,F,WA,,,,,,,,Off-grid,,,2023
,,F,WA,,,,,,,,Off-grid,,,2023
,,F,WA,,,,,,,,NWIS,,,2023
,,F,WA,,,,,,,,Off-grid,,,2023
,,F,WA,,,,,,,,Off-grid,,,2023
,,F,WA,,,,,,,,Off-grid,,,2023
,,F,WA,,,,,,,,Off-grid,,,2023
,,F,WA,,,,,,,,Off-grid,,,2023
,,F,WA,,,,,,,,Off-grid,,,2023
,,F,WA,,,,,,,,Off-grid,,,2023
,,F,WA,,,,,,,,Off-grid,,,2023
,,F,WA,,,,,,,,Off-grid,,,2023
,,F,WA,,,,,,,,Off-grid,,,2023
,,C,,,,,,,,,,,,2023
,,F,WA,,,,,,,,NWIS,,,2023
,,F,WA,,,,,,,,NWIS,,,2023
,,F,WA,,,,,,,,NWIS,,,2023
,,F,WA,,,,,,,,NWIS,,,2023
,,C,,,,,,,,,,,,2023
,,F,QLD,,,,,,,,NEM,,,2023
,,C,,,,,,,,,,,,2023
,,F,NSW,,,,,,,,NEM,,,2023
,,C,,,,,,,,,,,,2023
,,F,VIC,,,,,,,,NEM,,,2023
,,C,,,,,,,,,,,,2023
,,F,NSW,,,,,,,,NEM,,,2023
,,C,,,,,,,,,,,,2023
,,F,NSW,,,,,,,,NEM,,,2023
,,C,,,,,,,,,,,,2023
,,F,QLD,,,,,,,,NEM,,,2023
,,F,WA,,,,,,,,NEM,,,2023
,,F,QLD,,,,,,,,NEM,,,2023
,,F,ACT,,,,,,,,NEM,,,2023
,,F,VIC,,,,,,,,NEM,,,2023
,,F,ACT,,,,,,,,NEM,,,2023
,,C,,,,,,,,,,,,2023
,,F,NSW,,,,,,,,NEM,,,2023
,,C,,,,,,,,,,,,2023
,,F,QLD,,,,,,,,NEM,,,2023
,,F,WA,,,,,,,,SWIS,,,2023
,,F,QLD,,,,,,,,NEM,,,2023
,,C,,,,,,,,,,,,2023
,,F,TAS,,,,,,,,NEM,,,2023
,,F,TAS,,,,,,,,NEM,,,2023
,,F,TAS,,,,,,,,NEM,,,2023
,,C,,,,,,,,,,,,2023
,,F,SA,,,,,,,,NEM,,,2023
,,C,,,,,,,,,,,,2023
,,F,SA,,,,,,,,NEM,,,2023
,,F,NSW,,,,,,,,NEM,,,2023
,,F,NSW,,,,,,,,NEM,,,2023
,,F,VIC,,,,,,,,NEM,,,2023
,,F,SA,,,,,,,,NEM,,,2023
,,F,NSW,,,,,,,,NEM,,,2023
,,F,VIC,,,,,,,,NEM,,,2023
,,C,,,,,,,,,,,,2023
,,F,NSW,,,,,,,,NEM,,,2023
,,C,,,,,,,,,,,,2023
,,F,VIC,,,,,,,,NEM,,,2023
,,F,SA,,,,,,,,NEM,,,2023
,,F,VIC,,,,,,,,NEM,,,2023
,,F,VIC,,,,,,,,NEM,,,2023
,,F,VIC,,,,,,,,NEM,,,2023
,,F,VIC,,,,,,,,NEM,,,2023
,,F,QLD,,,,,,,,NEM,,,2023
,,F,WA,,,,,,,,Off-grid,,,2023
,,F,VIC,,,,,,,,NEM,,,2023
,,F,NSW,,,,,,,,NEM,,,2023
,,F,NSW,,,,,,,,NEM,,,2023
,,F,VIC,,,,,,,,NEM,,,2023
,,F,VIC,,,,,,,,NEM,,,2023
,,F,VIC,,,,,,,,NEM,,,2023
,,C,,,,,,,,,,,,2023
,,F,WA,,,,,,,,SWIS,,,2023
,,C,,,,,,,,,,,,2023
,,F,QLD,,,,,,,,NEM,,,2023
,,F,QLD,,,,,,,,NEM,,,2023
,,F,QLD,,,,,,,,NEM,,,2023
,,C,,,,,,,,,,,,2023
,,F,VIC,,,,,,,,NEM,,,2023
,,C,,,,,,,,,,,,2023
,,F,WA,,,,,,,,SWIS,,,2023
,,C,,,,,,,,,,,,2023
,,F,NSW,,,,,,,,NEM,,,2023
,,C,,,,,,,,,,,,2023
,,F,QLD,,,,,,,,NEM,,,2023
,,C,,,,,,,,,,,,2023
,,F,WA,,,,,,,,SWIS,,,2023
,,C,,,,,,,,,,,,2023
,,F,NSW,,,,,,,,NEM,,,2023
,,C,,,,,,,,,,,,2023
,,F,NSW,,,,,,,,NEM,,,2023
,,C,,,,,,,,,,,,2023
,,F,SA,,,,,,,,NEM,,,2023
,,F,SA,,,,,,,,NEM,,,2023
,,C,,,,,,,,,,,,2023
,,F,VIC,,,,,,,,NEM,,,2023
,,C,,,,,,,,,,,,2023
,,F,WA,,,,,,,,SWIS,,,2023
,,F,WA,,,,,,,,SWIS,,,2023
,,F,WA,,,,,,,,Off-grid,,,2023
,,F,WA,,,,,,,,Off-grid,,,2023
,,F,WA,,,,,,,,NWIS,,,2023
,,C,,,,,,,,,,,,2023
,,F,SA,,,,,,,,NEM,,,2023
,,C,,,,,,,,,,,,2023
,,F,QLD,,,,,,,,NEM,,,2023
,,C,,,,,,,,,,,,2023
,,F,WA,,,,,,,,Off-grid,,,2023
,,F,WA,,,,,,,,Off-grid,,,2023
,,C,,,,,,,,,,,,2023
,,F,NSW,,,,,,,,NEM,,,2023
,,C,,,,,,,,,,,,2023
,,F,TAS,,,,,,,,NEM,,,2023
,,C,,,,,,,,,,,,2023
,,F,VIC,,,,,,,,NEM,,,2023
,,C,,,,,,,,,,,,2023
,,F,VIC,,,,,,,,NEM,,,2023
,,C,,,,,,,,,,,,2023
,,F,QLD,,,,,,,,NEM,,,2023
,,C,,,,,,,,,,,,2023
,,F,WA,,,,,,,,Off-grid,,,2023
,,C,,,,,,,,,,,,2023
,,F,VIC,,,,,,,,NEM,,,2023
,,C,,,,,,,,,,,,2023
,,F,SA,,,,,,,,NEM,,,2024
,,F,NSW,,,,,,,,NEM,,,2024
,,F,VIC,,,,,,,,NEM,,,2024
,,F,VIC,,,,,,,,NEM,,,2024
,,F,VIC,,,,,,,,NEM,,,2024
,,C,,,,,,,,,,,,2024
,,F,NSW,,,,,,,,NEM,,,2024
,,C,,,,,,,,,,,,2024
,,F,QLD,,,,,,,,NEM,,,2024
,,C,,,,,,,,,,,,2024
,,F,VIC,,,,,,,,NEM,,,2024
,,F,SA,,,,,,,,NEM,,,2024
,,F,NSW,,,,,,,,NEM,,,2024
,,F,VIC,,,,,,,,NEM,,,2024
,,F,NSW,,,,,,,,NEM,,,2024
,,F,NSW,,,,,,,,NEM,,,2024
,,F,VIC,,,,,,,,NEM,,,2024
,,F,QLD,,,,,,,,NEM,,,2024
,,F,NSW,,,,,,,,NEM,,,2024
,,F,VIC,,,,,,,,NEM,,,2024
,,F,VIC,,,,,,,,NEM,,,2024
,,F,NSW,,,,,,,,NEM,,,2024
,,F,SA,,,,,,,,NEM,,,2024
,,F,SA,,,,,,,,NEM,,,2024
,,F,SA,,,,,,,,NEM,,,2024
,,F,SA,,,,,,,,NEM,,,2024
,,F,WA,,,,,,,,SWIS,,,2024
,,F,VIC,,,,,,,,NEM,,,2024
,,F,VIC,,,,,,,,NEM,,,2024
,,F,VIC,,,,,,,,NEM,,,2024
,,F,NSW,,,,,,,,NEM,,,2024
,,F,VIC,,,,,,,,NEM,,,2024
,,F,NSW,,,,,,,,NEM,,,2024
,,F,VIC,,,,,,,,NEM,,,2024
,,F,NSW,,,,,,,,NEM,,,2024
,,F,VIC,,,,,,,,NEM,,,2024
,,F,SA,,,,,,,,NEM,,,2024
,,F,SA,,,,,,,,NEM,,,2024
,,F,VIC,,,,,,,,NEM,,,2024
,,F,VIC,,,,,,,,NEM,,,2024
,,C,,,,,,,,,,,,2024
,,F,WA,,,,,,,,SWIS,,,2024
,,C,,,,,,,,,,,,2024
,,F,VIC,,,,,,,,NEM,,,2024
,,F,QLD,,,,,,,,NEM,,,2024
,,F,VIC,,,,,,,,NEM,,,2024
,,F,WA,,,,,,,,SWIS,,,2024
,,F,WA,,,,,,,,SWIS,,,2024
,,C,,,,,,,,,,,,2024
,,F,NSW,,,,,,,,NEM,,,2024
,,C,,,,,,,,,,,,2024
,,F,NSW,,,,,,,,NEM,,,2024
,,C,,,,,,,,,,,,2024
,,F,WA,,,,,,,,SWIS,,,2024
,,F,WA,,,,,,,,SWIS,,,2024
,,F,QLD,,,,,,,,NEM,,,2024
,,F,QLD,,,,,,,,Mt Isa,,,2024
,,F,QLD,,,,,,,,Mt Isa,,,2024
,,F,WA,,,,,,,,SWIS,,,2024
,,F,WA,,,,,,,,SWIS,,,2024
,,F,WA,,,,,,,,Off-grid,,,2024
,,F,WA,,,,,,,,NWIS,,,2024
,,C,,,,,,,,,,,,2024
,,F,QLD,,,,,,,,NEM,,,2024
,,C,,,,,,,,,,,,2024
,,F,WA,,,,,,,,NWIS,,,2024
,,F,SA,,,,,,,,NEM,,,2024
,,C,,,,,,,,,,,,2024
,,F,QLD,,,,,,,,NEM,,,2024
,,F,QLD,,,,,,,,NEM,,,2024
,,F,QLD,,,,,,,,NEM,,,2024
,,F,QLD,,,,,,,,NEM,,,2024
,,C,,,,,,,,,,,,2024
,,F,VIC,,,,,,,,NEM,,,2024
,,F,VIC,,,,,,,,NEM,,,2024
,,F,NSW,,,,,,,,NEM,,,2024
,,C,,,,,,,,,,,,2024
,,F,VIC,,,,,,,,NEM,,,2024
,,C,,,,,,,,,,,,2024
,,F,VIC,,,,,,,,NEM,,,2024
,,C,,,,,,,,,,,,2024
,,F,NSW,,,,,,,,NEM,,,2024
,,F,NSW,,,,,,,,NEM,,,2024
,,C,,,,,,,,,,,,2024
,,F,WA,,,,,,,,SWIS,,,2024
,,C,,,,,,,,,,,,2024
,,F,NSW,,,,,,,,NEM,,,2024
,,F,NSW,,,,,,,,NEM,,,2024
,,F,NSW,,,,,,,,NEM,,,2024
,,C,,,,,,,,,,,,2024
,,F,WA,,,,,,,,Off-grid,,,2024
,,C,,,,,,,,,,,,2024
,,F,WA,,,,,,,,SWIS,,,2024
,,C,,,,,,,,,,,,2024
,,F,WA,,,,,,,,SWIS,,,2024
,,C,,,,,,,,,,,,2024
,,F,QLD,,,,,,,,NEM,,,2024
,,F,QLD,,,,,,,,NEM,,,2024
,,F,QLD,,,,,,,,NEM,,,2024
,,F,QLD,,,,,,,,NEM,,,2024
,,C,,,,,,,,,,,,2024
,,F,SA,,,,,,,,NEM,,,2024
,,C,,,,,,,,,,,,2024
,,F,NSW,,,,,,,,NEM,,,2024
,,F,NSW,,,,,,,,NEM,,,2024
,,C,,,,,,,,,,,,2024
,,F,VIC,,,,,,,,NEM,,,2024
,,C,,,,,,,,,,,,2024
,,F,NSW,,,,,,,,NEM,,,2024
,,C,,,,,,,,,,,,2024
,,F,VIC,,,,,,,,NEM,,,2024
,,C,,,,,,,,,,,,2024
,,F,VIC,,,,,,,,NEM,,,2024
,,C,,,,,,,,,,,,2024
,,F,QLD,,,,,,,,NEM,,,2024
,,C,,,,,,,,,,,,2024
,,F,QLD,,,,,,,,NEM,,,2024
,,F,QLD,,,,,,,,NEM,,,2024
,,F,QLD,,,,,,,,NEM,,,2024
,,F,QLD,,,,,,,,NEM,,,2024
,,C,,,,,,,,,,,,2024
,,F,NSW,,,,,,,,NEM,,,2024
,,C,,,,,,,,,,,,2024
,,F,WA,,,,,,,,SWIS,,,2024
,,C,,,,,,,,,,,,2024
,,F,ACT,,,,,,,,NEM,,,2024
,,C,,,,,,,,,,,,2024
,,F,VIC,,,,,,,,NEM,,,2024
,,C,,,,,,,,,,,,2024
,,F,NSW,,,,,,,,NEM,,,2024
,,F,VIC,,,,,,,,NEM,,,2024
,,F,VIC,,,,,,,,NEM,,,2024
,,F,NT,,,,,,,,NEM,,,2024
,,F,NSW,,,,,,,,NEM,,,2024
,,F,NSW,,,,,,,,NEM,,,2024
,,F,NSW,,,,,,,,NEM,,,2024
,,C,,,,,,,,,,,,2024
,,F,NSW,,,,,,,,NEM,,,2024
,,F,QLD,,,,,,,,NEM,,,2024
,,F,QLD,,,,,,,,NEM,,,2024
,,C,,,,,,,,,,,,2024
,,F,NSW,,,,,,,,NEM,,,2024
,,C,,,,,,,,,,,,2024
,,F,NSW,,,,,,,,NEM,,,2024
,,F,NSW,,,,,,,,NEM,,,2024
,,C,,,,,,,,,,,,2024
,,F,QLD,,,,,,,,NEM,,,2024
,,C,,,,,,,,,,,,2024
,,F,NT,,,,,,,,Off-grid,,,2024
,,C,,,,,,,,,,,,2024
,,F,NSW,,,,,,,,NEM,,,2024
,,F,NSW,,,,,,,,NEM,,,2024
,,F,NSW,,,,,,,,NEM,,,2024
,,F,NSW,,,,,,,,NEM,,,2024
,,F,NSW,,,,,,,,NEM,,,2024
,,C,,,,,,,,,,,,2024
,,F,QLD,,,,,,,,NEM,,,2024
,,C,,,,,,,,,,,,2024
,,F,SA,,,,,,,,NEM,,,2024
,,F,SA,,,,,,,,NEM,,,2024
,,C,,,,,,,,,,,,2024
,,F,VIC,,,,,,,,NEM,,,2024
,,F,VIC,,,,,,,,NEM,,,2024
,,F,VIC,,,,,,,,NEM,,,2024
,,F,VIC,,,,,,,,NEM,,,2024
,,F,VIC,,,,,,,,NEM,,,2024
,,F,VIC,,,,,,,,NEM,,,2024
,,C,,,,,,,,,,,,2024
,,F,NT,,,,,,,,Off-grid,,,2024
,,F,NT,,,,,,,,DKIS,,,2024
,,C,,,,,,,,,,,,2024
,,F,WA,,,,,,,,Off-grid,,,2024
,,F,WA,,,,,,,,Off-grid,,,2024
,,F,WA,,,,,,,,Off-grid,,,2024
,,F,WA,,,,,,,,Off-grid,,,2024
,,F,WA,,,,,,,,Off-grid,,,2024
,,C,,,,,,,,,,,,2024
,,F,QLD,,,,,,,,NEM,,,2024
,,F,QLD,,,,,,,,NEM,,,2024
,,F,QLD,,,,,,,,NEM,,,2024
,,C,,,,,,,,,,,,2024
,,F,WA,,,,,,,,SWIS,,,2024
,,F,WA,,,,,,,,SWIS,,,2024
,,F,WA,,,,,,,,SWIS,,,2024
,,F,WA,,,,,,,,SWIS,,,2024
,,F,WA,,,,,,,,Off-grid,,,2024
,,F,WA,,,,,,,,Off-grid,,,2024
,,F,WA,,,,,,,,SWIS,,,2024
,,F,WA,,,,,,,,SWIS,,,2024
,,F,WA,,,,,,,,SWIS,,,2024
,,F,WA,,,,,,,,SWIS,,,2024
,,F,WA,,,,,,,,SWIS,,,2024
,,F,WA,,,,,,,,SWIS,,,2024
,,F,WA,,,,,,,,SWIS,,,2024
,,F,WA,,,,,,,,SWIS,,,2024
,,C,,,,,,,,,,,,2024
,,F,WA,,,,,,,,SWIS,,,2024
,,C,,,,,,,,,,,,2024
,,F,SA,,,,,,,,NEM,,,2024
,,F,SA,,,,,,,,NEM,,,2024
,,F,VIC,,,,,,,,NEM,,,2024
,,C,,,,,,,,,,,,2024
,,F,WA,,,,,,,,Off-grid,,,2024
,,F,WA,,,,,,,,Off-grid,,,2024
,,F,WA,,,,,,,,Off-grid,,,2024
,,F,SA,,,,,,,,Off-grid,,,2024
,,F,WA,,,,,,,,Off-grid,,,2024
,,F,WA,,,,,,,,Off-grid,,,2024
,,F,WA,,,,,,,,Off-grid,,,2024
,,C,,,,,,,,,,,,2024
,,F,QLD,,,,,,,,Off-grid,,,2024
,,F,QLD,,,,,,,,Off-grid,,,2024
,,F,QLD,,,,,,,,Off-grid,,,2024
,,F,QLD,,,,,,,,NEM,,,2024
,,F,QLD,,,,,,,,Off-grid,,,2024
,,F,QLD,,,,,,,,Off-grid,,,2024
,,F,QLD,,,,,,,,Off-grid,,,2024
,,F,QLD,,,,,,,,Off-grid,,,2024
,,F,QLD,,,,,,,,Off-grid,,,2024
,,F,QLD,,,,,,,,Off-grid,,,2024
,,F,QLD,,,,,,,,Off-grid,,,2024
,,F,QLD,,,,,,,,Off-grid,,,2024
,,F,QLD,,,,,,,,Off-grid,,,2024
,,F,QLD,,,,,,,,Off-grid,,,2024
,,F,QLD,,,,,,,,Off-grid,,,2024
,,F,QLD,,,,,,,,Off-grid,,,2024
,,F,QLD,,,,,,,,NEM,,,2024
,,F,QLD,,,,,,,,NEM,,,2024
,,F,QLD,,,,,,,,Off-grid,,,2024
,,F,QLD,,,,,,,,Off-grid,,,2024
,,F,QLD,,,,,,,,Off-grid,,,2024
,,F,QLD,,,,,,,,Off-grid,,,2024
,,F,QLD,,,,,,,,Off-grid,,,2024
,,F,QLD,,,,,,,,Off-grid,,,2024
,,F,QLD,,,,,,,,Off-grid,,,2024
,,F,QLD,,,,,,,,Off-grid,,,2024
,,F,QLD,,,,,,,,Off-grid,,,2024
,,F,QLD,,,,,,,,Off-grid,,,2024
,,F,QLD,,,,,,,,Off-grid,,,2024
,,F,QLD,,,,,,,,Off-grid,,,2024
,,F,QLD,,,,,,,,Off-grid,,,2024
,,F,QLD,,,,,,,,Off-grid,,,2024
,,F,QLD,,,,,,,,Off-grid,,,2024
,,F,QLD,,,,,,,,Off-grid,,,2024
,,F,QLD,,,,,,,,Off-grid,,,2024
,,F,QLD,,,,,,,,Off-grid,,,2024
,,F,QLD,,,,,,,,Off-grid,,,2024
,,F,VIC,,,,,,,,Off-grid,,,2024
,,F,QLD,,,,,,,,Off-grid,,,2024
,,F,QLD,,,,,,,,Off-grid,,,2024
,,F,QLD,,,,,,,,Off-grid,,,2024
,,C,,,,,,,,,,,,2024
,,F,VIC,,,,,,,,NEM,,,2024
,,F,SA,,,,,,,,NEM,,,2024
,,F,VIC,,,,,,,,NEM,,,2024
,,F,NSW,,,,,,,,NEM,,,2024
,,F,VIC,,,,,,,,NEM,,,2024
,,F,NSW,,,,,,,,NEM,,,2024
,,F,VIC,,,,,,,,Off-grid,,,2024
,,F,VIC,,,,,,,,NEM,,,2024
,,C,,,,,,,,,,,,2024
,,F,NSW,,,,,,,,NEM,,,2024
,,C,,,,,,,,,,,,2024
,,F,QLD,,,,,,,,NEM,,,2024
,,C,,,,,,,,,,,,2024
,,F,WA,,,,,,,,Off-grid,,,2024
,,C,,,,,,,,,,,,2024
,,F,NSW,,,,,,,,NEM,,,2024
,,C,,,,,,,,,,,,2024
,,F,WA,,,,,,,,Off-grid,,,2024
,,C,,,,,,,,,,,,2024
,,F,QLD,,,,,,,,NEM,,,2024
,,C,,,,,,,,,,,,2024
,,F,NSW,,,,,,,,NEM,,,2024
,,F,QLD,,,,,,,,NEM,,,2024
,,C,,,,,,,,,,,,2024
,,F,QLD,,,,,,,,NEM,,,2024
,,F,VIC,,,,,,,,NEM,,,2024
,,C,,,,,,,,,,,,2024
,,F,QLD,,,,,,,,NEM,,,2024
,,F,QLD,,,,,,,,NEM,,,2024
,,C,,,,,,,,,,,,2024
,,F,VIC,,,,,,,,NEM,,,2024
,,F,VIC,,,,,,,,NEM,,,2024
,,F,NSW,,,,,,,,NEM,,,2024
,,F,NSW,,,,,,,,NEM,,,2024
,,F,WA,,,,,,,,SWIS,,,2024
,,F,VIC,,,,,,,,NEM,,,2024
,,F,ACT,,,,,,,,NEM,,,2024
,,F,VIC,,,,,,,,NEM,,,2024
,,C,,,,,,,,,,,,2024
,,F,WA,,,,,,,,SWIS,,,2024
,,C,,,,,,,,,,,,2024
,,F,NSW,,,,,,,,NEM,,,2024
,,C,,,,,,,,,,,,2024
,,F,QLD,,,,,,,,NEM,,,2024
,,C,,,,,,,,,,,,2024
,,F,NSW,,,,,,,,NEM,,,2024
,,F,NSW,,,,,,,,NEM,,,2024
,,C,,,,,,,,,,,,2024
,,F,TAS,,,,,,,,NEM,,,2024
,,F,TAS,,,,,,,,NEM,,,2024
,,F,TAS,,,,,,,,NEM,,,2024
,,F,TAS,,,,,,,,NEM,,,2024
,,F,TAS,,,,,,,,NEM,,,2024
,,F,TAS,,,,,,,,NEM,,,2024
,,F,TAS,,,,,,,,NEM,,,2024
,,F,TAS,,,,,,,,NEM,,,2024
,,F,TAS,,,,,,,,NEM,,,2024
,,F,TAS,,,,,,,,NEM,,,2024
,,F,TAS,,,,,,,,NEM,,,2024
,,F,TAS,,,,,,,,NEM,,,2024
,,F,TAS,,,,,,,,NEM,,,2024
,,F,TAS,,,,,,,,NEM,,,2024
,,F,TAS,,,,,,,,NEM,,,2024
,,F,TAS,,,,,,,,NEM,,,2024
,,F,TAS,,,,,,,,NEM,,,2024
,,F,TAS,,,,,,,,NEM,,,2024
,,F,TAS,,,,,,,,NEM,,,2024
,,F,TAS,,,,,,,,NEM,,,2024
,,F,TAS,,,,,,,,NEM,,,2024
,,F,TAS,,,,,,,,NEM,,,2024
,,F,TAS,,,,,,,,NEM,,,2024
,,F,TAS,,,,,,,,NEM,,,2024
,,F,TAS,,,,,,,,NEM,,,2024
,,F,TAS,,,,,,,,NEM,,,2024
,,F,TAS,,,,,,,,NEM,,,2024
,,F,TAS,,,,,,,,NEM,,,2024
,,F,TAS,,,,,,,,Off-grid,,,2024
,,F,TAS,,,,,,,,Off-grid,,,2024
,,F,TAS,,,,,,,,NEM,,,2024
,,C,,,,,,,,,,,,2024
,,F,WA,,,,,,,,SWIS,,,2024
,,F,NSW,,,,,,,,NEM,,,2024
,,F,NSW,,,,,,,,NEM,,,2024
,,F,SA,,,,,,,,NEM,,,2024
,,F,NSW,,,,,,,,NEM,,,2024
,,F,SA,,,,,,,,NEM,,,2024
,,F,SA,,,,,,,,NEM,,,2024
,,F,SA,,,,,,,,NEM,,,2024
,,F,NSW,,,,,,,,NEM,,,2024
,,F,NSW,,,,,,,,NEM,,,2024
,,C,,,,,,,,,,,,2024
,,F,QLD,,,,,,,,NEM,,,2024
,,C,,,,,,,,,,,,2024
,,F,QLD,,,,,,,,NEM,,,2024
,,C,,,,,,,,,,,,2024
,,F,VIC,,,,,,,,NEM,,,2024
,,C,,,,,,,,,,,,2024
,,F,VIC,,,,,,,,NEM,,,2024
,,C,,,,,,,,,,,,2024
,,F,WA,,,,,,,,SWIS,,,2024
,,F,WA,,,,,,,,SWIS,,,2024
,,F,WA,,,,,,,,SWIS,,,2024
,,C,,,,,,,,,,,,2024
,,F,QLD,,,,,,,,NEM,,,2024
,,F,QLD,,,,,,,,NEM,,,2024
,,F,QLD,,,,,,,,NEM,,,2024
,,F,QLD,,,,,,,,NEM,,,2024
,,F,QLD,,,,,,,,NEM,,,2024
,,F,ACT,,,,,,,,NEM,,,2024
,,F,QLD,,,,,,,,NEM,,,2024
,,C,,,,,,,,,,,,2024
,,F,QLD,,,,,,,,NEM,,,2024
,,C,,,,,,,,,,,,2024
,,F,QLD,,,,,,,,NEM,,,2024
,,C,,,,,,,,,,,,2024
,,F,SA,,,,,,,,NEM,,,2024
,,C,,,,,,,,,,,,2024
,,F,NSW,,,,,,,,NEM,,,2024
,,F,NSW,,,,,,,,Off-grid,,,2024
,,F,NSW,,,,,,,,NEM,,,2024
,,F,VIC,,,,,,,,NEM,,,2024
,,F,VIC,,,,,,,,NEM,,,2024
,,F,QLD,,,,,,,,NEM,,,2024
,,F,TAS,,,,,,,,NEM,,,2024
,,F,NT,,,,,,,,DKIS,,,2024
,,F,VIC,,,,,,,,NEM,,,2024
,,F,NSW,,,,,,,,NEM,,,2024
,,F,TAS,,,,,,,,NEM,,,2024
,,F,VIC,,,,,,,,NEM,,,2024
,,F,WA,,,,,,,,SWIS,,,2024
,,F,QLD,,,,,,,,NEM,,,2024
,,F,TAS,,,,,,,,NEM,,,2024
,,F,VIC,,,,,,,,NEM,,,2024
,,F,SA,,,,,,,,NEM,,,2024
,,F,SA,,,,,,,,NEM,,,2024
,,F,NSW,,,,,,,,NEM,,,2024
,,F,NSW,,,,,,,,NEM,,,2024
,,F,QLD,,,,,,,,NEM,,,2024
,,F,TAS,,,,,,,,NEM,,,2024
,,F,QLD,,,,,,,,NEM,,,2024
,,F,WA,,,,,,,,SWIS,,,2024
,,F,SA,,,,,,,,NEM,,,2024
,,F,SA,,,,,,,,NEM,,,2024
,,F,VIC,,,,,,,,NEM,,,2024
,,F,WA,,,,,,,,SWIS,,,2024
,,F,QLD,,,,,,,,NEM,,,2024
,,F,QLD,,,,,,,,NEM,,,2024
,,F,VIC,,,,,,,,NEM,,,2024
,,F,NSW,,,,,,,,NEM,,,2024
,,F,VIC,,,,,,,,NEM,,,2024
,,F,NSW,,,,,,,,NEM,,,2024
,,C,,,,,,,,,,,,2024
,,F,NSW,,,,,,,,NEM,,,2024
,,C,,,,,,,,,,,,2024
,,F,NSW,,,,,,,,NEM,,,2024
,,F,NSW,,,,,,,,NEM,,,2024
,,F,NSW,,,,,,,,NEM,,,2024
,,C,,,,,,,,,,,,2024
,,F,NSW,,,,,,,,NEM,,,2024
,,C,,,,,,,,,,,,2024
,,F,VIC,,,,,,,,NEM,,,2024
,,C,,,,,,,,,,,,2024
,,F,VIC,,,,,,,,NEM,,,2024
,,C,,,,,,,,,,,,2024
,,F,SA,,,,,,,,NEM,,,2024
,,C,,,,,,,,,,,,2024
,,F,QLD,,,,,,,,NEM,,,2024
,,C,,,,,,,,,,,,2024
,,F,WA,,,,,,,,SWIS,,,2024
,,C,,,,,,,,,,,,2024
,,F,VIC,,,,,,,,NEM,,,2024
,,C,,,,,,,,,,,,2024
,,F,VIC,,,,,,,,NEM,,,2024
,,F,NSW,,,,,,,,NEM,,,2024
,,F,WA,,,,,,,,Off-grid,,,2024
,,F,NSW,,,,,,,,NEM,,,2024
,,F,NSW,,,,,,,,NEM,,,2024
,,F,SA,,,,,,,,NEM,,,2024
,,F,SA,,,,,,,,NEM,,,2024
,,F,SA,,,,,,,,NEM,,,2024
,,F,SA,,,,,,,,NEM,,,2024
,,F,QLD,,,,,,,,NEM,,,2024
,,F,VIC,,,,,,,,NEM,,,2024
,,F,NSW,,,,,,,,NEM,,,2024
,,F,VIC,,,,,,,,NEM,,,2024
,,F,QLD,,,,,,,,NEM,,,2024
,,C,,,,,,,,,,,,2024
,,F,WA,,,,,,,,SWIS,,,2024
,,C,,,,,,,,,,,,2024
,,F,QLD,,,,,,,,NEM,,,2024
,,C,,,,,,,,,,,,2024
,,F,QLD,,,,,,,,NEM,,,2024
,,C,,,,,,,,,,,,2024
,,F,QLD,,,,,,,,NEM,,,2024
,,C,,,,,,,,,,,,2024
,,F,VIC,,,,,,,,NEM,,,2024
,,F,VIC,,,,,,,,NEM,,,2024
,,F,QLD,,,,,,,,NEM,,,2024
,,F,NSW,,,,,,,,NEM,,,2024
,,F,VIC,,,,,,,,NEM,,,2024
,,F,SA,,,,,,,,NEM,,,2024
,,F,VIC,,,,,,,,NEM,,,2024
,,F,QLD,,,,,,,,NEM,,,2024
,,F,NSW,,,,,,,,NEM,,,2024
,,F,SA,,,,,,,,NEM,,,2024
,,F,QLD,,,,,,,,NEM,,,2024
,,F,NSW,,,,,,,,NEM,,,2024
,,F,NSW,,,,,,,,NEM,,,2024
,,C,,,,,,,,,,,,2024
,,F,TAS,,,,,,,,NEM,,,2024
,,C,,,,,,,,,,,,2024
,,F,SA,,,,,,,,NEM,,,2024
,,C,,,,,,,,,,,,2024
,,F,NSW,,,,,,,,NEM,,,2024
,,C,,,,,,,,,,,,2024
,,F,NSW,,,,,,,,NEM,,,2024
,,F,NSW,,,,,,,,NEM,,,2024
,,F,NSW,,,,,,,,NEM,,,2024
,,F,VIC,,,,,,,,NEM,,,2024
,,F,SA,,,,,,,,NEM,,,2024
,,C,,,,,,,,,,,,2024
,,F,SA,,,,,,,,NEM,,,2024
,,C,,,,,,,,,,,,2024
,,F,WA,,,,,,,,NWIS,,,2024
,,F,WA,,,,,,,,NWIS,,,2024
,,F,WA,,,,,,,,NWIS,,,2024
,,F,WA,,,,,,,,NWIS,,,2024
,,C,,,,,,,,,,,,2024
,,F,SA,,,,,,,,NEM,,,2024
,,C,,,,,,,,,,,,2024
,,F,NT,,,,,,,,Off-grid,,,2024
,,F,NT,,,,,,,,Off-grid,,,2024
,,F,NT,,,,,,,,Off-grid,,,2024
,,F,NT,,,,,,,,Off-grid,,,2024
,,F,NT,,,,,,,,Off-grid,,,2024
,,F,NT,,,,,,,,Off-grid,,,2024
,,F,NT,,,,,,,,Off-grid,,,2024
,,F,NT,,,,,,,,Off-grid,,,2024
,,F,NT,,,,,,,,Off-grid,,,2024
,,F,NT,,,,,,,,Off-grid,,,2024
,,F,NT,,,,,,,,Off-grid,,,2024
,,F,NT,,,,,,,,Off-grid,,,2024
,,F,NT,,,,,,,,Off-grid,,,2024
,,F,NT,,,,,,,,Off-grid,,,2024
,,F,NT,,,,,,,,Off-grid,,,2024
,,F,NT,,,,,,,,Off-grid,,,2024
,,F,NT,,,,,,,,Off-grid,,,2024
,,F,NT,,,,,,,,Off-grid,,,2024
,,F,NT,,,,,,,,Off-grid,,,2024
,,F,NT,,,,,,,,Off-grid,,,2024
,,F,NT,,,,,,,,Off-grid,,,2024
,,F,NT,,,,,,,,Off-grid,,,2024
,,F,NT,,,,,,,,Off-grid,,,2024
,,F,NT,,,,,,,,Off-grid,,,2024
,,F,NT,,,,,,,,Off-grid,,,2024
,,F,NT,,,,,,,,Off-grid,,,2024
,,F,NT,,,,,,,,Off-grid,,,2024
,,F,NT,,,,,,,,Off-grid,,,2024
,,F,NT,,,,,,,,Off-grid,,,2024
,,F,NT,,,,,,,,Off-grid,,,2024
,,F,NT,,,,,,,,Off-grid,,,2024
,,F,NT,,,,,,,,Off-grid,,,2024
,,F,NT,,,,,,,,Off-grid,,,2024
,,F,NT,,,,,,,,Off-grid,,,2024
,,F,NT,,,,,,,,Off-grid,,,2024
,,F,NT,,,,,,,,Off-grid,,,2024
,,F,NT,,,,,,,,Off-grid,,,2024
,,F,NT,,,,,,,,Off-grid,,,2024
,,F,NT,,,,,,,,Off-grid,,,2024
,,F,NT,,,,,,,,Off-grid,,,2024
,,F,NT,,,,,,,,Off-grid,,,2024
,,F,NT,,,,,,,,Off-grid,,,2024
,,F,NT,,,,,,,,Off-grid,,,2024
,,F,NT,,,,,,,,Off-grid,,,2024
,,F,NT,,,,,,,,Off-grid,,,2024
,,F,NT,,,,,,,,Off-grid,,,2024
,,F,NT,,,,,,,,Off-grid,,,2024
,,F,NT,,,,,,,,Off-grid,,,2024
,,F,NT,,,,,,,,Off-grid,,,2024
,,F,NT,,,,,,,,Off-grid,,,2024
,,F,NT,,,,,,,,Off-grid,,,2024
,,F,NT,,,,,,,,Off-grid,,,2024
,,F,NT,,,,,,,,Off-grid,,,2024
,,F,NT,,,,,,,,Off-grid,,,2024
,,F,NT,,,,,,,,Off-grid,,,2024
,,F,NT,,,,,,,,Off-grid,,,2024
,,C,,,,,,,,,,,,2024
,,F,NT,,,,,,,,DKIS,,,2024
,,F,NT,,,,,,,,DKIS,,,2024
,,F,NT,,,,,,,,Off-grid,,,2024
,,F,NT,,,,,,,,Off-grid,,,2024
,,F,NT,,,,,,,,Off-grid,,,2024
,,F,NT,,,,,,,,Off-grid,,,2024
,,F,NT,,,,,,,,DKIS,,,2024
,,F,NT,,,,,,,,Off-grid,,,2024
,,C,,,,,,,,,,,,2024
,,F,VIC,,,,,,,,NEM,,,2024
,,C,,,,,,,,,,,,2024
,,F,ACT,,,,,,,,NEM,,,2024
,,F,ACT,,,,,,,,NEM,,,2024
,,F,ACT,,,,,,,,NEM,,,2024
,,F,VIC,,,,,,,,NEM,,,2024
,,F,ACT,,,,,,,,NEM,,,2024
,,C,,,,,,,,,,,,2024
,,F,QLD,,,,,,,,NEM,,,2024
,,C,,,,,,,,,,,,2024
,,F,VIC,,,,,,,,NEM,,,2024
,,F,VIC,,,,,,,,NEM,,,2024
,,F,WA,,,,,,,,Off-grid,,,2024
,,F,WA,,,,,,,,Off-grid,,,2024
,,F,WA,,,,,,,,Off-grid,,,2024
,,F,WA,,,,,,,,Off-grid,,,2024
,,F,WA,,,,,,,,Off-grid,,,2024
,,F,WA,,,,,,,,Off-grid,,,2024
,,F,WA,,,,,,,,Off-grid,,,2024
,,F,VIC,,,,,,,,NEM,,,2024
,,F,WA,,,,,,,,Off-grid,,,2024
,,F,WA,,,,,,,,Off-grid,,,2024
,,F,WA,,,,,,,,Off-grid,,,2024
,,C,,,,,,,,,,,,2024
,,F,SA,,,,,,,,NEM,,,2024
,,F,SA,,,,,,,,Off-grid,,,2024
,,F,VIC,,,,,,,,NEM,,,2024
,,F,VIC,,,,,,,,NEM,,,2024
,,C,,,,,,,,,,,,2024
,,F,NSW,,,,,,,,NEM,,,2024
,,F,WA,,,,,,,,SWIS,,,2024
,,F,QLD,,,,,,,,NEM,,,2024
,,F,QLD,,,,,,,,NEM,,,2024
,,F,SA,,,,,,,,NEM,,,2024
,,F,VIC,,,,,,,,NEM,,,2024
,,F,QLD,,,,,,,,NEM,,,2024
,,F,QLD,,,,,,,,NEM,,,2024
,,C,,,,,,,,,,,,2024
,,F,WA,,,,,,,,Off-grid,,,2024
,,F,WA,,,,,,,,Off-grid,,,2024
,,F,WA,,,,,,,,Off-grid,,,2024
,,F,WA,,,,,,,,Off-grid,,,2024
,,F,WA,,,,,,,,Off-grid,,,2024
,,F,WA,,,,,,,,Off-grid,,,2024
,,F,WA,,,,,,,,Off-grid,,,2024
,,F,WA,,,,,,,,Off-grid,,,2024
,,F,WA,,,,,,,,Off-grid,,,2024
,,F,WA,,,,,,,,Off-grid,,,2024
,,F,WA,,,,,,,,NWIS,,,2024
,,F,WA,,,,,,,,Off-grid,,,2024
,,F,WA,,,,,,,,Off-grid,,,2024
,,F,WA,,,,,,,,Off-grid,,,2024
,,F,WA,,,,,,,,Off-grid,,,2024
,,F,WA,,,,,,,,Off-grid,,,2024
,,F,WA,,,,,,,,Off-grid,,,2024
,,F,WA,,,,,,,,Off-grid,,,2024
,,F,WA,,,,,,,,Off-grid,,,2024
,,F,WA,,,,,,,,Off-grid,,,2024
,,F,WA,,,,,,,,Off-grid,,,2024
,,F,WA,,,,,,,,Off-grid,,,2024
,,F,WA,,,,,,,,Off-grid,,,2024
,,F,WA,,,,,,,,Off-grid,,,2024
,,F,WA,,,,,,,,Off-grid,,,2024
,,F,WA,,,,,,,,Off-grid,,,2024
,,F,WA,,,,,,,,Off-grid,,,2024
,,F,WA,,,,,,,,Off-grid,,,2024
,,F,WA,,,,,,,,Off-grid,,,2024
,,F,WA,,,,,,,,Off-grid,,,2024
,,F,WA,,,,,,,,Off-grid,,,2024
,,F,WA,,,,,,,,Off-grid,,,2024
,,F,WA,,,,,,,,Off-grid,,,2024
,,F,WA,,,,,,,,Off-grid,,,2024
,,F,WA,,,,,,,,Off-grid,,,2024
,,F,WA,,,,,,,,Off-grid,,,2024
,,F,WA,,,,,,,,Off-grid,,,2024
,,F,WA,,,,,,,,Off-grid,,,2024
,,F,WA,,,,,,,,Off-grid,,,2024
,,F,WA,,,,,,,,Off-grid,,,2024
,,F,WA,,,,,,,,Off-grid,,,2024
,,F,WA,,,,,,,,Off-grid,,,2024
,,F,WA,,,,,,,,Off-grid,,,2024
,,F,WA,,,,,,,,Off-grid,,,2024
,,F,WA,,,,,,,,Off-grid,,,2024
,,C,,,,,,,,,,,,2024
,,F,VIC,,,,,,,,NEM,,,2024
,,C,,,,,,,,,,,,2024
,,F,QLD,,,,,,,,NEM,,,2024
,,C,,,,,,,,,,,,2024
,,F,NSW,,,,,,,,NEM,,,2024
,,C,,,,,,,,,,,,2024
,,F,VIC,,,,,,,,NEM,,,2024
,,C,,,,,,,,,,,,2024
,,F,NSW,,,,,,,,NEM,,,2024
,,C,,,,,,,,,,,,2024
,,F,NSW,,,,,,,,NEM,,,2024
,,C,,,,,,,,,,,,2024
,,F,QLD,,,,,,,,NEM,,,2024
,,F,WA,,,,,,,,NEM,,,2024
,,F,QLD,,,,,,,,NEM,,,2024
,,F,ACT,,,,,,,,NEM,,,2024
,,F,VIC,,,,,,,,NEM,,,2024
,,F,ACT,,,,,,,,NEM,,,2024
,,C,,,,,,,,,,,,2024
,,F,NSW,,,,,,,,NEM,,,2024
,,C,,,,,,,,,,,,2024
,,F,QLD,,,,,,,,NEM,,,2024
,,F,WA,,,,,,,,SWIS,,,2024
,,F,QLD,,,,,,,,NEM,,,2024
,,C,,,,,,,,,,,,2024
,,F,TAS,,,,,,,,NEM,,,2024
,,F,TAS,,,,,,,,NEM,,,2024
,,F,TAS,,,,,,,,NEM,,,2024
,,C,,,,,,,,,,,,2024
,,F,SA,,,,,,,,NEM,,,2024
,,C,,,,,,,,,,,,2024
,,F,SA,,,,,,,,NEM,,,2024
,,F,NSW,,,,,,,,NEM,,,2024
,,F,NSW,,,,,,,,NEM,,,2024
,,F,VIC,,,,,,,,NEM,,,2024
,,F,SA,,,,,,,,NEM,,,2024
,,F,NSW,,,,,,,,NEM,,,2024
,,F,VIC,,,,,,,,NEM,,,2024
,,C,,,,,,,,,,,,2024
,,F,VIC,,,,,,,,NEM,,,2024
,,F,SA,,,,,,,,NEM,,,2024
,,F,VIC,,,,,,,,NEM,,,2024
,,F,VIC,,,,,,,,NEM,,,2024
,,F,VIC,,,,,,,,NEM,,,2024
,,F,VIC,,,,,,,,NEM,,,2024
,,F,VIC,,,,,,,,NEM,,,2024
,,F,QLD,,,,,,,,NEM,,,2024
,,F,WA,,,,,,,,Off-grid,,,2024
,,F,VIC,,,,,,,,NEM,,,2024
,,F,NSW,,,,,,,,NEM,,,2024
,,F,NSW,,,,,,,,NEM,,,2024
,,F,VIC,,,,,,,,NEM,,,2024
,,F,VIC,,,,,,,,NEM,,,2024
,,F,VIC,,,,,,,,NEM,,,2024
,,C,,,,,,,,,,,,2024
,,F,NSW,,,,,,,,NEM,,,2024
,,F,NSW,,,,,,,,NEM,,,2024
,,F,QLD,,,,,,,,NEM,,,2024
,,F,NSW,,,,,,,,NEM,,,2024
,,F,VIC,,,,,,,,NEM,,,2024
,,F,NSW,,,,,,,,NEM,,,2024
,,C,,,,,,,,,,,,2024
,,F,WA,,,,,,,,SWIS,,,2024
,,C,,,,,,,,,,,,2024
,,F,WA,,,,,,,,SWIS,,,2024
,,C,,,,,,,,,,,,2024
,,F,QLD,,,,,,,,NEM,,,2024
,,F,QLD,,,,,,,,NEM,,,2024
,,C,,,,,,,,,,,,2024
,,F,VIC,,,,,,,,NEM,,,2024
,,C,,,,,,,,,,,,2024
,,F,NSW,,,,,,,,NEM,,,2024
,,C,,,,,,,,,,,,2024
,,F,WA,,,,,,,,SWIS,,,2024
,,C,,,,,,,,,,,,2024
,,F,NSW,,,,,,,,NEM,,,2024
,,C,,,,,,,,,,,,2024
,,F,SA,,,,,,,,NEM,,,2024
,,F,SA,,,,,,,,NEM,,,2024
,,F,SA,,,,,,,,NEM,,,2024
,,F,SA,,,,,,,,NEM,,,2024
,,C,,,,,,,,,,,,2024
,,F,TAS,,,,,,,,NEM,,,2024
,,C,,,,,,,,,,,,2024
,,F,NSW,,,,,,,,NEM,,,2024
,,C,,,,,,,,,,,,2024
,,F,VIC,,,,,,,,NEM,,,2024
,,F,VIC,,,,,,,,NEM,,,2024
,,F,VIC,,,,,,,,NEM,,,2024
,,F,VIC,,,,,,,,NEM,,,2024
,,F,VIC,,,,,,,,NEM,,,2024
,,F,VIC,,,,,,,,NEM,,,2024
,,F,VIC,,,,,,,,NEM,,,2024
,,F,VIC,,,,,,,,NEM,,,2024
,,F,VIC,,,,,,,,NEM,,,2024
,,F,VIC,,,,,,,,NEM,,,2024
,,F,VIC,,,,,,,,NEM,,,2024
,,F,VIC,,,,,,,,NEM,,,2024
,,F,VIC,,,,,,,,NEM,,,2024
,,F,VIC,,,,,,,,NEM,,,2024
,,F,VIC,,,,,,,,NEM,,,2024
,,F,VIC,,,,,,,,NEM,,,2024
,,C,,,,,,,,,,,,2024
,,F,NSW,,,,,,,,NEM,,,2024
,,C,,,,,,,,,,,,2024
,,F,SA,,,,,,,,NEM,,,2024
,,F,SA,,,,,,,,NEM,,,2024
,,C,,,,,,,,,,,,2024
,,F,VIC,,,,,,,,NEM,,,2024
,,C,,,,,,,,,,,,2024
,,F,WA,,,,,,,,SWIS,,,2024
,,F,WA,,,,,,,,SWIS,,,2024
,,F,WA,,,,,,,,Off-grid,,,2024
,,F,WA,,,,,,,,Off-grid,,,2024
,,F,WA,,,,,,,,NWIS,,,2024
,,C,,,,,,,,,,,,2024
,,F,SA,,,,,,,,NEM,,,2024
,,F,SA,,,,,,,,NEM,,,2024
,,F,QLD,,,,,,,,NEM,,,2024
,,C,,,,,,,,,,,,2024
,,F,QLD,,,,,,,,NEM,,,2024
,,C,,,,,,,,,,,,2024
,,F,WA,,,,,,,,Off-grid,,,2024
,,F,WA,,,,,,,,Off-grid,,,2024
,,C,,,,,,,,,,,,2024
,,F,QLD,,,,,,,,Off-grid,,,2024
,,C,,,,,,,,,,,,2024
,,F,NSW,,,,,,,,NEM,,,2024
,,C,,,,,,,,,,,,2024
,,F,NSW,,,,,,,,NEM,,,2024
,,C,,,,,,,,,,,,2024
,,F,TAS,,,,,,,,NEM,,,2024
,,C,,,,,,,,,,,,2024
,,F,SA,,,,,,,,NEM,,,2024
,,C,,,,,,,,,,,,2024
,,F,VIC,,,,,,,,NEM,,,2024
,,C,,,,,,,,,,,,2024
,,F,VIC,,,,,,,,NEM,,,2024
,,C,,,,,,,,,,,,2024
,,F,QLD,,,,,,,,NEM,,,2024
,,C,,,,,,,,,,,,2024
,,F,VIC,,,,,,,,NEM,,,2024
,,C,,,,,,,,,,,,2024
