facilityName,type,state,electricityProductionMwh,scope1tCO2e,scope2tCO2e,totalEmissionstCO2e,emissionIntensitytMwh,primaryFuel,year
Gunning Wind Farm,F,NSW,157700.0,19.0,293.0,312,0.0,Wind,2015
Royalla Solar Farm,F,ACT,59199.0,0.0,15.0,15,0.0,Solar,2015
Waubra Wind Farm,F,VIC,683834.0,77.0,1144.0,1221,0.0,Wind,2015
Banimboola Hydro,F,VIC,38082.0,5.0,17.0,22,0.0,Hydro,2015
Bayswater Power Station,F,NSW,13965430.0,12253123.0,8306.0,12261429,0.88,Black Coal,2015
Bogong Power Station,F,VIC,74144.0,83.0,839.0,922,0.0,Hydro,2015
Burrendong Hydro,F,NSW,7619.0,1.0,97.0,98,0.0,Hydro,2015
Clover Hydro,F,VIC,42047.0,3.0,51.0,54,0.0,Hydro,2015
Coopers Cogeneration,F,SA,25463.0,19260.0,86.0,19346,0.76,Gas,2015
Copeton Hydro,F,NSW,38829.0,1.0,75.0,76,0.0,Hydro,2015
Dartmouth Hydro,F,VIC,446691.0,0.0,727.0,727,0.0,Hydro,2015
Eildon Hydro,F,VIC,197317.0,20.0,153.0,173,0.0,Hydro,2015
Glenbawn Hydro,F,NSW,11737.0,0.0,16.0,16,0.0,Hydro,2015
Glenorchy Landfill Generation,F,TAS,11977.0,745.0,1.0,746,0.06,Landfill Gas,2015
Hallett (Stage 1) Wind Farm,F,SA,315741.0,135.0,217.0,352,0.0,Wind,2015
Hallett (Stage 2) Wind Farm,F,SA,238477.0,85.0,187.0,272,0.0,Wind,2015
Hallett (Stage 4) Wind Farm,F,SA,428809.0,133.0,360.0,493,0.0,Wind,2015
Hallett (Stage 5) Wind Farm,F,SA,135847.0,75.0,175.0,250,0.0,Wind,2015
Hobart Landfill Generation,F,TAS,7604.0,427.0,0.0,427,0.06,Landfill Gas,2015
Hunter Valley Gas Turbines,F,NSW,250.0,355.0,869.0,1224,1.42,Gas,2015
Kincumber Landfill Generation,F,NSW,4059.0,238.0,5.0,243,0.06,Landfill Gas,2015
Liddell Power Station,F,NSW,6906736.0,6514993.0,46355.0,6561348,0.94,Black Coal,2015
Loy Yang Power Station and Mine,F,VIC,16226412.0,18508708.0,268516.0,18777224,1.14,Brown Coal,2015
Macarthur Wind Farm,F,VIC,997152.0,371.0,2655.0,3026,0.0,Wind,2015
McKay Creek Hydro,F,VIC,88209.0,0.0,6185.0,6185,0.0,Hydro,2015
Moranbah Power Station,F,QLD,23031.0,12327.0,1142.0,13469,0.54,Coal Seam Methane,2015
Nyngan Solar Plant,F,NSW,9380.0,9.0,59.0,68,0.0,Solar,2015
Oaklands Hill Wind Farm,F,VIC,146261.0,68.0,637.0,705,0.0,Wind,2015
Rockingham Landfill Generation,F,WA,21490.0,1320.0,6.0,1326,0.06,Landfill Gas,2015
Rubicon Hydro Scheme,F,VIC,46446.0,0.0,47.0,47,0.0,Hydro,2015
Shoalhaven Landfill Generation,F,NSW,5483.0,356.0,8.0,364,0.06,Landfill Gas,2015
Somerton Power Station,F,VIC,10464.0,8378.0,2036.0,10414,0.8,Gas,2015
Suncoast Biomass Generation Plant,F,QLD,859.0,38.0,69.0,107,0.04,Macadamia Nut Shells,2015
Torrens Island Power Station,F,SA,1682547.0,983263.0,15130.0,998393,0.58,Gas/Diesel,2015
Wattle Point Wind Farm,F,SA,260438.0,49.0,229.0,278,0.0,Wind,2015
Werribee Biogas Generator,F,VIC,54673.0,2902.0,1498.0,4400,0.05,Biogas,2015
West Kiewa Hydro,F,VIC,117489.0,0.0,1709.0,1709,0.0,Hydro,2015
Wilpena Pound Solar Generation,F,SA,881.0,624.0,0.0,624,0.71,Solar,2015
Woy Woy Landfill Generation,F,NSW,8669.0,469.0,2.0,471,0.05,Landfill Gas,2015
Yarrawonga Hydro,F,VIC,50184.0,0.0,46.0,46,0.0,Hydro,2015
Alinta Pinjarra Generation Facility,F,WA,1639092.0,1301720.0,246.0,1301966,0.79,Gas,2015
Alinta Wagerup Generation Facility,F,WA,176958.0,111432.0,6229.0,117661,0.63,Gas/Diesel,2015
Anglesea Power Station,F,VIC,1260261.0,1374358.0,411.0,1374769,1.09,Brown Coal,2015
Augusta Power Stations,F,SA,2645721.0,2734413.0,7994.0,2742407,1.03,Brown Coal,2015
Bairnsdale Power Station,F,VIC,149821.0,81092.0,1008.0,82100,0.54,Gas,2015
Braemar Power Station,F,QLD,2196658.0,1243347.0,829.0,1244176,0.57,Coal Seam Methane,2015
Newman Power Station,F,WA,231335.0,138146.0,0.0,138146,0.6,Gas,2015
Port Hedland Power Station,F,WA,489876.0,388562.0,0.0,388562,0.79,Gas,2015
Emu Downs Wind Farm,F,WA,253848.0,91.0,343.0,434,0.0,Wind,2015
Braemar 2 Power Station,F,QLD,2602982.0,1530289.0,854.0,1531143,0.59,Coal Seam Methane,2015
Karratha Power Station,F,WA,474165.0,270985.0,0.0,270985,0.57,Gas,2015
LGP Belmont Administration & Kalamunda Facility,FA,WA,6.0,19.0,18.0,37,3.42,Liquid Fuel,2015
LGP Canning Vale Facility,F,WA,661.0,36.0,10.0,46,0.05,Landfill Gas,2015
LGP Red Hill Facility,F,WA,25521.0,1277.0,1.0,1278,0.05,Landfill Gas,2015
LGP Tamala Park Facility,F,WA,31881.0,1588.0,2.0,1590,0.05,Landfill Gas,2015
Smithfield Power Partnership,F,NSW,968538.0,460102.0,0.0,460102,0.48,Gas,2015
Condamine Power Station,F,QLD,765100.0,333565.0,526.0,334091,0.44,Gas,2015
Yarnima Power Station IOP,F,WA,458924.0,307351.0,0.0,307351,0.67,Gas,2015
Bluewaters Power 1,F,WA,1673841.0,1482015.0,2327.0,1484342,0.89,Black Coal,2015
Bluewaters Power 2,F,WA,1688377.0,1377635.0,1775.0,1379410,0.82,Black Coal,2015
Brookfield District Energy (GX) Pty Ltd,F,NSW,21723.0,11861.0,22049.0,33910,0.55,Gas,2015
Canunda Wind Farm,F,SA,123687.0,17.0,156.0,173,0.0,Wind,2015
Broadwater Power Plant,F,NSW,178872.0,6032.0,1423.0,7455,0.03,Bagasse,2015
Condong Power Plant,F,NSW,104359.0,3007.0,1687.0,4694,0.03,Bagasse,2015
FMG Cloud Break Mine Site Power Station,F,WA,178737.0,110575.0,0.0,110575,0.62,Diesel,2015
Norseman Gold Power Station,F,WA,14146.0,10193.0,0.0,10193,0.72,Diesel,2015
Callide A Power Station,F,QLD,100820.0,123177.0,43885.0,167062,1.22,Black Coal,2015
Callide B Power Station,F,QLD,3529535.0,3285158.0,34530.0,3319688,0.93,Black Coal,2015
Kogan Creek Power Station,F,QLD,5731490.0,4761463.0,2411.0,4763874,0.83,Black Coal,2015
Wivenhoe Power Station,F,QLD,20244.0,23.0,50466.0,50489,0.0,Hydro,2015
Collgar Wind Farm,F,WA,712890.0,227.0,611.0,838,0.0,Wind,2015
Boco Rock Wind Farm Pty Ltd,F,NSW,208779.0,55.0,720.0,775,0.0,Wind,2015
Taralga Wind Farm Pty Ltd,F,NSW,73768.0,20.0,128.0,148,0.0,Wind,2015
Brown Mountain Power Station,F,NSW,13453.0,6.0,0.0,6,0.0,Hydro,2015
Colongra PS,F,NSW,71796.0,41565.0,3913.0,45478,0.58,Gas,2015
Vales Point Power Station,F,NSW,6936854.0,6020229.0,47711.0,6067940,0.87,Black Coal,2015
Diamantina Power Station,F,QLD,1502967.0,613667.0,95.0,613762,0.41,Gas,2015
Jeeralang Power Station,F,VIC,22165.0,15640.0,6730.0,22370,0.71,Gas,2015
Newport Power Station,F,VIC,95248.0,52641.0,24749.0,77390,0.55,Gas,2015
Albany Wind Farm,F,WA,96556.0,13.0,7.0,20,0.0,Wind,2015
Bremer Bay Wind Diesel System,FA,WA,1851.0,220.0,3.0,223,0.12,Wind/Diesel,2015
Cockburn Power Station,F,WA,658150.0,260404.0,0.0,260404,0.4,Gas,2015
Collie Power Station,F,WA,2239388.0,2024283.0,3244.0,2027527,0.9,Black Coal,2015
Coral Bay Wind Diesel System,FA,WA,3366.0,1813.0,0.0,1813,0.54,Wind/Diesel,2015
Denham Wind Farm,F,WA,1909.0,0.0,1.0,1,0.0,Wind,2015
Esperance Wind Farm,F,WA,14681.0,0.0,8.0,8,0.0,Wind,2015
Geraldton Gas Turbine Station,F,WA,22.0,29.0,0.0,29,1.31,Gas,2015
Hopetoun Wind Diesel System,FA,WA,5476.0,2671.0,0.0,2671,0.49,Wind/Diesel,2015
Kalbarri Photovoltaic,F,WA,23.0,0.0,4.0,4,0.0,Solar,2015
Kalbarri Wind Farm,F,WA,4206.0,0.0,6.0,6,0.0,Wind,2015
Kalgoorlie Gas Turbine Station,F,WA,1872.0,1751.0,0.0,1751,0.94,Gas,2015
Kwinana Power Station,F,WA,977810.0,602488.0,700.0,603188,0.62,Gas,2015
Muja Power Station,F,WA,3842076.0,3744318.0,1655.0,3745973,0.97,Black Coal,2015
Mungarra Gas Turbine Station,F,WA,96890.0,82909.0,0.0,82909,0.86,Gas,2015
Pinjar Gas Turbine Station,F,WA,464041.0,376980.0,0.0,376980,0.81,Gas,2015
South West Cogeneration Joint Venture,F,WA,991369.0,623890.0,37.0,623927,0.63,Gas,2015
Ravensthorpe Power Station,F,WA,195.0,138.0,0.0,138,0.71,Liquid Fuel,2015
Energy Impact - Bromelton Peak Generation Plant,F,QLD,1874.0,1402.0,427.0,1829,0.75,Liquid Fuel,2015
Energy Impact - Generation,F,QLD,1146.0,799.0,0.0,799,0.7,Liquid Fuel,2015
Appin CSM Power Station,F,NSW,163584.0,124621.0,85.0,124706,0.76,Coal Seam Methane,2015
Ardyaloon Remote Power Station,F,WA,1774.0,1275.0,0.0,1275,0.72,Liquid Fuel,2015
Beagle Bay Remote Power Station,F,WA,1621.0,1151.0,0.0,1151,0.71,Liquid Fuel,2015
Belrose and Grange Avenue LFG Power Stations,FA,NSW,12943.0,815.0,6.0,821,0.06,Landfill Gas,2015
Berwick LFG Power Station,F,VIC,24160.0,1539.0,810.0,2349,0.06,Landfill Gas,2015
Bidyadanga Remote Power Staiton,F,WA,2907.0,2094.0,0.0,2094,0.72,Liquid Fuel,2015
Broadmeadows LFG Power Station,F,VIC,19281.0,1230.0,10.0,1240,0.06,Landfill Gas,2015
Brooklyn LFG Power Station,F,VIC,16999.0,1054.0,5.0,1059,0.06,Landfill Gas,2015
Broome LNG Power Station,F,WA,134916.0,82255.0,0.0,82255,0.61,Gas/Diesel,2015
Browns Plains LFG Power Station,F,QLD,11218.0,712.0,4.0,716,0.06,Landfill Gas,2015
Century Power Station,FA,QLD,1220.0,848.0,0.0,848,0.69,Diesel,2015
Clayton LFG Power Station,F,VIC,80643.0,4503.0,321.0,4824,0.06,Landfill Gas,2015
Coober Pedy Remote Power Station,F,SA,11906.0,8348.0,0.0,8348,0.7,Diesel,2015
Cue Remote Power Station,F,WA,1890.0,1363.0,0.0,1363,0.72,Liquid Fuel,2015
Derby LNG Power Station,F,WA,35761.0,18528.0,0.0,18528,0.52,Gas/Diesel,2015
Djarandjin Remote Power Station,F,WA,1621.0,1157.0,0.0,1157,0.71,Liquid Fuel,2015
Eastern Creek LFG Power Station,F,NSW,16236.0,931.0,3.0,934,0.06,Landfill Gas,2015
EDL LFG (VIC),FA,VIC,7866.0,502.0,7.0,509,0.06,Landfill Gas,2015
Fitzroy Crossing LNG Power Station,F,WA,14463.0,7074.0,0.0,7074,0.49,Gas/Diesel,2015
Gascoyne Junction Remote Power Station,F,WA,791.0,603.0,0.0,603,0.76,Liquid Fuel,2015
German Creek CMM Power Station,F,QLD,305963.0,166630.0,0.0,166630,0.54,Waste Coal Mine Gas,2015
Glennies Creek Power Station,F,NSW,90719.0,53189.0,5.0,53194,0.59,Waste Coal Mine Gas,2015
Halls Creek LNG Power Station,F,WA,11455.0,6357.0,0.0,6357,0.55,Gas/Diesel,2015
Highbury and Tea Tree Gully Power Stations,FA,SA,3373.0,220.0,42.0,262,0.07,Landfill Gas,2015
Jacks Gully LFG Power Station,F,NSW,15657.0,991.0,1.0,992,0.06,Landfill Gas,2015
Karumba Power Station,F,QLD,14376.0,9935.0,8.0,9943,0.69,Diesel,2015
Laverton Remote Power Station,F,WA,3840.0,2685.0,0.0,2685,0.7,Liquid Fuel,2015
Leonora Remote Power Station,F,WA,8889.0,6446.0,0.0,6446,0.73,Gas,2015
Looma Power Station,FA,WA,2591.0,2076.0,0.0,2076,0.8,Gas/Diesel,2015
Lucas Heights 1 LFG Power Station,F,NSW,22753.0,1447.0,3.0,1450,0.06,Landfill Gas,2015
Lucas Heights 2 LFG Power Station,F,NSW,100908.0,6422.0,3.0,6425,0.06,Landfill Gas,2015
McArthur River Power Station,F,NT,285784.0,132182.0,0.0,132182,0.46,Gas,2015
Meekatharra Remote Power Station,F,WA,6495.0,4675.0,0.0,4675,0.72,Liquid Fuel,2015
Menzies Remote Power Station,F,WA,728.0,560.0,0.0,560,0.77,Liquid Fuel,2015
Moranbah North CMM Power Station,F,QLD,439406.0,238554.0,0.0,238554,0.54,Waste Coal Mine Gas,2015
Mt Magnet Remote Power Station,F,WA,3450.0,2514.0,0.0,2514,0.73,Gas,2015
Mugga Lane LFG Power Station,F,ACT,22063.0,1398.0,1.0,1399,0.06,Landfill Gas,2015
Oaky Creek Power Station,F,QLD,133654.0,77508.0,23.0,77531,0.58,Coal Seam Methane,2015
Pedler Creek LFG Power Station,F,SA,19150.0,1210.0,2.0,1212,0.06,Landfill Gas,2015
Pine Creek A Power Station,F,NT,181082.0,90532.0,0.0,90532,0.5,Gas,2015
Roghan Road LFG Power Station,FA,QLD,1355.0,83.0,44.0,127,0.06,Landfill Gas,2015
Sandstone Remote Power Station,F,WA,509.0,406.0,0.0,406,0.8,Liquid Fuel,2015
Springvale LFG Power Station,F,VIC,16669.0,1066.0,13.0,1079,0.06,Landfill Gas,2015
Tahmoor Power Station,F,NSW,46456.0,29870.0,10.0,29880,0.64,Waste Coal Mine Gas,2015
Teralba Power Station,F,NSW,11461.0,7316.0,32.0,7348,0.64,Coal Seam Methane,2015
Tower CSM Power Station,F,NSW,202035.0,145425.0,9.0,145434,0.72,Coal Seam Methane,2015
Warmun Remote Power Station,F,WA,2707.0,1967.0,0.0,1967,0.73,Liquid Fuel,2015
West Belconnen LFG Power Station,F,ACT,3101.0,201.0,8.0,209,0.06,Landfill Gas,2015
Wiluna Remote Power Station,F,WA,2292.0,1657.0,0.0,1657,0.72,Liquid Fuel,2015
Wingfield 1 LFG Power Station,F,SA,16096.0,1019.0,1.0,1020,0.06,Landfill Gas,2015
Wingfield 2 LFG Power Station,F,SA,16574.0,1049.0,1.0,1050,0.06,Landfill Gas,2015
Yalgoo Remote Power Station,F,WA,804.0,616.0,0.0,616,0.77,Liquid Fuel,2015
Brewer Power Station,F,NT,47184.0,30511.0,14.0,30525,0.65,Gas,2015
Cathedral Rocks Wind Farm,F,SA,172339.0,65.0,128.0,193,0.0,Wind,2015
Hallett Power Station,F,SA,22288.0,23349.0,2735.0,26084,1.05,Gas/Diesel,2015
Mt Piper Power Station,F,NSW,6282647.0,5432906.0,35153.0,5468059,0.86,Black Coal,2015
Tallawarra Power Station,F,NSW,2082392.0,758611.0,2381.0,760992,0.36,Gas,2015
Waterloo Wind Farm,F,SA,295439.0,66.0,226.0,292,0.0,Wind,2015
Yallourn Power Station,F,VIC,11253570.0,14318960.0,301769.0,14620729,1.27,Brown Coal,2015
Newgen Neerabup Power Station,F,WA,124811.0,75996.0,3033.0,79029,0.61,Gas,2015
Oakey Power Station,F,QLD,499141.0,311168.0,1956.0,313124,0.62,Gas,2015
Esperance Power Station,F,WA,75509.0,58134.0,0.0,58134,0.77,Gas/Diesel,2015
Essential Energy Generation Facilities,FA,NSW,499.0,692.0,183.0,875,1.39,Multiple sources,2015
FPC Green Energy,F,QLD,98740.0,3769.0,1645.0,5414,0.04,Biofuel,2015
Parkeston Power Station,F,WA,226239.0,134782.0,0.0,134782,0.6,Gas/Diesel,2015
Blayney Wind Farm,F,NSW,20082.0,0.0,49.0,49,0.0,Wind,2015
Burrinjuck Power Station,F,NSW,84748.0,0.0,105.0,105,0.0,Hydro,2015
Crookwell Wind Farm,F,NSW,7923.0,0.0,33.0,33,0.0,Wind,2015
Hume Power Station,F,NSW,209736.0,0.0,298.0,298,0.0,Hydro,2015
Keepit Power Station,F,NSW,2848.0,0.0,0.0,0,0.0,Hydro,2015
Energy Brix Australia Corporation,F,VIC,41694.0,100703.0,18935.0,119638,2.42,Brown Coal,2015
Wyangala A,F,NSW,38467.0,0.0,0.0,0,0.0,Hydro,2015
Bastyan Hydro Power Station,F,TAS,358255.0,0.0,221.0,221,0.0,Hydro,2015
Butlers Gorge Hydro Power Station,F,TAS,91806.0,0.0,0.0,0,0.0,Hydro,2015
Catagunya Hydro Power Station,F,TAS,217173.0,0.0,22.0,22,0.0,Hydro,2015
Cethana Hydro Power Station,F,TAS,241878.0,0.0,98.0,98,0.0,Hydro,2015
Cluny Hydro Power Station,F,TAS,81428.0,0.0,9.0,9,0.0,Hydro,2015
Devils Gate Hydro Power Station,F,TAS,261695.0,0.0,27.0,27,0.0,Hydro,2015
Fisher Hydro Power Station,F,TAS,127967.0,0.0,3.0,3,0.0,Hydro,2015
Flinders Island Power Station,F,TAS,3642.0,2457.0,4.0,2461,0.67,Wind/Diesel,2015
Gordon Hydro Power Station,F,TAS,1061781.0,0.0,114.0,114,0.0,Hydro,2015
John Butters Hydro Power Station,F,TAS,490699.0,0.0,631.0,631,0.0,Hydro,2015
King Island Power Station,F,TAS,12621.0,5037.0,4.0,5041,0.4,Wind/Diesel,2015
Lake Echo Hydro Power Station,F,TAS,33554.0,0.0,21.0,21,0.0,Hydro,2015
Lake Margaret Lower Hydro Power station,F,TAS,5676.0,0.0,3.0,3,0.0,Hydro,2015
Lake Margaret Upper Hydro Power Station,F,TAS,47259.0,0.0,1.0,1,0.0,Hydro,2015
Lemonthyme Hydro Power Station,F,TAS,257353.0,0.0,55.0,55,0.0,Hydro,2015
Liapootah Hydro Power Station,F,TAS,414345.0,0.0,467.0,467,0.0,Hydro,2015
Mackintosh Hydro Power Station,F,TAS,341090.0,0.0,776.0,776,0.0,Hydro,2015
Meadowbank Hydro Power Station,F,TAS,44148.0,0.0,56.0,56,0.0,Hydro,2015
Paloona Hydro Power Station,F,TAS,93079.0,0.0,45.0,45,0.0,Hydro,2015
Parangana Hydro Power Station,F,TAS,4185.0,0.0,0.0,0,0.0,Hydro,2015
Poatina Hydro Power Station,F,TAS,1055099.0,0.0,1994.0,1994,0.0,Hydro,2015
Reece Hydro Power Station,F,TAS,915293.0,0.0,1976.0,1976,0.0,Hydro,2015
Repulse Hydro Power Station,F,TAS,139043.0,0.0,10.0,10,0.0,Hydro,2015
Rowallan Hydro Power Station,F,TAS,23586.0,0.0,8.0,8,0.0,Hydro,2015
Tamar Valley Power Station,F,TAS,17672.0,9276.0,2570.0,11846,0.52,Gas,2015
Tarraleah Hydro Power Station,F,TAS,632011.0,0.0,102.0,102,0.0,Hydro,2015
Tods Corner Hydro Power Station,F,TAS,5759.0,0.0,3.0,3,0.0,Hydro,2015
Trevallyn Hydro Power Station,F,TAS,348919.0,0.0,80.0,80,0.0,Hydro,2015
Tribute Hydro Power Station,F,TAS,219016.0,0.0,67.0,67,0.0,Hydro,2015
Tungatinah Hydro Power Station,F,TAS,425202.0,0.0,156.0,156,0.0,Hydro,2015
Wayatinah Hydro Power Station,F,TAS,242808.0,0.0,29.0,29,0.0,Hydro,2015
Wilmot Hydro Power Station,F,TAS,114264.0,0.0,47.0,47,0.0,Hydro,2015
Challicum Hills Wind Farm,F,VIC,135426.0,93.0,0.0,93,0.0,Wind,2015
Clements Gap Wind Farm,F,SA,171023.0,26.0,0.0,26,0.0,Wind,2015
Codrington Wind Farm,F,VIC,44698.0,24.0,0.0,24,0.0,Wind,2015
Eildon Pondage Hydro,F,VIC,14728.0,0.0,0.0,0,0.0,Hydro,2015
Glenmaggie Hydro,F,VIC,6779.0,0.0,0.0,0,0.0,Hydro,2015
Ord Hydro,F,WA,206140.0,18.0,0.0,18,0.0,Hydro,2015
Portland Wind Farms,F,VIC,412024.0,21.0,0.0,21,0.0,Wind,2015
The Drop Hydro,F,NSW,7835.0,0.0,0.0,0,0.0,Hydro,2015
William Hovell Hydro,F,VIC,2961.0,0.0,0.0,0,0.0,Hydro,2015
Yambuk Wind Farm,F,VIC,90241.0,107.0,0.0,107,0.0,Wind,2015
Alinta Wind Farm,F,WA,330634.0,47.0,624.0,671,0.0,Wind,2015
Capital East Solar Farm,F,NSW,191.0,0.0,8.0,8,0.0,Solar,2015
Capital Wind Farm,F,NSW,328940.0,105.0,871.0,976,0.0,Wind,2015
"Lake Bonney Stage 1,2 & 3 Wind Farm",F,SA,688314.0,88.0,888.0,976,0.0,Wind,2015
Woodlawn Wind Farm,F,NSW,128464.0,33.0,186.0,219,0.0,Wind,2015
Kwinana Cogeneration Plant,F,WA,892266.0,462837.0,96.0,462933,0.52,Gas,2015
Loy Yang B Power Station,F,VIC,8622021.0,9755875.0,1932.0,9757807,1.13,Brown Coal,2015
Albury Renewable Energy Facility,F,NSW,7994.0,435.0,0.0,435,0.05,Landfill Gas,2015
Atlas Renewable Energy Facility,F,WA,4642.0,266.0,0.0,266,0.06,Landfill Gas,2015
Awaba Renewable Energy Facility,F,NSW,9173.0,507.0,0.0,507,0.06,Landfill Gas,2015
Ballarat Renewable Energy Facility,F,VIC,5079.0,295.0,0.0,295,0.06,Landfill Gas,2015
Bendigo Renewable Energy Facility,F,VIC,3916.0,225.0,0.0,225,0.06,Solar,2015
Birkdale Renewable Energy Facility,F,QLD,6701.0,364.0,0.0,364,0.05,Landfill Gas,2015
Darwin Renewable Energy Facility,F,NT,8990.0,528.0,0.0,528,0.06,Landfill Gas,2015
Eastern Creek 2 Renewable Energy Facility,F,NSW,63616.0,3323.0,0.0,3323,0.05,Landfill Gas,2015
Hampton Park Renewable Energy Facility,F,VIC,61273.0,3222.0,0.0,3222,0.05,Landfill Gas,2015
Ipswich Renewable Energy Facility,F,QLD,8394.0,484.0,0.0,484,0.06,Landfill Gas,2015
Mornington Peninsula Renewable Energy Facility,F,VIC,5711.0,320.0,0.0,320,0.06,Landfill Gas,2015
Newcastle Renewable Energy Facility,F,NSW,18005.0,993.0,0.0,993,0.06,Landfill Gas,2015
Remount Renewable Energy Facility,F,TAS,14455.0,816.0,0.0,816,0.06,Landfill Gas,2015
Rochedale Renewable Energy Facility,F,QLD,33909.0,1927.0,0.0,1927,0.06,Landfill Gas,2015
Shepparton Renewable Energy Facility,F,VIC,4701.0,279.0,0.0,279,0.06,Landfill Gas,2015
South Cardup Renewable Energy Facility,F,WA,26139.0,1508.0,0.0,1508,0.06,Landfill Gas,2015
Stapylton Renewable Energy Facility,F,QLD,4380.0,265.0,0.0,265,0.06,Landfill Gas,2015
Suntown Renewable Energy Facility,F,QLD,38.0,1.0,0.0,1,0.03,Landfill Gas,2015
Swanbank Renewable Energy Facility,F,QLD,9518.0,537.0,0.0,537,0.06,Landfill Gas,2015
Tweed Shire Renewable Energy Facility,F,NSW,1729.0,106.0,0.0,106,0.06,Landfill Gas,2015
Wollert Renewable Energy Facility,F,VIC,54583.0,2968.0,0.0,2968,0.05,Landfill Gas,2015
Wyndham Renewable Energy Facility,F,VIC,15450.0,764.0,0.0,764,0.05,Landfill Gas,2015
Wyong Renewable Energy Facility,F,NSW,16865.0,929.0,0.0,929,0.06,Landfill Gas,2015
Mt Mercer Wind farm Pty Ltd,F,VIC,349816.0,91.0,623.0,714,0.0,Wind,2015
Mt Millar Wind Farm Pty Ltd,F,SA,186818.0,16.0,24.0,40,0.0,Wind,2015
Bald Hills Wind Farm,F,VIC,65999.0,45.0,431.0,476,0.0,Wind,2015
Alfred Hospital Cogeneration Plant,F,VIC,15619.0,13869.0,590.0,14459,0.89,Gas,2015
Dandenong Hospital Cogeneration Plant,F,VIC,15112.0,11329.0,429.0,11758,0.75,Gas,2015
Geelong Hospital Cogeneration Plant,F,VIC,15486.0,12359.0,563.0,12922,0.8,Gas,2015
Royal Melbourne Hospital Cogeneration Plant,F,VIC,31789.0,25321.0,953.0,26274,0.8,Gas,2015
ST. Vincent's Hospital Cogeneration Plant,F,VIC,15684.0,13743.0,632.0,14375,0.88,Gas,2015
Mortons Lane Windfarm Pty Ltd,F,VIC,62305.0,0.0,0.0,0,0.0,Wind,2015
Hazelwood Power Station,F,VIC,10969423.0,15354936.0,192118.0,15547054,1.4,Brown Coal,2015
New Gullen Range Wind Farm Pty Ltd,F,NSW,359906.0,0.0,397.0,397,0.0,Wind,2015
Kwinana Gas Fired Power Station,F,WA,2152887.0,851682.0,3081.0,854763,0.4,Gas,2015
Gladstone Power Station,F,QLD,6482464.0,6301561.0,55547.0,6357108,0.97,Black Coal,2015
Australand,F,NSW,1120.0,668.0,48.0,716,0.6,Gas,2015
Ballarat Solar Park,F,VIC,183.0,0.0,2.0,2,0.0,Solar,2015
Bendigo Solar Park,F,VIC,523.0,0.0,4.0,4,0.0,Solar,2015
Blackmores,F,NSW,1164.0,807.0,50.0,857,0.69,Gas,2015
Bond,F,NSW,1208.0,668.0,52.0,720,0.55,Gas,2015
Chifley Square,F,NSW,1221.0,650.0,52.0,702,0.53,Gas,2015
Cullerin Wind Farm,F,NSW,90467.0,19.0,105.0,124,0.0,Wind,2015
Dandenong,F,VIC,3800.0,2129.0,232.0,2361,0.56,Gas,2015
Darling Downs Power Station,F,QLD,4337819.0,1767735.0,1581.0,1769316,0.41,Gas,2015
Drapac,F,VIC,642.0,393.0,38.0,431,0.61,Gas,2015
Eraring Power Station,F,NSW,14316479.0,12289095.0,14022.0,12303117,0.86,Black Coal,2015
Exhibition Street,F,VIC,3150.0,1710.0,186.0,1896,0.54,Gas,2015
Kent Street,F,NSW,3138.0,1571.0,250.0,1821,0.5,Gas,2015
La Trobe,F,VIC,858.0,521.0,83.0,604,0.61,Gas,2015
Ladbroke Grove Power Station,F,SA,184406.0,96421.0,516.0,96937,0.52,Gas,2015
Mirvac,F,NSW,4742.0,2584.0,220.0,2804,0.54,Gas,2015
Mortlake Power Station,F,VIC,1163477.0,617279.0,5853.0,623132,0.53,Gas,2015
Mount,F,NSW,1624.0,891.0,70.0,961,0.55,Gas,2015
Mt Stuart Power Station,F,QLD,30821.0,27037.0,4121.0,31158,0.88,Kerosene,2015
Quarantine Power Station,F,SA,215247.0,157160.0,2065.0,159225,0.73,Gas,2015
Roma Power Station,F,QLD,207274.0,134645.0,681.0,135326,0.65,Gas,2015
Shoalhaven Scheme,F,NSW,76789.0,2.0,73496.0,73498,0.0,Hydro,2015
Stockland Headquarters,F,NSW,1291.0,745.0,56.0,801,0.58,Gas,2015
University of NSW,F,NSW,2428.0,1294.0,104.0,1398,0.53,Gas,2015
Uranquinty Power Station,F,NSW,427162.0,221484.0,5449.0,226933,0.52,Gas,2015
Millmerran Power Station (facility),F,QLD,6629264.0,5384007.0,4129.0,5388136,0.81,Black Coal,2015
Pelican Point Power Station,F,SA,1030116.0,411975.0,6659.0,418634,0.4,Gas,2015
Katherine Region,FA,NT,17518.0,12363.0,0.0,12363,0.08,Multiple sources,2015
Northern (Darwin) Region,FA,NT,62243.0,43878.0,0.0,43878,0.7,Multiple sources,2015
Remote Centres Generation,FA,NT,14219.0,10283.0,0.0,10283,0.72,Multiple sources,2015
Southern Region,FA,NT,28022.0,19683.0,0.0,19683,0.7,Multiple sources,2015
Channel Island Power Station,F,NT,978047.0,607777.0,0.0,607777,0.62,Gas,2015
Katherine Power Station,F,NT,15546.0,12589.0,0.0,12589,0.81,Gas,2015
Kings Canyon,F,NT,1723.0,1141.0,0.0,1141,0.66,Solar,2015
Owen Springs Power Station,F,NT,79603.0,40674.0,0.0,40674,0.51,Gas,2015
Ron Goodin Power Station,F,NT,93048.0,62680.0,0.0,62680,0.67,Gas,2015
Tennant Creek Power Station,F,NT,30329.0,23220.0,0.0,23220,0.77,Gas,2015
Weddell Power Station,F,NT,437931.0,270679.0,0.0,270679,0.62,Gas,2015
Yulara Power Station,F,NT,24086.0,15800.0,0.0,15800,0.66,Gas/Diesel,2015
Visy Energy - Coolaroo Co-gen,F,VIC,15886.0,20066.0,11653.0,31719,1.26,Biofuel,2015
Kemerton Power Station,F,WA,83966.0,54862.0,2534.0,57396,0.65,Gas/Diesel,2015
Starfish Hill Wind Farm,F,SA,90823.0,45.0,59.0,104,0.0,Wind,2015
Toora Wind Farm,F,VIC,51667.0,20.0,269.0,289,0.0,Wind,2015
Townsville Power Station,F,QLD,80772.0,39843.0,2758.0,42601,0.49,Gas,2015
Windy Hill Wind Farm,F,QLD,31243.0,18.0,15.0,33,0.0,Wind,2015
Carnarvon Power Station,F,WA,46080.0,26831.0,0.0,26831,0.58,Gas,2015
Horizon Power Aggregated Minor Power Stations,FA,WA,11731.0,7794.0,0.0,7794,0.66,Diesel,2015
South Hedland Temporary Generation Power Station,F,WA,59958.0,43013.0,0.0,43013,0.72,Gas,2015
Paraburdoo Power Station,F,WA,569918.0,322110.0,0.0,322110,0.57,Gas,2015
West Angelas Power Station,F,WA,624.0,4670.0,0.0,4670,7.48,Gas,2015
Yurralyi Maya Power Station,F,WA,977227.0,527491.0,0.0,527491,0.54,Gas,2015
Royalla Solar Farm,F,ACT,13743.0,0.0,85.0,85,0.0,Solar,2015
Wilga Park Power Station,F,NSW,54018.0,30404.0,175.0,30579,0.56,Coal Seam Methane,2015
Wonthaggi Wind Farm,F,VIC,28369.0,5.0,0.0,5,0.0,Wind,2015
Musselroe Wind Farm Pty Ltd,F,TAS,527884.0,151.0,2881.0,3032,0.0,Wind,2015
Woolnorth Bluff point Wind Farm Pty Ltd,F,TAS,242435.0,76.0,4756.0,4832,0.0,Wind,2015
Woolnorth Studland Bay Wind Farm Pty Ltd,F,TAS,280075.0,83.0,5486.0,5569,0.0,Wind,2015
SNOWTOWN SOUTH WIND FARM,F,SA,427379.0,47.0,148.0,195,0.0,Wind,2015
Snowtown Wind Farm,F,SA,341577.0,0.0,202.0,202,0.0,Wind,2015
SNOWTOWN WIND FARM STAGE 2,F,SA,414830.0,54.0,203.0,257,0.0,Wind,2015
Angaston Power Station,F,SA,1653.0,895.0,569.0,1464,0.54,Liquid Fuel,2015
Colongra Power Station,F,NSW,1952.0,4646.0,2716.0,7362,2.38,Gas,2015
HEZ Power Station,F,NSW,233.0,149.0,519.0,668,0.64,Diesel,2015
Laverton North Power Station,F,VIC,1144.0,1854.0,3292.0,5146,1.62,Gas,2015
Lonsdale/Port Stanvac Power Station,F,SA,3753.0,2083.0,307.0,2390,0.56,Diesel,2015
Snowy Hydro Ltd,F,NSW,2589633.0,1312.0,113899.0,115211,0.0,Hydro,2015
Valley Power,F,VIC,5199.0,4314.0,2946.0,7260,0.83,Gas,2015
Barron Gorge Power Station,F,QLD,173727.0,206.0,638.0,844,0.0,Hydro,2015
Kareeya Power Station,F,QLD,448393.0,35.0,1213.0,1248,0.0,Hydro,2015
Mackay Gas Turbine,F,QLD,291.0,332.0,3.0,335,1.14,Diesel,2015
Mica Creek Power Station,F,QLD,643402.0,307351.0,0.0,307351,0.48,Gas,2015
Stanwell Power Station,F,QLD,8754479.0,7396349.0,6645.0,7402994,0.84,Black Coal,2015
Swanbank E Power Station,F,QLD,952886.0,341746.0,2663.0,344409,0.36,Gas,2015
Tarong Power Stations,F,QLD,7617354.0,6690964.0,38225.0,6729189,0.88,Black Coal,2015
Dry Creek Power Station,F,SA,4886.0,6105.0,525.0,6630,1.25,Gas,2015
Mintaro Power Station,F,SA,7134.0,5795.0,144.0,5939,0.81,Gas,2015
Port Lincoln Power Station,F,SA,385.0,551.0,381.0,932,1.43,Diesel,2015
Snuggery Power Station,F,SA,375.0,510.0,583.0,1093,1.36,Diesel,2015
Kalgoorlie Power Station,F,WA,161661.0,103462.0,0.0,103462,0.64,Gas,2015
Kambalda Power Station,F,WA,181020.0,114377.0,0.0,114377,0.63,Gas,2015
Leinster Power Station,F,WA,280851.0,154478.0,0.0,154478,0.55,Gas/Diesel,2015
Mt Keith Power Station,F,WA,307241.0,179213.0,0.0,179213,0.58,Gas,2015
Solomon Power Station,F,WA,240185.0,218293.0,0.0,218293,0.91,Gas/Diesel,2015
Cocos Keeling Islands Generation,FA,WA,5642.0,3886.0,0.0,3886,0.69,Liquid Fuel,2015
Exmouth Power Station,F,WA,22736.0,15883.0,0.0,15883,0.7,Gas,2015
Gunning Wind Farm,F,NSW,165343.0,22.0,283.0,305,0.0,Wind,2016
Waubra Wind Farm,F,VIC,653372.0,93.0,950.0,1043,0.0,Wind,2016
Banimboola Hydro,F,VIC,47238.0,0.0,5.0,5,0.0,Hydro,2016
Bayswater Power Station,F,NSW,17914930.0,15912788.0,6252.0,15919040,0.89,Black Coal,2016
Bogong Power Station,F,VIC,73149.0,83.0,873.0,956,0.0,Hydro,2016
Broken Hill Solar Plant,F,NSW,92105.0,3.0,254.0,257,0.0,Solar,2016
Burrendong Hydro,F,NSW,6788.0,1.0,48.0,49,0.0,Hydro,2016
Clover Hydro,F,VIC,45704.0,3.0,207.0,210,0.0,Hydro,2016
Coopers Cogeneration,F,SA,25392.0,18881.0,77.0,18958,0.74,Gas,2016
Copeton Hydro,F,NSW,12689.0,1.0,58.0,59,0.0,Hydro,2016
Dartmouth Hydro,F,VIC,508084.0,0.0,183.0,183,0.0,Hydro,2016
Eildon Hydro,F,VIC,153184.0,27.0,998.0,1025,0.0,Hydro,2016
Glenbawn Hydro,F,NSW,9076.0,0.0,7.0,7,0.0,Hydro,2016
Glenorchy Landfill Generation,F,TAS,11052.0,638.0,2.0,640,0.06,Landfill Gas,2016
Hallett (Stage 1) Wind Farm,F,SA,322418.0,81.0,196.0,277,0.0,Wind,2016
Hallett (Stage 2) Wind Farm,F,SA,249159.0,69.0,155.0,224,0.0,Wind,2016
Hallett (Stage 4) Wind Farm,F,SA,457255.0,104.0,415.0,519,0.0,Wind,2016
Hallett (Stage 5) Wind Farm,F,SA,150012.0,81.0,194.0,275,0.0,Wind,2016
Hobart Landfill Generation,F,TAS,3912.0,383.0,0.0,383,0.1,Landfill Gas,2016
Hunter Valley Gas Turbines,F,NSW,1133.0,1332.0,1037.0,2369,1.18,Gas,2016
Kincumber Landfill Generation,F,NSW,3819.0,221.0,2.0,223,0.06,Landfill Gas,2016
Liddell Power Station,F,NSW,7955426.0,7585578.0,62013.0,7647591,0.95,Black Coal,2016
Loy Yang Power Station and Mine,F,VIC,15715547.0,18141716.0,259700.0,18401416,1.15,Brown Coal,2016
Macarthur Wind Farm,F,VIC,1006701.0,348.0,2612.0,2960,0.0,Wind,2016
McKay Creek Hydro,F,VIC,87755.0,0.0,5308.0,5308,0.0,Hydro,2016
Moranbah Power Station,F,QLD,36304.0,20231.0,2448.0,22679,0.56,Coal Seam Methane,2016
Nyngan Solar Plant,F,NSW,229541.0,159.0,777.0,936,0.0,Solar,2016
Oaklands Hill Wind Farm,F,VIC,167865.0,68.0,710.0,778,0.0,Wind,2016
Pindari Hydro,F,NSW,1153.0,0.0,24.0,24,0.0,Hydro,2016
Rockingham Landfill Generation,F,WA,21095.0,1255.0,3.0,1258,0.06,Landfill Gas,2016
Rubicon Hydro Scheme,F,VIC,46045.0,0.0,53.0,53,0.0,Hydro,2016
Shoalhaven Landfill Generation,F,NSW,4570.0,259.0,12.0,271,0.06,Landfill Gas,2016
Somerton Power Station,F,VIC,11647.0,10149.0,1952.0,12101,0.87,Gas,2016
Torrens Island Power Station,F,SA,2628486.0,1514334.0,13412.0,1527746,0.58,Gas/Diesel,2016
Wattle Point Wind Farm,F,SA,267506.0,45.0,195.0,240,0.0,Wind,2016
Werribee Biogas Generator,F,VIC,49225.0,2468.0,1286.0,3754,0.05,Biogas,2016
West Kiewa Hydro,F,VIC,129377.0,0.0,1418.0,1418,0.0,Hydro,2016
Wilpena Pound Solar Generation,F,SA,956.0,617.0,0.0,617,0.65,Solar,2016
Woy Woy Landfill Generation,F,NSW,8284.0,451.0,3.0,454,0.05,Landfill Gas,2016
Yarrawonga Hydro,F,VIC,46035.0,0.0,43.0,43,0.0,Hydro,2016
Alinta Wagerup Generation Facility,F,WA,223860.0,142586.0,5673.0,148259,0.64,Gas/Diesel,2016
Anglesea Power Station,F,VIC,167880.0,184958.0,17597.0,202555,1.1,Brown Coal,2016
Augusta Power Stations,F,SA,2601170.0,2630792.0,8952.0,2639744,1.01,Brown Coal,2016
Bairnsdale Power Station,F,VIC,197541.0,107099.0,910.0,108009,0.54,Gas,2016
Braemar Power Station,F,QLD,1264100.0,715070.0,1522.0,716592,0.57,Coal Seam Methane,2016
Newman Power Station,F,WA,121989.0,118285.0,0.0,118285,0.97,Gas,2016
Port Hedland Power Station,F,WA,494179.0,386071.0,0.0,386071,0.78,Gas,2016
Emu Downs Wind Farm,F,WA,226474.0,90.0,454.0,544,0.0,Wind,2016
Braemar 2 Power Station,F,QLD,1161202.0,695330.0,2911.0,698241,0.6,Coal Seam Methane,2016
Karratha Power Station,F,WA,452052.0,239663.0,0.0,239663,0.53,Gas,2016
Osborne facility,F,SA,1184043.0,492160.0,784.0,492944,0.42,Gas,2016
Smithfield Power Partnership,F,NSW,970995.0,458892.0,0.0,458892,0.47,Gas,2016
Condamine Power Station,F,QLD,723578.0,312379.0,1658.0,314037,0.43,Gas,2016
Yarnima Power Station,F,WA,677925.0,337537.0,0.0,337537,0.5,Gas,2016
Bluewaters Power 1,F,WA,1572317.0,1391851.0,3653.0,1395504,0.89,Black Coal,2016
Bluewaters Power 2,F,WA,1641314.0,1413709.0,1559.0,1415268,0.86,Black Coal,2016
BIEP - CoGen,F,QLD,2579.0,7127.0,462.0,7589,2.76,Gas,2016
GX Energy Pty Ltd,F,NSW,23559.0,13306.0,2029.0,15335,0.56,Gas,2016
Callide B Power Station,F,QLD,4296041.0,3993411.0,32780.0,4026191,0.93,Black Coal,2016
Callide C Power Station,F,QLD,6035539.0,5418400.0,21066.0,5439466,0.9,Black Coal,2016
Kogan Creek Power Station,F,QLD,4478063.0,3766071.0,4941.0,3771012,0.84,Black Coal,2016
Wivenhoe Power Station,F,QLD,86933.0,42.0,128685.0,128727,0.0,Hydro,2016
Canunda Wind Farm,F,SA,118449.0,15.0,117.0,132,0.0,Wind,2016
Broadwater Power Plant,F,NSW,202543.0,7840.0,962.0,8802,0.04,Bagasse,2016
Condong Power Plant,F,NSW,147980.0,3908.0,1599.0,5507,0.03,Bagasse,2016
Facility,F,VIC,20528.0,0.0,40.0,40,0.0,Wind,2016
Daandine Power Station,F,QLD,259286.0,132099.0,0.0,132099,0.51,Coal Seam Methane,2016
Cue Town Powerstation,F,WA,2409.0,1682.0,0.0,1682,0.7,Liquid Fuel,2016
FMG Cloud Break Mine Site Power Station,F,WA,173054.0,116101.0,0.0,116101,0.67,Diesel,2016
Meekatharra Town Powerstation,F,WA,7739.0,5320.0,0.0,5320,0.69,Liquid Fuel,2016
Mt Magnet Town Powerstation,F,WA,4085.0,3141.0,0.0,3141,0.77,Gas,2016
Norseman Gold Power Station,F,WA,15068.0,10711.0,0.0,10711,0.71,Diesel,2016
Sandstone Town Powerstation,F,WA,680.0,523.0,0.0,523,0.77,Liquid Fuel,2016
Wiluna Town Powerstation,F,WA,2506.0,1753.0,0.0,1753,0.7,Liquid Fuel,2016
Yalgoo Town Powerstation,F,WA,1088.0,790.0,0.0,790,0.73,Liquid Fuel,2016
Collgar Wind Farm,F,WA,670707.0,238.0,752.0,990,0.0,Wind,2016
Boco Rock Wind Farm Pty Ltd,F,NSW,334114.0,94.0,932.0,1026,0.0,Wind,2016
Taralga Wind Farm Pty Ltd,F,NSW,281005.0,59.0,273.0,332,0.0,Wind,2016
Brown Mountain Power Station,F,NSW,23484.0,11.0,2.0,13,0.0,Hydro,2016
Vales Point Power Station,F,NSW,3771595.0,3087615.0,43060.0,3130675,0.82,Black Coal,2016
Diamantina Power Station,F,QLD,1716883.0,681541.0,68.0,681609,0.4,Gas,2016
Royalla Solar Farm,F,ACT,38569.0,0.0,190.0,190,0.0,Solar,2016
Jeeralang Power Station,F,VIC,68881.0,52033.0,6752.0,58785,0.76,Gas,2016
Newport Power Station,F,VIC,332322.0,185976.0,21715.0,207691,0.56,Gas,2016
Albany Wind Farm,F,WA,95873.0,12.0,8.0,20,0.0,Wind,2016
Bremer Bay Wind Diesel Power Station,F,WA,1734.0,14.0,3.0,17,0.01,Wind/Diesel,2016
Cockburn Power Station,F,WA,638181.0,251963.0,0.0,251963,0.39,Gas,2016
Collie Power Station,F,WA,2272473.0,2051107.0,6776.0,2057883,0.9,Black Coal,2016
Coral Bay Wind Diesel Power Station,F,WA,3361.0,1541.0,0.0,1541,0.46,Wind/Diesel,2016
Denham Wind Farm,F,WA,1856.0,0.0,0.0,0,0.0,Wind,2016
Esperance Wind Farm,F,WA,14316.0,0.0,7.0,7,0.0,Wind,2016
Hopetoun Wind Diesel Power Station,F,WA,5127.0,2366.0,0.0,2366,0.46,Wind/Diesel,2016
Kalbarri Wind Farm,F,WA,3841.0,0.0,6.0,6,0.0,Wind,2016
Kalgoorlie Gas Turbine Station,F,WA,1767.0,2151.0,0.0,2151,1.22,Gas,2016
Kwinana Power Station,F,WA,686104.0,367213.0,964.0,368177,0.54,Gas,2016
Muja Power Station,F,WA,4424699.0,4270462.0,2788.0,4273250,0.97,Black Coal,2016
Mungarra Gas Turbine Station,F,WA,18198.0,14545.0,0.0,14545,0.8,Gas,2016
Pinjar Gas Turbine Station,F,WA,610453.0,496932.0,0.0,496932,0.81,Gas,2016
South West Cogeneration Joint Venture,F,WA,736693.0,462828.0,32.0,462860,0.63,Gas,2016
Ravensthorpe Power Station,F,WA,108.0,76.0,0.0,76,0.71,Liquid Fuel,2016
Energy Impact - Bromelton Peak Generation Plant,F,QLD,1180.0,851.0,422.0,1273,0.72,Liquid Fuel,2016
Energy Impact - Generation,F,QLD,1014.0,715.0,0.0,715,0.71,Liquid Fuel,2016
Appin CSM Power Station,F,NSW,158933.0,123944.0,54.0,123998,0.78,Coal Seam Methane,2016
Ardyaloon Remote Power Station,F,WA,2009.0,1472.0,0.0,1472,0.73,Liquid Fuel,2016
Beagle Bay Remote Power Station,F,WA,1871.0,1356.0,0.0,1356,0.72,Liquid Fuel,2016
Belrose LFG Power Station,F,NSW,6183.0,410.0,0.0,410,0.06,Landfill Gas,2016
Berwick LFG Power Station,F,VIC,18169.0,1161.0,596.0,1757,0.06,Landfill Gas,2016
Bidyadanga Remote Power Staiton,F,WA,3229.0,2306.0,0.0,2306,0.71,Liquid Fuel,2016
Broadmeadows LFG Power Station,F,VIC,17503.0,1117.0,124.0,1241,0.06,Landfill Gas,2016
Brooklyn LFG Power Station,F,VIC,14433.0,896.0,3.0,899,0.06,Landfill Gas,2016
Broome LNG Power Station,F,WA,145064.0,81444.0,0.0,81444,0.56,Gas/Diesel,2016
Browns Plains LFG Power Station,F,QLD,12757.0,810.0,3.0,813,0.06,Landfill Gas,2016
Century Power Station,F,QLD,1698.0,1195.0,0.0,1195,0.7,Diesel,2016
Clayton LFG Power Station,F,VIC,75366.0,4215.0,266.0,4481,0.06,Landfill Gas,2016
Coober Pedy Remote Power Station,F,SA,12445.0,8455.0,0.0,8455,0.68,Diesel,2016
Corio LFG Power Station,F,VIC,6558.0,420.0,28.0,448,0.07,Landfill Gas,2016
Derby LNG Power Station,F,WA,37454.0,21851.0,0.0,21851,0.58,Gas/Diesel,2016
Djarandjin Remote Power Station,F,WA,1908.0,1394.0,0.0,1394,0.73,Liquid Fuel,2016
Eastern Creek LFG Power Station,F,NSW,12093.0,700.0,3.0,703,0.06,Landfill Gas,2016
Fitzroy Crossing LNG Power Station,F,WA,14802.0,9575.0,0.0,9575,0.65,Gas/Diesel,2016
Gascoyne Junction Remote Power Station,F,WA,782.0,627.0,0.0,627,0.8,Liquid Fuel,2016
German Creek CMM Power Station,F,QLD,323059.0,173850.0,0.0,173850,0.54,Waste Coal Mine Gas,2016
Glennies Creek Power Station,F,NSW,93783.0,50061.0,1.0,50062,0.53,Waste Coal Mine Gas,2016
Grange Avenue LFG Power Station,F,NSW,6948.0,409.0,3.0,412,0.06,Landfill Gas,2016
Halls Creek LNG Power Station,F,WA,11968.0,7306.0,0.0,7306,0.61,Gas/Diesel,2016
Highbury LFG Power Station,F,SA,1203.0,80.0,16.0,96,0.08,Landfill Gas,2016
Jacks Gully LFG Power Station,F,NSW,14524.0,900.0,2.0,902,0.06,Landfill Gas,2016
Kalamunda Power Station,F,WA,2.0,5.0,0.0,5,3.0,Diesel,2016
Karumba Power Station,F,QLD,8063.0,5750.0,6.0,5756,0.71,Diesel,2016
Laverton Remote Power Station,F,WA,3566.0,2572.0,0.0,2572,0.72,Liquid Fuel,2016
Leonora Remote Power Station,F,WA,8510.0,6108.0,0.0,6108,0.72,Gas,2016
Looma Power Station,F,WA,2908.0,2350.0,0.0,2350,0.81,Gas/Diesel,2016
Lucas Heights 1 LFG Power Station,F,NSW,14752.0,945.0,5.0,950,0.06,Landfill Gas,2016
Lucas Heights 2 LFG Power Station,F,NSW,102316.0,6465.0,3.0,6468,0.06,Landfill Gas,2016
McArthur River Power Station,F,NT,260915.0,127212.0,0.0,127212,0.49,Gas,2016
Menzies Remote Power Station,F,WA,680.0,531.0,0.0,531,0.78,Liquid Fuel,2016
Moranbah North CMM Power Station,F,QLD,466239.0,255855.0,0.0,255855,0.55,Waste Coal Mine Gas,2016
Mugga Lane LFG Power Station,F,ACT,22463.0,1431.0,1.0,1432,0.06,Landfill Gas,2016
Oaky Creek Power Station,F,QLD,129620.0,65499.0,36.0,65535,0.51,Coal Seam Methane,2016
Pedler Creek LFG Power Station,F,SA,16009.0,1013.0,1.0,1014,0.06,Landfill Gas,2016
Pine Creek A Power Station,F,NT,191081.0,94297.0,0.0,94297,0.49,Gas,2016
Red Hill Power Station,F,WA,2780.0,160.0,0.0,160,0.06,Landfill Gas,2016
Roghan Road LFG Power Station,F,QLD,997.0,65.0,46.0,111,0.07,Landfill Gas,2016
Springvale LFG Power Station,F,VIC,14786.0,947.0,6.0,953,0.06,Landfill Gas,2016
Tahmoor Power Station,F,NSW,38916.0,20213.0,10.0,20223,0.52,Waste Coal Mine Gas,2016
Tamala Park Power Station,F,WA,4160.0,237.0,0.0,237,0.06,Landfill Gas,2016
Tea Tree Gully LFG Power Station,F,SA,1157.0,77.0,18.0,95,0.08,Landfill Gas,2016
Tower CSM Power Station,F,NSW,235030.0,162222.0,16.0,162238,0.69,Coal Seam Methane,2016
Warmun Remote Power Station,F,WA,2963.0,2208.0,0.0,2208,0.75,Liquid Fuel,2016
West Belconnen LFG Power Station,F,ACT,2224.0,154.0,12.0,166,0.07,Landfill Gas,2016
Wingfield 1 LFG Power Station,F,SA,14736.0,933.0,1.0,934,0.06,Landfill Gas,2016
Wingfield 2 LFG Power Station,F,SA,16447.0,1041.0,1.0,1042,0.06,Landfill Gas,2016
Brewer Power Station,F,NT,30475.0,20492.0,15.0,20507,0.67,Gas,2016
Cathedral Rocks Wind Farm,F,SA,171230.0,47.0,129.0,176,0.0,Wind,2016
Hallett Power Station,F,SA,33329.0,34161.0,2265.0,36426,1.02,Gas/Diesel,2016
Mt Piper Power Station,F,NSW,7259196.0,6322955.0,26169.0,6349124,0.87,Black Coal,2016
Tallawarra Power Station,F,NSW,1866041.0,689582.0,2881.0,692463,0.37,Gas,2016
Waterloo Wind Farm,F,SA,306664.0,72.0,210.0,282,0.0,Wind,2016
Yallourn Power Station,F,VIC,11588110.0,15306758.0,178085.0,15484843,1.32,Brown Coal,2016
Newgen Neerabup Power Station,F,WA,112796.0,69332.0,3018.0,72350,0.61,Gas,2016
Oakey Power Station,F,QLD,520279.0,331427.0,2012.0,333439,0.64,Gas,2016
Esperance Power Station,F,WA,76814.0,58694.0,0.0,58694,0.76,Gas/Diesel,2016
Essential Energy Generation Facilities,F,NSW,914.0,1239.0,406.0,1645,1.36,Multiple sources,2016
Exmouth Power Station Pty Ltd,F,WA,23811.0,17304.0,0.0,17304,0.73,Gas,2016
FPC Green Energy,F,QLD,79090.0,3854.0,1960.0,5814,0.05,Biofuel,2016
Parkeston Power Station,F,WA,244380.0,130402.0,0.0,130402,0.53,Gas/Diesel,2016
Blayney Wind Farm,F,NSW,18891.0,0.0,44.0,44,0.0,Wind,2016
Burrinjuck Power Station,F,NSW,83072.0,0.0,66.0,66,0.0,Hydro,2016
Crookwell Wind Farm,F,NSW,8730.0,0.0,31.0,31,0.0,Wind,2016
Hume Power Station,F,NSW,181657.0,0.0,164.0,164,0.0,Hydro,2016
Keepit Power Station,F,NSW,1224.0,0.0,0.0,0,0.0,Hydro,2016
Wyangala A,F,NSW,40113.0,0.0,0.0,0,0.0,Hydro,2016
Bastyan Hydro Power Station,F,TAS,271212.0,0.0,94.0,94,0.0,Hydro,2016
Bell Bay Thermal Power Station,F,TAS,151.0,760.0,41.0,801,5.04,Gas,2016
Butlers Gorge Hydro Power Station,F,TAS,47057.0,0.0,0.0,0,0.0,Hydro,2016
Catagunya Hydro Power Station,F,TAS,223616.0,15015.0,17.0,15032,0.07,Hydro,2016
Cethana Hydro Power Station,F,TAS,169826.0,0.0,103.0,103,0.0,Hydro,2016
Cluny Hydro Power Station,F,TAS,75039.0,0.0,9.0,9,0.0,Hydro,2016
Devils Gate Hydro Power Station,F,TAS,226211.0,0.0,15.0,15,0.0,Hydro,2016
Fisher Hydro Power Station,F,TAS,165174.0,0.0,0.0,0,0.0,Hydro,2016
Flinders Island Power Station,F,TAS,3673.0,2498.0,2.0,2500,0.68,Wind/Diesel,2016
George Town (Temp Diesel),F,TAS,8776.0,6160.0,3.0,6163,0.7,Diesel,2016
Gordon Hydro Power Station,F,TAS,1389869.0,0.0,152.0,152,0.0,Hydro,2016
John Butters Hydro Power Station,F,TAS,373472.0,0.0,203.0,203,0.0,Hydro,2016
King Island Power Station,F,TAS,12973.0,4466.0,3.0,4469,0.34,Wind/Diesel,2016
Lake Echo Hydro Power Station,F,TAS,105056.0,0.0,11.0,11,0.0,Hydro,2016
Lake Margaret Lower Hydro Power station,F,TAS,15410.0,0.0,1.0,1,0.0,Hydro,2016
Lake Margaret Upper Hydro Power Station,F,TAS,42231.0,0.0,3.0,3,0.0,Hydro,2016
Lemonthyme Hydro Power Station,F,TAS,225099.0,0.0,36.0,36,0.0,Hydro,2016
Liapootah Hydro Power Station,F,TAS,380970.0,0.0,287.0,287,0.0,Hydro,2016
Mackintosh Hydro Power Station,F,TAS,269561.0,0.0,280.0,280,0.0,Hydro,2016
Meadowbank Hydro Power Station,F,TAS,102968.0,9979.0,30.0,10009,0.1,Hydro,2016
Paloona Hydro Power Station,F,TAS,100006.0,0.0,12.0,12,0.0,Hydro,2016
Parangana Hydro Power Station,F,TAS,2199.0,0.0,0.0,0,0.0,Hydro,2016
Poatina Hydro Power Station,F,TAS,1256454.0,0.0,782.0,782,0.0,Hydro,2016
Port Latta (Temp Diesel),F,TAS,5343.0,3884.0,3.0,3887,0.73,Diesel,2016
Que River (Temp Diesel),F,TAS,6534.0,5065.0,5.0,5070,0.78,Diesel,2016
Reece Hydro Power Station,F,TAS,760204.0,0.0,1593.0,1593,0.0,Hydro,2016
Repulse Hydro Power Station,F,TAS,126532.0,0.0,6.0,6,0.0,Hydro,2016
Rowallan Hydro Power Station,F,TAS,29171.0,0.0,0.0,0,0.0,Hydro,2016
Tamar Valley Power Station,F,TAS,780864.0,357888.0,965.0,358853,0.46,Gas,2016
Tarraleah Hydro Power Station,F,TAS,448327.0,0.0,61.0,61,0.0,Hydro,2016
Tods Corner Hydro Power Station,F,TAS,2524.0,0.0,3.0,3,0.0,Hydro,2016
Trevallyn Hydro Power Station,F,TAS,381276.0,0.0,44.0,44,0.0,Hydro,2016
Tribute Hydro Power Station,F,TAS,182498.0,0.0,39.0,39,0.0,Hydro,2016
Tungatinah Hydro Power Station,F,TAS,508841.0,0.0,94.0,94,0.0,Hydro,2016
Wayatinah Hydro Power Station,F,TAS,222010.0,0.0,4.0,4,0.0,Hydro,2016
Wilmot Hydro Power Station,F,TAS,103095.0,0.0,28.0,28,0.0,Hydro,2016
Challicum Hills Wind Farm,F,VIC,136620.0,27.0,196.0,223,0.0,Wind,2016
Clements Gap Wind Farm,F,SA,175468.0,13.0,181.0,194,0.0,Wind,2016
Codrington Wind Farm,F,VIC,41116.0,11.0,55.0,66,0.0,Wind,2016
Eildon Pondage Hydro,F,VIC,12632.0,0.0,0.0,0,0.0,Hydro,2016
Glenmaggie Hydro,F,VIC,5010.0,0.0,0.0,0,0.0,Hydro,2016
Ord Hydro,F,WA,216722.0,18.0,0.0,18,0.0,Hydro,2016
Portland Wind Farms,F,VIC,460398.0,5.0,0.0,5,0.0,Wind,2016
The Drop Hydro,F,NSW,3940.0,0.0,0.0,0,0.0,Hydro,2016
William Hovell Hydro,F,VIC,2764.0,0.0,30.0,30,0.0,Hydro,2016
Yambuk Wind Farm,F,VIC,85812.0,24.0,196.0,220,0.0,Wind,2016
Alinta Wind Farm,F,WA,306561.0,43.0,752.0,795,0.0,Wind,2016
Capital East Solar Farm,F,NSW,41.0,0.0,4.0,4,0.0,Solar,2016
Capital Wind Farm,F,NSW,370514.0,103.0,788.0,891,0.0,Wind,2016
"Lake Bonney Stage 1,2 & 3 Wind Farm",F,SA,665041.0,63.0,803.0,866,0.0,Wind,2016
Woodlawn Wind Farm,F,NSW,151533.0,22.0,335.0,357,0.0,Wind,2016
Kwinana Cogeneration Plant,F,WA,878080.0,472509.0,38.0,472547,0.54,Gas,2016
Loy Yang B Power Station,F,VIC,8451503.0,9647046.0,3059.0,9650105,1.14,Brown Coal,2016
Albury Renewable Energy Facility,F,NSW,7646.0,425.0,0.0,425,0.06,Landfill Gas,2016
Atlas Renewable Energy Facility,F,WA,4025.0,228.0,0.0,228,0.06,Landfill Gas,2016
Awaba Renewable Energy Facility,F,NSW,8830.0,497.0,0.0,497,0.06,Landfill Gas,2016
Ballarat Renewable Energy Facility,F,VIC,6831.0,392.0,0.0,392,0.06,Landfill Gas,2016
Bendigo Renewable Energy Facility,F,VIC,4209.0,236.0,0.0,236,0.06,Solar,2016
Birkdale Renewable Energy Facility,F,QLD,6665.0,364.0,0.0,364,0.05,Landfill Gas,2016
Darwin Renewable Energy Facility,F,NT,7688.0,445.0,0.0,445,0.06,Landfill Gas,2016
Eastern Creek 2 Renewable Energy Facility,F,NSW,62984.0,3247.0,0.0,3247,0.05,Landfill Gas,2016
Hampton Park Renewable Energy Facility,F,VIC,58744.0,3081.0,0.0,3081,0.05,Landfill Gas,2016
Ipswich Renewable Energy Facility,F,QLD,7602.0,445.0,0.0,445,0.06,Landfill Gas,2016
Mornington Peninsula Renewable Energy Facility,F,VIC,6323.0,356.0,0.0,356,0.06,Landfill Gas,2016
Newcastle Renewable Energy Facility,F,NSW,17947.0,973.0,0.0,973,0.05,Landfill Gas,2016
Remount Renewable Energy Facility,F,TAS,12288.0,705.0,0.0,705,0.06,Landfill Gas,2016
Rochedale Renewable Energy Facility,F,QLD,34436.0,1768.0,0.0,1768,0.05,Landfill Gas,2016
Shepparton Renewable Energy Facility,F,VIC,4357.0,242.0,0.0,242,0.06,Landfill Gas,2016
South Cardup Renewable Energy Facility,F,WA,27983.0,1566.0,0.0,1566,0.06,Landfill Gas,2016
Stapylton Renewable Energy Facility,F,QLD,14195.0,841.0,0.0,841,0.06,Landfill Gas,2016
Suntown Renewable Energy Facility,F,QLD,28.0,2.0,0.0,2,0.07,Landfill Gas,2016
Swanbank Renewable Energy Facility,F,QLD,11203.0,627.0,0.0,627,0.06,Landfill Gas,2016
Tweed Shire Renewable Energy Facility,F,NSW,588.0,37.0,0.0,37,0.06,Landfill Gas,2016
Wollert Renewable Energy Facility,F,VIC,54786.0,3053.0,0.0,3053,0.06,Landfill Gas,2016
Wyndham Renewable Energy Facility,F,VIC,15307.0,763.0,0.0,763,0.05,Landfill Gas,2016
Wyong Renewable Energy Facility,F,NSW,18311.0,1004.0,0.0,1004,0.05,Landfill Gas,2016
Mt Mercer Wind farm Pty Ltd,F,VIC,353238.0,120.0,1.0,121,0.0,Wind,2016
Mt Millar Wind Farm Pty Ltd,F,SA,182921.0,0.0,0.0,0,0.0,Wind,2016
Bald Hills Wind Farm,F,VIC,323715.0,45.0,844.0,889,0.0,Wind,2016
Alfred Hospital Cogeneration Plant,F,VIC,14398.0,13568.0,552.0,14120,0.94,Gas,2016
Dandenong Hospital Cogeneration Plant,F,VIC,12178.0,10990.0,395.0,11385,0.9,Gas,2016
Geelong Hospital Cogeneration Plant,F,VIC,14563.0,12725.0,536.0,13261,0.87,Gas,2016
Royal Melbourne Hospital Cogeneration Plant,F,VIC,31838.0,26542.0,94.0,26636,0.83,Gas,2016
ST. Vincent's Hospital Cogeneration Plant,F,VIC,13058.0,14072.0,544.0,14616,1.08,Gas,2016
Mortons Lane Windfarm Pty Ltd,F,VIC,61167.0,0.0,41.0,41,0.0,Wind,2016
Mumbida Wind Farm,F,WA,151953.0,2.0,328.0,330,0.0,Wind,2016
Hazelwood Power Station,F,VIC,10325778.0,14442736.0,186505.0,14629241,1.4,Brown Coal,2016
New Gullen Range Wind Farm Pty Ltd,F,NSW,466476.0,0.0,437.0,437,0.0,Wind,2016
Kwinana Gas Fired Power Station,F,WA,1932036.0,766556.0,4059.0,770615,0.4,Gas,2016
Gladstone Power Station,F,QLD,6900339.0,6583245.0,52076.0,6635321,0.95,Black Coal,2016
Onslow Power Station,F,WA,14885.0,9371.0,0.0,9371,0.63,Gas,2016
Australand,F,NSW,1150.0,685.0,48.0,733,0.6,Gas,2016
Ballarat Solar Park,F,VIC,389.0,0.0,2.0,2,0.0,Solar,2016
Bendigo Solar Park,F,VIC,509.0,0.0,4.0,4,0.0,Solar,2016
Blackmores,F,NSW,1336.0,970.0,56.0,1026,0.73,Gas,2016
Bond,F,NSW,1121.0,620.0,47.0,667,0.55,Gas,2016
Chifley Square,F,NSW,835.0,580.0,35.0,615,0.69,Gas,2016
Cullerin Wind Farm,F,NSW,102178.0,8.0,90.0,98,0.0,Wind,2016
Dandenong,F,VIC,2422.0,1524.0,256.0,1780,0.63,Gas,2016
Darling Downs Power Station,F,QLD,3674545.0,1561214.0,5208.0,1566422,0.42,Gas,2016
Drapac,F,VIC,743.0,462.0,42.0,504,0.62,Gas,2016
Eraring Power Station,F,NSW,14631565.0,12913436.0,35003.0,12948439,0.88,Black Coal,2016
Exhibition Street,F,VIC,2710.0,1493.0,153.0,1646,0.55,Gas,2016
Kent Street,F,NSW,3443.0,1751.0,145.0,1896,0.51,Gas,2016
La Trobe,F,VIC,800.0,453.0,45.0,498,0.57,Gas,2016
Ladbroke Grove Power Station,F,SA,204391.0,106412.0,465.0,106877,0.52,Gas,2016
Mirvac,F,NSW,5216.0,2797.0,219.0,3016,0.54,Gas,2016
Mortlake Power Station,F,VIC,487084.0,262086.0,6548.0,268634,0.54,Gas,2016
Mount,F,NSW,1884.0,1051.0,79.0,1130,0.56,Gas,2016
Mt Stuart Power Station,F,QLD,54934.0,54200.0,4025.0,58225,0.99,Kerosene,2016
Quarantine Power Station,F,SA,135157.0,86853.0,1758.0,88611,0.64,Gas,2016
Roma Power Station,F,QLD,109244.0,71762.0,650.0,72412,0.66,Gas,2016
Shoalhaven Scheme,F,NSW,157888.0,2.0,168699.0,168701,0.0,Hydro,2016
Stockland Headquarters,F,NSW,1431.0,824.0,60.0,884,0.58,Gas,2016
University of NSW,F,NSW,2489.0,1221.0,105.0,1326,0.49,Gas,2016
Uranquinty Power Station,F,NSW,783011.0,474499.0,5261.0,479760,0.61,Gas,2016
Millmerran Power Station (facility),F,QLD,6653693.0,5461349.0,3927.0,5465276,0.82,Black Coal,2016
Pelican Point Power Station,F,SA,304402.0,123223.0,2713.0,125936,0.4,Gas,2016
Kwinana Swift Power Station,F,WA,13876.0,8444.0,687.0,9131,0.61,Gas,2016
Alpurrurulam (Lake Nash),F,NT,1973.0,1240.0,0.0,1240,0.63,Diesel,2016
Amanbidgi (Kildurk),F,NT,288.0,263.0,0.0,263,0.91,Diesel,2016
"Ampilatwatja (Alparra, Ammaroo)",F,NT,3337.0,2390.0,0.0,2390,0.72,Diesel,2016
Amunturangu,F,NT,743.0,581.0,0.0,581,0.78,Diesel,2016
Aputula (Finke),F,NT,1029.0,735.0,0.0,735,0.71,Diesel,2016
Areyonga (Utju),F,NT,1091.0,791.0,0.0,791,0.72,Diesel,2016
Atitjere (Harts Range),F,NT,949.0,708.0,0.0,708,0.75,Diesel,2016
Borroloola Generation,F,NT,6484.0,4453.0,0.0,4453,0.69,Diesel,2016
Bulla Camp,F,NT,412.0,375.0,0.0,375,0.91,Diesel,2016
Bulman,F,NT,1338.0,1082.0,0.0,1082,0.81,Diesel,2016
Daly Waters Generation,F,NT,1125.0,851.0,0.0,851,0.76,Diesel,2016
Elliot Generation,F,NT,2912.0,2230.0,0.0,2230,0.77,Diesel,2016
Engawala (Alcoota),F,NT,524.0,426.0,0.0,426,0.81,Diesel,2016
Epenarra,F,NT,714.0,589.0,0.0,589,0.82,Diesel,2016
Eva Valley,F,NT,361.0,309.0,0.0,309,0.86,Diesel,2016
Galiwinku (Elcho Island),F,NT,7237.0,5017.0,0.0,5017,0.69,Diesel,2016
Gapuwiyak (Lake Evella),F,NT,3077.0,2227.0,0.0,2227,0.72,Diesel,2016
Gunbalanya (Oenpelli),F,NT,5035.0,3539.0,0.0,3539,0.7,Diesel,2016
Ikuntji (Haasts Bluff),F,NT,777.0,611.0,0.0,611,0.79,Diesel,2016
Imangara (Murray Downs),F,NT,308.0,253.0,0.0,253,0.82,Diesel,2016
Imanpa (Mount Ebenezer),F,NT,581.0,483.0,0.0,483,0.83,Diesel,2016
Kalkaringi (Wave Hill),F,NT,2923.0,1787.0,0.0,1787,0.61,Diesel,2016
Kaltukatjara (Docker River),F,NT,1575.0,1144.0,0.0,1144,0.73,Diesel,2016
Lajamanu (Hooker Creek),F,NT,3070.0,2195.0,0.0,2195,0.71,Diesel,2016
Laramba (Napperby),F,NT,996.0,702.0,0.0,702,0.7,Diesel,2016
Maningrida,F,NT,8949.0,6205.0,0.0,6205,0.69,Diesel,2016
Milikapiti (Snake Bay),F,NT,2380.0,1835.0,0.0,1835,0.77,Diesel,2016
Milingimbi,F,NT,3545.0,2739.0,0.0,2739,0.77,Diesel,2016
Milyakburra (Bickerton Island),F,NT,1034.0,721.0,0.0,721,0.7,Diesel,2016
Minjilang (Croker Island),F,NT,1439.0,1107.0,0.0,1107,0.77,Diesel,2016
Minyerri (Hodgson Downs),F,NT,2261.0,1664.0,0.0,1664,0.74,Diesel,2016
Nauiyu Nambiyu (Daly River),F,NT,3055.0,2153.0,0.0,2153,0.7,Diesel,2016
Nguiu (Bathurst Island),F,NT,6602.0,4835.0,0.0,4835,0.73,Diesel,2016
Ngukurr (Roper River),F,NT,4756.0,3465.0,0.0,3465,0.73,Diesel,2016
Numbulwar (Rose River),F,NT,3214.0,2273.0,0.0,2273,0.71,Diesel,2016
Nyirripi (Waite Creek),F,NT,1121.0,764.0,0.0,764,0.68,Diesel,2016
Orwaitilla (Canteen Creek),F,NT,975.0,692.0,0.0,692,0.71,Diesel,2016
Palumpa,F,NT,1519.0,1074.0,0.0,1074,0.71,Diesel,2016
Papunya,F,NT,2002.0,1504.0,0.0,1504,0.75,Diesel,2016
Peppimenarti,F,NT,1231.0,887.0,0.0,887,0.72,Diesel,2016
Pidgeon Hole,F,NT,503.0,399.0,0.0,399,0.79,Diesel,2016
Pirlangimpi (Garden Point),F,NT,2072.0,1643.0,0.0,1643,0.79,Diesel,2016
Ramingining,F,NT,3172.0,2254.0,0.0,2254,0.71,Diesel,2016
Robinson River,F,NT,1088.0,808.0,0.0,808,0.74,Diesel,2016
Tara (Neutral Junction),F,NT,347.0,309.0,0.0,309,0.89,Diesel,2016
Ti Tree Generation,F,NT,2618.0,1660.0,0.0,1660,0.63,Diesel,2016
Timber Creek Generation,F,NT,2972.0,2138.0,0.0,2138,0.72,Diesel,2016
Titjikala (Maryvale),F,NT,1182.0,810.0,0.0,810,0.69,Diesel,2016
Umbakumba,F,NT,2623.0,1979.0,0.0,1979,0.75,Diesel,2016
Wadeye (Port Keats),F,NT,9546.0,6032.0,0.0,6032,0.63,Diesel,2016
Walungurru (Kintore),F,NT,1888.0,1353.0,0.0,1353,0.72,Diesel,2016
Warruwi (Goulburn Is),F,NT,1866.0,1283.0,0.0,1283,0.69,Diesel,2016
Wilora (Stirling),F,NT,322.0,274.0,0.0,274,0.85,Diesel,2016
Wirliyatjarrayi (Willowra),F,NT,948.0,654.0,0.0,654,0.69,Diesel,2016
Yarralin,F,NT,1439.0,987.0,0.0,987,0.69,Diesel,2016
Yuendumu,F,NT,5217.0,3702.0,0.0,3702,0.71,Diesel,2016
Channel Island Power Station,F,NT,1068439.0,589467.0,0.0,589467,0.55,Gas,2016
Katherine Power Station,F,NT,11247.0,5931.0,0.0,5931,0.53,Gas,2016
Kings Canyon,F,NT,1205.0,862.0,0.0,862,0.72,Solar,2016
Owen Springs Power Station,F,NT,92044.0,50416.0,0.0,50416,0.55,Gas,2016
Ron Goodin Power Station,F,NT,88706.0,54059.0,0.0,54059,0.61,Gas,2016
Tennant Creek Power Station,F,NT,30669.0,20867.0,0.0,20867,0.68,Gas,2016
Weddell Power Station,F,NT,430558.0,243586.0,0.0,243586,0.57,Gas,2016
Yulara Power Station,F,NT,23044.0,15203.0,0.0,15203,0.66,Gas/Diesel,2016
Visy Energy - Coolaroo Co-gen,F,VIC,15528.0,22729.0,11949.0,34678,1.46,Biofuel,2016
Kemerton Power Station,F,WA,119787.0,77320.0,2504.0,79824,0.65,Gas/Diesel,2016
Starfish Hill Wind Farm,F,SA,90678.0,55.0,59.0,114,0.0,Wind,2016
Toora Wind Farm,F,VIC,51826.0,16.0,238.0,254,0.0,Wind,2016
Townsville Power Station,F,QLD,174808.0,75650.0,2469.0,78119,0.43,Gas,2016
Windy Hill Wind Farm,F,QLD,27286.0,19.0,16.0,35,0.0,Wind,2016
Carnarvon Power Station,F,WA,44691.0,26706.0,0.0,26706,0.6,Gas,2016
Horizon Power Aggregated Minor Power Stations,F,WA,11893.0,8299.0,0.0,8299,0.7,Diesel,2016
South Hedland Temporary Generation Power Station,F,WA,81182.0,58945.0,0.0,58945,0.73,Gas,2016
Paraburdoo Power Station,F,WA,572287.0,308432.0,0.0,308432,0.54,Gas,2016
West Angelas Power Station,F,WA,179950.0,98197.0,0.0,98197,0.55,Gas,2016
Yurralyi Maya Power Station,F,WA,945558.0,523898.0,0.0,523898,0.55,Gas,2016
Wilga Park Power Station,F,NSW,88783.0,47689.0,73.0,47762,0.54,Coal Seam Methane,2016
Musselroe Wind Farm Pty Ltd,F,TAS,543984.0,159.0,1747.0,1906,0.0,Wind,2016
Woolnorth Bluff point Wind Farm Pty Ltd,F,TAS,234799.0,84.0,1565.0,1649,0.0,Wind,2016
Woolnorth Studland Bay Wind Farm Pty Ltd,F,TAS,271264.0,85.0,1805.0,1890,0.0,Wind,2016
SNOWTOWN SOUTH WIND FARM,F,SA,443261.0,104.0,505.0,609,0.0,Wind,2016
Snowtown Wind Farm,F,SA,348437.0,0.0,238.0,238,0.0,Wind,2016
SNOWTOWN WIND FARM STAGE 2,F,SA,446749.0,119.0,600.0,719,0.0,Wind,2016
Angaston Power Station,F,SA,5301.0,3518.0,371.0,3889,0.66,Liquid Fuel,2016
Colongra Power Station,F,NSW,28942.0,19025.0,6299.0,25324,0.66,Gas,2016
Laverton North Power Station,F,VIC,22431.0,18990.0,3227.0,22217,0.85,Gas,2016
Lonsdale/Port Stanvac Power Station,F,SA,10838.0,5911.0,268.0,6179,0.55,Diesel,2016
Snowy Hydro Ltd,F,NSW,4629937.0,1309.0,69757.0,71066,0.0,Hydro,2016
Valley Power,F,VIC,10678.0,8234.0,3246.0,11480,0.77,Gas,2016
Moree Solar Farm,F,NSW,34069.0,363.0,301.0,664,0.01,Solar,2016
Barron Gorge Power Station,F,QLD,106884.0,207.0,779.0,986,0.0,Hydro,2016
Kareeya Power Station,F,QLD,295074.0,21.0,3212.0,3233,0.0,Hydro,2016
Mackay Gas Turbine,F,QLD,322.0,390.0,1.0,391,1.21,Diesel,2016
Mica Creek Power Station,F,QLD,197227.0,98861.0,0.0,98861,0.5,Gas,2016
Stanwell Power Station,F,QLD,9089362.0,7687987.0,8378.0,7696365,0.85,Black Coal,2016
Tarong Power Stations,F,QLD,10397900.0,9060958.0,33457.0,9094415,0.87,Black Coal,2016
Vales Point Power Station,F,NSW,3931661.0,3402450.0,36823.0,3439273,0.87,Black Coal,2016
Dry Creek Power Station,F,SA,6197.0,7402.0,476.0,7878,1.19,Gas,2016
Mintaro Power Station,F,SA,13053.0,11027.0,140.0,11167,0.84,Gas,2016
Port Lincoln Power Station,F,SA,491.0,805.0,242.0,1047,1.64,Diesel,2016
Snuggery Power Station,F,SA,986.0,1125.0,560.0,1685,1.14,Diesel,2016
Midlands Power Station,F,TAS,34913.0,0.0,0.0,0,0.0,Hydro,2016
Kalgoorlie Power Station,F,WA,216791.0,124167.0,0.0,124167,0.57,Gas,2016
Kambalda Power Station,F,WA,232453.0,132050.0,0.0,132050,0.57,Gas,2016
Leinster Power Station,F,WA,295871.0,165110.0,0.0,165110,0.56,Gas/Diesel,2016
Mt Keith Power Station,F,WA,338931.0,193130.0,0.0,193130,0.57,Gas,2016
Solomon Power Station,F,WA,263752.0,203274.0,0.0,203274,0.77,Gas/Diesel,2016
Cocos Keeling Islands - Home Island Generation,F,WA,2569.0,1827.0,0.0,1827,0.71,Liquid Fuel,2016
Cocos Keeling Islands - West Island Generation,F,WA,1324.0,1031.0,0.0,1031,0.78,Liquid Fuel,2016
Gunning Wind Farm,F,NSW,156246.0,46.0,283.0,329,0.0,Wind,2017
Waubra Wind Farm,F,VIC,612417.0,129.0,1080.0,1209,0.0,Wind,2017
Banimboola Hydro,F,VIC,3038.0,3.0,10.0,13,0.0,Hydro,2017
Bayswater Power Station,F,NSW,15944580.0,14148670.0,12723.0,14161393,0.89,Black Coal,2017
Bogong Power Station,F,VIC,116333.0,87.0,786.0,873,0.0,Hydro,2017
Broken Hill Solar Plant,F,NSW,127565.0,0.0,356.0,356,0.0,Solar,2017
Burrendong Hydro,F,NSW,41502.0,1.0,42.0,43,0.0,Hydro,2017
Clover Hydro,F,VIC,70975.0,2.0,206.0,208,0.0,Hydro,2017
Coopers Cogeneration,F,SA,25382.0,19025.0,71.0,19096,0.75,Gas,2017
Copeton Hydro,F,NSW,28087.0,1.0,56.0,57,0.0,Hydro,2017
Dartmouth Hydro,F,VIC,44398.0,,255.0,255,,Hydro,2017
Eildon Hydro,F,VIC,102961.0,23.0,908.0,931,0.0,Hydro,2017
Glenbawn Hydro,F,NSW,4143.0,0.0,7.0,7,0.0,Hydro,2017
Glenorchy Landfill Generation,F,TAS,9492.0,510.0,1.0,511,0.05,Landfill Gas,2017
Hallett (Stage 1) Wind Farm,F,SA,285598.0,82.0,294.0,376,0.0,Wind,2017
Hallett (Stage 2) Wind Farm,F,SA,224577.0,70.0,221.0,291,0.0,Wind,2017
Hallett (Stage 4) Wind Farm,F,SA,395840.0,81.0,651.0,732,0.0,Wind,2017
Hallett (Stage 5) Wind Farm,F,SA,122298.0,85.0,378.0,463,0.0,Wind,2017
Hobart Landfill Generation,F,TAS,2472.0,214.0,3.0,217,0.09,Landfill Gas,2017
Hunter Valley Gas Turbines,F,NSW,642.0,976.0,920.0,1896,1.52,Gas,2017
Kemps Creek Landfill Generation,F,NSW,8853.0,388.0,7.0,395,0.04,Landfill Gas,2017
Kincumber Landfill Generation,F,NSW,2264.0,173.0,24.0,197,0.08,Landfill Gas,2017
Liddell Power Station,F,NSW,9510036.0,8816100.0,39469.0,8855569,0.93,Black Coal,2017
Loy Yang Power Station and Mine,F,VIC,15885288.0,18710989.0,252608.0,18963597,1.18,Brown Coal,2017
Macarthur Wind Farm,F,VIC,894077.0,322.0,3215.0,3537,0.0,Wind,2017
McKay Creek Hydro,F,VIC,139434.0,1.0,4894.0,4895,0.0,Hydro,2017
Moranbah Power Station,F,QLD,83454.0,45368.0,219.0,45587,0.54,Coal Seam Methane,2017
Nyngan Solar Plant,F,NSW,232188.0,156.0,771.0,927,0.0,Solar,2017
Oaklands Hill Wind Farm,F,VIC,170182.0,63.0,793.0,856,0.0,Wind,2017
Pindari Hydro,F,NSW,7196.0,0.0,28.0,28,0.0,Hydro,2017
Rockingham Landfill Generation,F,WA,21183.0,1074.0,14.0,1088,0.05,Landfill Gas,2017
Rubicon Hydro Scheme,F,VIC,48938.0,,39.0,39,,Hydro,2017
Shoalhaven Landfill Generation,F,NSW,5717.0,242.0,5.0,247,0.04,Landfill Gas,2017
Somerton Power Station,F,VIC,29144.0,21967.0,1910.0,23877,0.75,Gas,2017
Torrens Island Power Station,F,SA,2883881.0,1629393.0,14060.0,1643453,0.56,Gas,2017
Wattle Point Wind Farm,F,SA,233053.0,43.0,221.0,264,0.0,Wind,2017
Werribee Biogas Generator,F,VIC,54870.0,2710.0,1203.0,3913,0.05,Biogas,2017
West Kiewa Hydro,F,VIC,197991.0,1.0,1039.0,1040,0.0,Hydro,2017
Wilpena Pound Solar Generation,F,SA,967.0,704.0,,704,0.73,Solar,2017
Woy Woy Landfill Generation,F,NSW,8216.0,487.0,2.0,489,0.06,Landfill Gas,2017
Yarrawonga Hydro,F,VIC,31445.0,0.0,31.0,31,0.0,Hydro,2017
Alinta Pinjarra Generation Facility,F,WA,2271889.0,1509401.0,353.0,1509754,0.66,Gas,2017
Alinta Wagerup Generation Facility,F,WA,139462.0,90740.0,4374.0,95114,0.65,Gas,2017
Diamantina Power Station,F,QLD,1649300.0,667141.0,62.0,667203,0.4,Gas,2017
Emu Downs Wind Farm,F,WA,258824.0,64.0,281.0,345,0.0,Wind,2017
Braemar 2 Power Station,F,QLD,460482.0,274255.0,3987.0,278242,0.6,Coal Seam Methane,2017
Karratha Power Station,F,WA,345471.0,187036.0,,187036,0.54,Gas,2017
Osborne facility,F,SA,966933.0,397951.0,1266.0,399217,0.41,Gas,2017
Facility,F,VIC,256544.0,,1098.0,1098,,Wind,2017
Smithfield Power Partnership,F,NSW,979394.0,462385.0,19.0,462404,0.47,Gas,2017
Yarnima Power Station,F,WA,707273.0,302918.0,,302918,0.43,Gas,2017
Bluewaters Power 1,F,WA,1829005.0,1632484.0,1297.0,1633781,0.89,Black Coal,2017
Bluewaters Power 2,F,WA,833636.0,722562.0,5659.0,728221,0.87,Black Coal,2017
Enwave Central Park Pty Ltd,F,NSW,401.0,2417.0,,2417,6.03,Gas,2017
Enwave Mascot Pty Ltd,F,NSW,28055.0,15416.0,1448.0,16864,0.55,Gas,2017
Callide B Power Station,F,QLD,4778347.0,4396350.0,31238.0,4427588,0.92,Black Coal,2017
Kogan Creek Power Station,F,QLD,5924064.0,4849031.0,2335.0,4851366,0.82,Black Coal,2017
Wivenhoe Power Station,F,QLD,66170.0,33.0,90635.0,90668,0.0,Hydro,2017
Canunda Wind Farm,F,SA,117988.0,8.0,112.0,120,0.0,Wind,2017
Broadwater Power Plant,F,NSW,214876.0,7184.0,1004.0,8188,0.03,Bagasse,2017
Condong Power Plant,F,NSW,178028.0,7418.0,1392.0,8810,0.04,Bagasse,2017
Facility,F,VIC,75801.0,,108.0,108,,Wind,2017
Appin CSM Power Station,F,NSW,64535.0,46085.0,522.0,46607,0.71,Coal Seam Methane,2017
Ardyaloon Remote Power Station,F,WA,1847.0,1337.0,,1337,0.72,Liquid Fuel,2017
Beagle Bay Remote Power Station,F,WA,1741.0,1261.0,,1261,0.72,Liquid Fuel,2017
Belrose LFG Power Station,F,NSW,5514.0,366.0,,366,0.07,Landfill Gas,2017
Berwick LFG Power Station,F,VIC,15979.0,1023.0,504.0,1527,0.06,Landfill Gas,2017
Bidyadanga Remote Power Station,F,WA,2898.0,2130.0,,2130,0.73,Liquid Fuel,2017
Broadmeadows LFG Power Station,F,VIC,17448.0,1115.0,97.0,1212,0.06,Landfill Gas,2017
Brooklyn LFG Power Station,F,VIC,12765.0,796.0,6.0,802,0.06,Landfill Gas,2017
Broome LNG Power Station,F,WA,138547.0,73718.0,,73718,0.53,Gas,2017
Browns Plains LFG Power Station,F,QLD,13435.0,852.0,2.0,854,0.06,Landfill Gas,2017
Clayton LFG Power Station,F,VIC,78167.0,4370.0,346.0,4716,0.06,Landfill Gas,2017
Coober Pedy Remote Power Station,F,SA,12588.0,8614.0,,8614,0.68,Diesel,2017
Corio LFG Power Station,F,VIC,7267.0,464.0,5.0,469,0.06,Landfill Gas,2017
Cullerin Range Wind Farm,F,NSW,98466.0,23.0,87.0,110,0.0,Wind,2017
Derby LNG Power Station,F,WA,34239.0,20130.0,,20130,0.59,Gas,2017
Djarindjin Remote Power Station,F,WA,1820.0,1317.0,,1317,0.72,Liquid Fuel,2017
Eastern Creek LFG Power Station,F,NSW,12046.0,698.0,2.0,700,0.06,Landfill Gas,2017
Fitzroy Crossing LNG Power Station,F,WA,14174.0,8379.0,,8379,0.59,Gas,2017
Gascoyne Junction Remote Power Station,F,WA,789.0,622.0,,622,0.79,Liquid Fuel,2017
German Creek CMM Power Station,F,QLD,319786.0,166839.0,21.0,166860,0.52,Waste Coal Mine Gas,2017
Glennies Creek Power Station,F,NSW,78624.0,40317.0,3.0,40320,0.51,Waste Coal Mine Gas,2017
Grange Avenue LFG Power Station,F,NSW,6607.0,391.0,3.0,394,0.06,Landfill Gas,2017
Grosvenor I WCMG Power Station,F,QLD,45806.0,25455.0,25.0,25480,0.56,Waste Coal Mine Gas,2017
Halls Creek LNG Power Station,F,WA,11465.0,7302.0,,7302,0.64,Gas,2017
Jacks Gully LFG Power Station,F,NSW,13169.0,838.0,4.0,842,0.06,Landfill Gas,2017
Kalamunda Power Station,F,WA,22.0,5.0,1.0,6,0.23,Diesel,2017
Laverton Remote Power Station,F,WA,3643.0,2620.0,,2620,0.72,Liquid Fuel,2017
Leonora Remote Power Station,F,WA,8414.0,6291.0,,6291,0.75,Gas,2017
Looma Power Station,F,WA,2605.0,2074.0,,2074,0.8,Diesel,2017
Lucas Heights 1 LFG Power Station,F,NSW,16262.0,1041.0,2.0,1043,0.06,Landfill Gas,2017
Lucas Heights 2 LFG Power Station,F,NSW,97163.0,6148.0,2.0,6150,0.06,Landfill Gas,2017
McArthur River Power Station,F,NT,247704.0,122205.0,,122205,0.49,Gas,2017
Menzies Remote Power Station,F,WA,627.0,517.0,,517,0.82,Liquid Fuel,2017
Moranbah North CMM Power Station,F,QLD,490229.0,260208.0,,260208,0.53,Waste Coal Mine Gas,2017
Mugga Lane LFG Power Station,F,ACT,24575.0,1602.0,1.0,1603,0.07,Landfill Gas,2017
Oaky Creek I Power Station,F,QLD,127137.0,65219.0,43.0,65262,0.51,Waste Coal Mine Gas,2017
Oaky Creek II Power Station,F,QLD,102226.0,53524.0,43.0,53567,0.52,Waste Coal Mine Gas,2017
Pine Creek A Power Station,F,NT,181016.0,95430.0,,95430,0.53,Gas,2017
Red Hill Power Station,F,WA,27766.0,1576.0,3.0,1579,0.06,Landfill Gas,2017
Roghan Road LFG Power Station,F,QLD,997.0,63.0,44.0,107,0.06,Landfill Gas,2017
Springvale LFG Power Station,F,VIC,14282.0,915.0,9.0,924,0.06,Landfill Gas,2017
Tahmoor Power Station,F,NSW,28237.0,16206.0,9.0,16215,0.57,Waste Coal Mine Gas,2017
Tamala Park Power Station,F,WA,40344.0,2558.0,0.0,2558,0.06,Landfill Gas,2017
Tower CSM Power Station,F,NSW,269090.0,185569.0,7.0,185576,0.69,Coal Seam Methane,2017
Warmun Remote Power Station,F,WA,2753.0,2046.0,,2046,0.74,Liquid Fuel,2017
West Belconnen LFG Power Station,F,ACT,2175.0,152.0,13.0,165,0.07,Landfill Gas,2017
Wingfield 1 LFG Power Station,F,SA,14991.0,951.0,1.0,952,0.06,Landfill Gas,2017
Wingfield 2 LFG Power Station,F,SA,17258.0,1094.0,1.0,1095,0.06,Landfill Gas,2017
Wonthaggi Wind Farm,F,VIC,3033.0,1.0,8.0,9,0.0,Wind,2017
Cue Town Powerstation,F,WA,2667.0,1846.0,,1846,0.69,Liquid Fuel,2017
Meekatharra Town Powerstation,F,WA,7638.0,5235.0,,5235,0.69,Liquid Fuel,2017
Mt Magnet Town Powerstation,F,WA,3878.0,2118.0,,2118,0.55,Gas,2017
Norseman Gold Power Station,F,WA,8276.0,6283.0,,6283,0.76,Diesel,2017
Sandstone Town Powerstation,F,WA,701.0,539.0,,539,0.77,Liquid Fuel,2017
Wiluna Town Powerstation,F,WA,2367.0,1651.0,,1651,0.7,Liquid Fuel,2017
Yalgoo Town Powerstation,F,WA,1078.0,786.0,,786,0.73,Liquid Fuel,2017
Collgar Wind Farm,F,WA,696306.0,270.0,556.0,826,0.0,Wind,2017
Boco Rock Wind Farm Pty Ltd,F,NSW,349302.0,116.0,929.0,1045,0.0,Wind,2017
Royalla Solar Farm,F,ACT,37199.0,,188.0,188,,Solar,2017
Jeeralang Power Station,F,VIC,59510.0,46547.0,6491.0,53038,0.78,Gas,2017
Newport Power Station,F,VIC,322211.0,171720.0,19822.0,191542,0.53,Gas,2017
Bald Hills Wind Farm Pty Ltd,F,VIC,352690.0,120.0,812.0,932,0.0,Wind,2017
Mumbida Wind Farm Pty Ltd,F,WA,204617.0,45.0,247.0,292,0.0,Wind,2017
Albany Wind Farm,F,WA,85900.0,12.0,11.0,23,0.0,Wind,2017
Bremer Bay Wind Diesel Power Station,F,WA,1546.0,10.0,3.0,13,0.01,Wind,2017
Cockburn Power Station,F,WA,363931.0,140394.0,,140394,0.39,Gas,2017
Collie Power Station,F,WA,2230763.0,2003337.0,4052.0,2007389,0.9,Black Coal,2017
Coral Bay Wind Diesel Power Station,F,WA,3438.0,1538.0,,1538,0.45,Wind,2017
Denham Wind Farm,F,WA,2190.0,,0.0,0,,Wind,2017
Esperance Wind Farm,F,WA,14289.0,1.0,6.0,7,0.0,Wind,2017
Hopetoun Wind Diesel Power Station,F,WA,4949.0,2310.0,,2310,0.47,Wind,2017
Kalbarri Wind Farm,F,WA,4008.0,,3.0,3,,Wind,2017
Kalgoorlie Gas Turbine Station,F,WA,343.0,322.0,,322,0.94,Gas,2017
Kwinana Power Station,F,WA,660433.0,355447.0,636.0,356083,0.54,Gas,2017
Muja Power Station,F,WA,5152438.0,4741822.0,2692.0,4744514,0.92,Black Coal,2017
Mungarra Gas Turbine Station,F,WA,13262.0,9974.0,,9974,0.75,Gas,2017
Pinjar Gas Turbine Station,F,WA,511125.0,420822.0,,420822,0.82,Gas,2017
Ravensthorpe Power Station,F,WA,139.0,95.0,,95,0.68,Liquid Fuel,2017
Barcaldine Power Station Facility,F,QLD,3942.0,6514.0,,6514,1.65,Gas,2017
Energy Impact - Bromelton Peak Generation Plant - Facility,F,QLD,2017.0,1529.0,416.0,1945,0.76,Liquid Fuel,2017
Energy Impact - Generation - Facility,F,QLD,1244.0,876.0,,876,0.7,Liquid Fuel,2017
Cathedral Rocks Wind Farm,F,SA,153188.0,53.0,121.0,174,0.0,Wind,2017
Hallett Power Station,F,SA,46253.0,48116.0,2030.0,50146,1.04,Gas,2017
Mt Piper Power Station,F,NSW,7557603.0,6576290.0,18530.0,6594820,0.87,Black Coal,2017
Tallawarra Power Station,F,NSW,803031.0,309255.0,6808.0,316063,0.39,Gas,2017
Waterloo Wind Farm,F,SA,309197.0,57.0,263.0,320,0.0,Wind,2017
Yallourn Power Station,F,VIC,11473837.0,14813624.0,172128.0,14985752,1.29,Brown Coal,2017
Newgen Neerabup Power Station,F,WA,166241.0,102273.0,3011.0,105284,0.62,Gas,2017
Oakey Power Station,F,QLD,133205.0,88678.0,2076.0,90754,0.67,Gas,2017
Esperance Power Station,F,WA,77056.0,61447.0,,61447,0.8,Gas,2017
Essential Energy Generation Facilities,FA,NSW,21.0,,123.0,123,,Solar,2017
Exmouth Power Station Pty Ltd,F,WA,23791.0,16793.0,,16793,0.71,Gas,2017
Parkeston Power Station,F,WA,196066.0,114018.0,,114018,0.58,Gas,2017
Burrinjuck Power Station,F,NSW,106969.0,12.0,2.0,14,0.0,Hydro,2017
Hume Power Station,F,NSW,255677.0,23.0,205.0,228,0.0,Hydro,2017
Keepit Power Station,F,NSW,5972.0,7.0,0.0,7,0.0,Hydro,2017
HWF1 Pty Ltd,F,SA,306023.0,,169.0,169,,Wind,2017
HWF2 Pty Ltd,F,SA,80623.0,,193.0,193,,Wind,2017
Wyangala A,F,NSW,70965.0,,4.0,4,,Hydro,2017
Wyangala B,F,NSW,11246.0,,1.0,1,,Hydro,2017
Bastyan Hydro Power Station,F,TAS,384798.0,,13.0,13,,Hydro,2017
Butlers Gorge Hydro Power Station,F,TAS,93229.0,,,0,,Hydro,2017
Catagunya Hydro Power Station,F,TAS,224421.0,,17.0,17,,Hydro,2017
Cethana Hydro Power Station,F,TAS,413990.0,,289.0,289,,Hydro,2017
Cluny Hydro Power Station,F,TAS,62451.0,,16.0,16,,Hydro,2017
Devils Gate Hydro Power Station,F,TAS,287216.0,,15.0,15,,Hydro,2017
Fisher Hydro Power Station,F,TAS,237569.0,,2.0,2,,Hydro,2017
Flinders Island Power Station,F,TAS,5242.0,2875.0,2.0,2877,0.55,Wind,2017
Gordon Hydro Power Station,F,TAS,403399.0,,42.0,42,,Hydro,2017
John Butters Hydro Power Station,F,TAS,737642.0,,306.0,306,,Hydro,2017
King Island Power Station,F,TAS,13458.0,4969.0,3.0,4972,0.37,Wind,2017
Lake Echo Hydro Power Station,F,TAS,53879.0,,15.0,15,,Hydro,2017
Lake Margaret Lower Hydro Power station,F,TAS,14689.0,,1.0,1,,Hydro,2017
Lake Margaret Upper Hydro Power Station,F,TAS,48129.0,,3.0,3,,Hydro,2017
Lemonthyme Hydro Power Station,F,TAS,286538.0,,31.0,31,,Hydro,2017
Liapootah Hydro Power Station,F,TAS,435138.0,,141.0,141,,Hydro,2017
Mackintosh Hydro Power Station,F,TAS,403216.0,,110.0,110,,Hydro,2017
Meadowbank Hydro Power Station,F,TAS,184230.0,,15.0,15,,Hydro,2017
Paloona Hydro Power Station,F,TAS,44406.0,,17.0,17,,Hydro,2017
Parangana Hydro Power Station,F,TAS,3399.0,,0.0,0,,Hydro,2017
Poatina Hydro Power Station,F,TAS,754030.0,,1202.0,1202,,Hydro,2017
Reece Hydro Power Station,F,TAS,1031386.0,,1209.0,1209,,Hydro,2017
Repulse Hydro Power Station,F,TAS,144245.0,,7.0,7,,Hydro,2017
Rowallan Hydro Power Station,F,TAS,49918.0,,0.0,0,,Hydro,2017
Tamar Valley Power Station,F,TAS,793836.0,328637.0,914.0,329551,0.41,Gas,2017
Tarraleah Hydro Power Station,F,TAS,551043.0,,73.0,73,,Hydro,2017
Tods Corner Hydro Power Station,F,TAS,1264.0,,6.0,6,,Hydro,2017
Trevallyn Hydro Power Station,F,TAS,439575.0,,36.0,36,,Hydro,2017
Tribute Hydro Power Station,F,TAS,245559.0,,37.0,37,,Hydro,2017
Tungatinah Hydro Power Station,F,TAS,531869.0,,90.0,90,,Hydro,2017
Wayatinah Hydro Power Station,F,TAS,232238.0,,26.0,26,,Hydro,2017
Wilmot Hydro Power Station,F,TAS,133227.0,,32.0,32,,Hydro,2017
Alinta Wind Farm,F,WA,345628.0,65.0,472.0,537,0.0,Wind,2017
Capital East Solar Farm,F,NSW,97.0,,6.0,6,,Solar,2017
Capital Wind Farm,F,NSW,354643.0,168.0,901.0,1069,0.0,Wind,2017
"Lake Bonney Stage 1,2 & 3 Wind Farm",F,SA,666716.0,115.0,793.0,908,0.0,Wind,2017
Woodlawn Wind Farm,F,NSW,146912.0,42.0,404.0,446,0.0,Wind,2017
Kwinana Cogeneration Plant,F,WA,854565.0,471033.0,0.0,471033,0.55,Gas,2017
Loy Yang B Power Station,F,VIC,8572256.0,9631697.0,2440.0,9634137,1.12,Brown Coal,2017
Barcaldine Remote Community Solar Farm Pty Ltd,F,QLD,5373.0,0.0,0.0,0,0.0,Solar,2017
Albury Renewable Energy Facility,F,NSW,8581.0,467.0,,467,0.05,Landfill Gas,2017
Atlas Renewable Energy Facility,F,WA,3393.0,201.0,,201,0.06,Landfill Gas,2017
Awaba Renewable Energy Facility,F,NSW,8086.0,441.0,,441,0.05,Landfill Gas,2017
Ballarat Renewable Energy Facility,F,VIC,6663.0,370.0,,370,0.06,Landfill Gas,2017
Bendigo Renewable Energy Facility,F,VIC,4189.0,231.0,,231,0.06,Solar,2017
Birkdale Renewable Energy Facility,F,QLD,5804.0,331.0,,331,0.06,Landfill Gas,2017
Darwin Renewable Energy Facility,F,NT,7612.0,464.0,,464,0.06,Landfill Gas,2017
Eastern Creek 2 Renewable Energy Facility,F,NSW,60975.0,3198.0,,3198,0.05,Landfill Gas,2017
Hampton Park Renewable Energy Facility,F,VIC,58454.0,3059.0,,3059,0.05,Landfill Gas,2017
Ipswich Renewable Energy Facility,F,QLD,6342.0,351.0,,351,0.06,Landfill Gas,2017
Mornington Peninsula Renewable Energy Facility,F,VIC,6338.0,359.0,,359,0.06,Landfill Gas,2017
Newcastle Renewable Energy Facility,F,NSW,16996.0,912.0,,912,0.05,Landfill Gas,2017
Remount Renewable Energy Facility,F,TAS,12554.0,695.0,,695,0.06,Landfill Gas,2017
Rochedale Renewable Energy Facility,F,QLD,35649.0,1932.0,,1932,0.05,Landfill Gas,2017
Shepparton Renewable Energy Facility,F,VIC,5606.0,313.0,,313,0.06,Landfill Gas,2017
South Cardup Renewable Energy Facility,F,WA,25132.0,1406.0,,1406,0.06,Landfill Gas,2017
Stapylton Renewable Energy Facility,F,QLD,13954.0,788.0,,788,0.06,Landfill Gas,2017
Swanbank Renewable Energy Facility,F,QLD,12705.0,692.0,,692,0.05,Landfill Gas,2017
Wollert Renewable Energy Facility,F,VIC,55058.0,3041.0,,3041,0.06,Landfill Gas,2017
Wyndham Renewable Energy Facility,F,VIC,14795.0,753.0,,753,0.05,Landfill Gas,2017
Wyong Renewable Energy Facility,F,NSW,18173.0,999.0,,999,0.05,Landfill Gas,2017
Mt Mercer Wind farm Pty Ltd,F,VIC,362339.0,87.0,,87,0.0,Wind,2017
Mt Millar Wind Farm Pty Ltd,F,SA,160278.0,41.0,,41,0.0,Wind,2017
Alfred Hospital Cogeneration Plant,F,VIC,14028.0,13692.0,531.0,14223,0.98,Gas,2017
Dandenong Hospital Cogeneration Plant,F,VIC,12526.0,11019.0,369.0,11388,0.88,Gas,2017
Geelong Hospital Cogeneration Plant,F,VIC,13914.0,12222.0,512.0,12734,0.88,Gas,2017
Royal Melbourne Hospital Cogeneration Plant,F,VIC,30690.0,26308.0,536.0,26844,0.86,Gas,2017
ST. Vincent’s Hospital Cogeneration Plant,F,VIC,12946.0,13144.0,512.0,13656,1.02,Gas,2017
Mortons Lane Windfarm Pty Ltd,F,VIC,60945.0,,49.0,49,,Wind,2017
Hazelwood Power Station,F,VIC,7700208.0,10820998.0,148389.0,10969387,1.41,Brown Coal,2017
New Gullen Range Wind Farm Pty Ltd,F,NSW,473414.0,,453.0,453,,Wind,2017
Kwinana Gas Fired Power Station,F,WA,2159697.0,845847.0,260.0,846107,0.39,Gas,2017
Gladstone Power Station,F,QLD,6662610.0,6393361.0,49533.0,6442894,0.96,Black Coal,2017
Onslow Power Station,F,WA,13282.0,7615.0,,7615,0.57,Gas,2017
Australand,F,NSW,1241.0,738.0,52.0,790,0.59,Gas,2017
Ballarat Solar Park,F,VIC,441.0,,2.0,2,,Solar,2017
Bendigo Solar Park,F,VIC,493.0,,3.0,3,,Solar,2017
Blackmores,F,NSW,1268.0,916.0,53.0,969,0.72,Gas,2017
Bond,F,NSW,991.0,556.0,42.0,598,0.56,Gas,2017
Chifley Square,F,NSW,880.0,472.0,37.0,509,0.54,Gas,2017
Cullerin Wind Farm,F,NSW,4645.0,8.0,2.0,10,0.0,Wind,2017
Dandenong,F,VIC,2938.0,1801.0,183.0,1984,0.61,Gas,2017
Darling Downs Power Station,F,QLD,3342947.0,1389019.0,8731.0,1397750,0.42,Gas,2017
Drapac,F,VIC,663.0,423.0,36.0,459,0.64,Gas,2017
Eraring Power Station,F,NSW,14993469.0,12895988.0,22981.0,12918969,0.86,Black Coal,2017
Exhibition Street,F,VIC,2201.0,1228.0,120.0,1348,0.56,Gas,2017
Kent Street,F,NSW,3500.0,1736.0,147.0,1883,0.5,Gas,2017
La Trobe,F,VIC,665.0,404.0,36.0,440,0.61,Gas,2017
Ladbroke Grove Power Station,F,SA,211147.0,109849.0,433.0,110282,0.52,Gas,2017
Mirvac,F,NSW,4323.0,2379.0,182.0,2561,0.55,Gas,2017
Mortlake Power Station,F,VIC,1102918.0,609582.0,5285.0,614867,0.55,Gas,2017
Mount,F,NSW,1916.0,1074.0,80.0,1154,0.56,Gas,2017
Mt Stuart Power Station,F,QLD,73408.0,70868.0,3840.0,74708,0.97,Kerosene,2017
Quarantine Power Station,F,SA,264028.0,172014.0,1582.0,173596,0.65,Gas,2017
Roma Power Station,F,QLD,41739.0,27146.0,883.0,28029,0.65,Gas,2017
Shoalhaven Scheme,F,NSW,117187.0,2.0,124407.0,124409,0.0,Hydro,2017
Stockland Headquarters,F,NSW,1457.0,849.0,61.0,910,0.58,Gas,2017
University of NSW,F,NSW,2330.0,1458.0,98.0,1556,0.63,Gas,2017
Uranquinty Power Station,F,NSW,636399.0,388201.0,5306.0,393507,0.61,Gas,2017
Millmerran Power Station (facility),F,QLD,6608557.0,5409970.0,3039.0,5413009,0.82,Black Coal,2017
Pelican Point Power Station,F,SA,1209624.0,492834.0,4777.0,497611,0.41,Gas,2017
Kwinana Swift Power Station,F,WA,57688.0,33597.0,651.0,34248,0.58,Gas,2017
Merredin Energy Power Station,F,WA,442.0,473.0,524.0,997,1.07,Gas,2017
Paraburdoo Power Station,F,WA,545527.0,288580.0,,288580,0.53,Gas,2017
West Angelas Power Station,F,WA,380221.0,205655.0,,205655,0.54,Gas,2017
Yurralyi Maya Power Station,F,WA,756219.0,414906.0,,414906,0.55,Gas,2017
Bairnsdale Power Station,F,VIC,168524.0,93507.0,885.0,94392,0.55,Gas,2017
Braemar Power Station,F,QLD,649747.0,380305.0,1746.0,382051,0.59,Coal Seam Methane,2017
Newman Power Station,F,WA,187149.0,159852.0,,159852,0.85,Gas,2017
Port Hedland Power Station,F,WA,481108.0,375138.0,,375138,0.78,Gas,2017
Wagerup Power Station,F,WA,50385.0,30110.0,839.0,30949,0.6,Gas,2017
Alpurrurulam (Lake Nash),F,NT,1846.0,1191.0,,1191,0.65,Diesel,2017
Amanbidgi (Kildurk),F,NT,270.0,256.0,,256,0.95,Diesel,2017
"Ampilatwatja (Alparra, Ammaroo)",F,NT,3345.0,2373.0,,2373,0.71,Diesel,2017
Amunturangu (Mount Liebig),F,NT,759.0,604.0,,604,0.8,Diesel,2017
Aputula (Finke),F,NT,1004.0,720.0,,720,0.72,Diesel,2017
Areyonga (Utju),F,NT,1078.0,757.0,,757,0.7,Diesel,2017
Atitjere (Harts Range),F,NT,868.0,649.0,,649,0.75,Diesel,2017
Borroloola Generation,F,NT,6344.0,4358.0,,4358,0.69,Diesel,2017
Bulla Camp,F,NT,423.0,398.0,,398,0.94,Diesel,2017
Bulman,F,NT,1221.0,934.0,,934,0.76,Diesel,2017
Daly Waters Generation,F,NT,1044.0,792.0,,792,0.76,Diesel,2017
Elliot Generation,F,NT,2703.0,1927.0,,1927,0.71,Gas,2017
Engawala (Alcoota),F,NT,548.0,435.0,,435,0.79,Diesel,2017
Epenarra (Wutunugurra),F,NT,683.0,579.0,,579,0.85,Diesel,2017
Eva Valley,F,NT,358.0,316.0,,316,0.88,Diesel,2017
Galiwinku (Elcho Island),F,NT,7021.0,4994.0,,4994,0.71,Diesel,2017
Gapuwiyak (Lake Evella),F,NT,2906.0,2107.0,,2107,0.73,Diesel,2017
Gunbalanya (Oenpelli),F,NT,4982.0,3557.0,,3557,0.71,Diesel,2017
Ikuntji (Haasts Bluff),F,NT,726.0,579.0,,579,0.8,Diesel,2017
Imangara (Murray Downs),F,NT,292.0,243.0,,243,0.83,Diesel,2017
Imanpa (Mount Ebenezer),F,NT,580.0,457.0,,457,0.79,Diesel,2017
Kalkaringi (Wave Hill),F,NT,3006.0,1727.0,,1727,0.57,Diesel,2017
Kaltukatjara (Docker River),F,NT,1452.0,1042.0,,1042,0.72,Diesel,2017
Lajamanu (Hooker Creek),F,NT,2945.0,2112.0,,2112,0.72,Diesel,2017
Laramba (Napperby),F,NT,934.0,685.0,,685,0.73,Diesel,2017
Maningrida,F,NT,8919.0,5945.0,,5945,0.67,Diesel,2017
Milikapiti (Snake Bay),F,NT,2093.0,1583.0,,1583,0.76,Diesel,2017
Milingimbi,F,NT,3669.0,2724.0,,2724,0.74,Diesel,2017
Milyakburra (Bickerton Island),F,NT,944.0,690.0,,690,0.73,Diesel,2017
Minjilang (Croker Island),F,NT,1291.0,989.0,,989,0.77,Diesel,2017
Minyerri (Hodgson Downs),F,NT,2257.0,1652.0,,1652,0.73,Diesel,2017
Nauiyu Nambiyu (Daly River),F,NT,3104.0,2178.0,,2178,0.7,Diesel,2017
Nguiu (Bathurst Island),F,NT,6508.0,4766.0,,4766,0.73,Diesel,2017
Ngukurr (Roper River),F,NT,4573.0,3306.0,,3306,0.72,Diesel,2017
Numbulwar (Rose River),F,NT,3031.0,2134.0,,2134,0.7,Diesel,2017
Nyirripi (Waite Creek),F,NT,979.0,687.0,,687,0.7,Diesel,2017
Orwaitilla (Canteen Creek),F,NT,962.0,679.0,,679,0.71,Diesel,2017
Palumpa,F,NT,1531.0,1072.0,,1072,0.7,Diesel,2017
Papunya,F,NT,1884.0,1359.0,,1359,0.72,Diesel,2017
Peppimenarti,F,NT,1208.0,873.0,,873,0.72,Diesel,2017
Pidgeon Hole,F,NT,494.0,384.0,,384,0.78,Diesel,2017
Pirlangimpi (Garden Point),F,NT,2010.0,1611.0,,1611,0.8,Diesel,2017
Ramingining,F,NT,3227.0,2173.0,,2173,0.67,Diesel,2017
Robinson River,F,NT,1061.0,787.0,,787,0.74,Diesel,2017
Tara (Neutral Junction),F,NT,325.0,286.0,,286,0.88,Diesel,2017
Ti Tree Generation,F,NT,2443.0,1588.0,,1588,0.65,Diesel,2017
Timber Creek,F,NT,2883.0,2072.0,,2072,0.72,Diesel,2017
Titjikala (Maryvale),F,NT,1113.0,765.0,,765,0.69,Diesel,2017
Umbakumba,F,NT,2631.0,2021.0,,2021,0.77,Diesel,2017
Wadeye (Port Keats),F,NT,9420.0,6064.0,,6064,0.64,Gas,2017
Walungurru (Kintore),F,NT,1756.0,1278.0,,1278,0.73,Diesel,2017
Warruwi (Goulburn Is),F,NT,1895.0,1300.0,,1300,0.69,Diesel,2017
Wilora (Stirling),F,NT,293.0,256.0,,256,0.88,Diesel,2017
Wirliyatjarrayi (Willowra),F,NT,888.0,633.0,,633,0.71,Diesel,2017
Yarralin,F,NT,1375.0,985.0,,985,0.72,Diesel,2017
Yuendumu,F,NT,5177.0,3576.0,,3576,0.69,Diesel,2017
Channel Island Power Station,F,NT,1039472.0,612232.0,,612232,0.59,Gas,2017
Katherine Power Station,F,NT,24293.0,17816.0,,17816,0.73,Gas,2017
Kings Canyon,F,NT,874.0,699.0,,699,0.8,Solar,2017
Owen Springs Power Station,F,NT,85233.0,50040.0,,50040,0.59,Gas,2017
Ron Goodin Power Station,F,NT,113878.0,83638.0,,83638,0.73,Gas,2017
Tennant Creek Power Station,F,NT,29403.0,21094.0,,21094,0.72,Gas,2017
Weddell Power Station,F,NT,380063.0,220184.0,,220184,0.58,Gas,2017
Yulara Power Station,F,NT,19885.0,13173.0,,13173,0.66,Gas,2017
Visy Energy - Coolaroo Co-gen,F,VIC,18290.0,27834.0,12443.0,40277,1.52,Biofuel,2017
Condamine Power Station,F,QLD,960791.0,387939.0,803.0,388742,0.4,Gas,2017
Kemerton Power Station,F,WA,107769.0,72103.0,2459.0,74562,0.67,Gas,2017
Starfish Hill Wind Farm,F,SA,63834.0,65.0,52.0,117,0.0,Wind,2017
Toora Wind Farm,F,VIC,49514.0,33.0,226.0,259,0.0,Wind,2017
Townsville Power Station,F,QLD,524547.0,226290.0,3003.0,229293,0.43,Gas,2017
Windy Hill Wind Farm,F,QLD,27826.0,28.0,17.0,45,0.0,Wind,2017
Carnarvon Power Station & Distribution network,F,WA,41241.0,24958.0,0.0,24958,0.61,Gas,2017
Denham Power Station & Denham Distribution network,F,WA,3157.0,2275.0,,2275,0.72,Diesel,2017
Kalumburu Power Station & Distribution network,F,WA,2270.0,1524.0,,1524,0.67,Diesel,2017
Kununurra Power Station & Kununurra Distribution network,F,WA,248.0,356.0,0.0,356,1.44,Diesel,2017
Marble Bar Power Station & Marble Bar Distribution network,F,WA,2290.0,1193.0,,1193,0.52,Diesel,2017
Murchison Radio Astronomy Power Station and Distribution Network,F,WA,2404.0,1553.0,,1553,0.65,Diesel,2017
Nullagine Power Station & Nullagine Distribution network,F,WA,1114.0,616.0,,616,0.55,Diesel,2017
Onslow Power Station Horizon Power back-up & Onslow Distribtion Network,F,WA,6548.0,4378.0,549.0,4927,0.67,Gas,2017
South Hedland Temporary Generation Power Station,F,WA,58520.0,39885.0,,39885,0.68,Gas,2017
Wyndham Power Station & Distribution network,F,WA,143.0,115.0,,115,0.81,Diesel,2017
Yungngora Power Station & Yungngora Distribution Network,F,WA,1530.0,872.0,,872,0.57,Diesel,2017
FPC Green Energy,F,QLD,41705.0,1632.0,1929.0,3561,0.04,Biofuel,2017
Wilga Park Power Station,F,NSW,89631.0,49655.0,24.0,49679,0.55,Coal Seam Methane,2017
Musselroe Wind Farm Pty Ltd,F,TAS,601719.0,153.0,155.0,308,0.0,Wind,2017
Woolnorth Bluff point Wind Farm Pty Ltd,F,TAS,230332.0,75.0,22.0,97,0.0,Wind,2017
Woolnorth Studland Bay Wind Farm Pty Ltd,F,TAS,266405.0,86.0,25.0,111,0.0,Wind,2017
SNOWTOWN SOUTH WIND FARM,F,SA,416691.0,92.0,191.0,283,0.0,Wind,2017
Snowtown Wind Farm,F,SA,310426.0,121.0,347.0,468,0.0,Wind,2017
SNOWTOWN WIND FARM STAGE 2,F,SA,406591.0,104.0,286.0,390,0.0,Wind,2017
Angaston Power Station,F,SA,7650.0,5267.0,357.0,5624,0.69,Liquid Fuel,2017
Colongra Power Station,F,NSW,14008.0,9242.0,6794.0,16036,0.66,Gas,2017
Laverton North Power Station,F,VIC,79521.0,48775.0,3299.0,52074,0.61,Gas,2017
Lonsdale/Port Stanvac Power Station,F,SA,17818.0,9046.0,375.0,9421,0.51,Diesel,2017
Snowy Hydro Ltd,F,NSW,5459820.0,1521.0,266620.0,268141,0.0,Hydro,2017
Valley Power,F,VIC,4109.0,3905.0,2982.0,6887,0.95,Gas,2017
Moree Solar Farm,F,NSW,143225.0,,615.0,615,,Solar,2017
Challicum Hills Wind Farm,F,VIC,127162.0,37.0,18.0,55,0.0,Wind,2017
Clements Gap Wind Farm,F,SA,160728.0,55.0,0.0,55,0.0,Wind,2017
Codrington Wind Farm,F,VIC,41482.0,17.0,,17,0.0,Wind,2017
Eildon Pondage Hydro,F,VIC,8517.0,3.0,,3,0.0,Hydro,2017
Glenmaggie Hydro,F,VIC,10229.0,6.0,,6,0.0,Hydro,2017
Ord Hydro,F,WA,212622.0,31.0,29.0,60,0.0,Hydro,2017
Portland Wind Farms,F,VIC,467950.0,68.0,,68,0.0,Wind,2017
Taralga Wind Farm,F,NSW,288398.0,100.0,,100,0.0,Wind,2017
The Drop Hydro,F,NSW,5364.0,6.0,,6,0.0,Hydro,2017
William Hovell Hydro,F,VIC,5467.0,4.0,,4,0.0,Hydro,2017
Yambuk Wind Farm,F,VIC,86713.0,20.0,,20,0.0,Wind,2017
Barron Gorge Power Station,F,QLD,127770.0,205.0,732.0,937,0.01,Hydro,2017
Kareeya Power Station,F,QLD,487803.0,72.0,669.0,741,0.0,Hydro,2017
Mackay Gas Turbine,F,QLD,390.0,494.0,2.0,496,1.27,Diesel,2017
Mica Creek Power Station,F,QLD,5022.0,6513.0,1412.0,7925,1.3,Gas,2017
Stanwell Power Station,F,QLD,9267250.0,7960764.0,11166.0,7971930,0.86,Black Coal,2017
Tarong Power Stations,F,QLD,12311031.0,10674877.0,37758.0,10712635,0.87,Black Coal,2017
Vales Point Power Station,F,NSW,8130715.0,6903384.0,37724.0,6941108,0.85,Black Coal,2017
Dry Creek Power Station,F,SA,9695.0,11602.0,404.0,12006,1.2,Gas,2017
Mintaro Power Station,F,SA,29629.0,23034.0,129.0,23163,0.78,Gas,2017
Port Lincoln Power Station,F,SA,2212.0,4015.0,386.0,4401,1.82,Diesel,2017
Snuggery Power Station,F,SA,3197.0,3602.0,487.0,4089,1.13,Diesel,2017
Kalgoorlie Power Station,F,WA,255819.0,145265.0,,145265,0.57,Gas,2017
Kambalda Power Station,F,WA,259556.0,143358.0,,143358,0.55,Gas,2017
Leinster Power Station,F,WA,313843.0,168384.0,,168384,0.54,Gas,2017
Mt Keith Power Station,F,WA,378016.0,219180.0,,219180,0.58,Gas,2017
Solomon Power Station,F,WA,273578.0,175216.0,,175216,0.64,Gas,2017
South Hedland Power Station,F,WA,69614.0,38842.0,,38842,0.56,Gas,2017
Cocos Keeling Islands - Home Island Generation,F,WA,2511.0,1757.0,,1757,0.7,Liquid Fuel,2017
Cocos Keeling Islands - West Island Generation,F,WA,2523.0,1896.0,,1896,0.75,Liquid Fuel,2017
Utilities Production and Supply,F,WA,33088.0,41695.0,,41695,1.26,Gas,2017
Cathedral Rocks Wind Farm,F,SA,153042.0,48.0,136.0,184,0.0,Wind,2018
Gunning Wind Farm,F,NSW,167150.0,44.0,205.0,249,0.0,Wind,2018
Mt Gellibrand Wind Farm,F,VIC,1200.0,0.0,22.0,22,0.0,Wind,2018
Waubra Wind Farm,F,VIC,643798.0,132.0,966.0,1098,0.0,Wind,2018
Banimboola Hydro,F,VIC,3080.0,4.0,59.0,63,0.0,Hydro,2018
Bayswater Power Station,F,NSW,15545800.0,13705014.0,20951.0,13725965,0.88,Black Coal,2018
Bogong Power Station,F,VIC,80801.0,82.0,852.0,934,0.0,Hydro,2018
Broken Hill Solar Plant,F,NSW,130707.0,78.0,345.0,423,0.0,Solar,2018
Burrendong Hydro,F,NSW,36227.0,1.0,36.0,37,0.0,Hydro,2018
Clover Hydro,F,VIC,54392.0,2.0,268.0,270,0.0,Hydro,2018
Coopers Cogeneration,F,SA,23536.0,17445.0,64.0,17509,0.74,Gas,2018
Copeton Hydro,F,NSW,41257.0,1.0,43.0,44,0.0,Hydro,2018
Dartmouth Hydro,F,VIC,56003.0,1.0,636.0,637,0.0,Hydro,2018
Eildon Hydro,F,VIC,185794.0,13.0,667.0,680,0.0,Hydro,2018
Glenbawn Hydro,F,NSW,19603.0,0.0,11.0,11,0.0,Hydro,2018
Glenorchy Landfill Generation,F,TAS,9163.0,517.0,1.0,518,0.06,Landfill Gas,2018
Hallett (Stage 1) Wind Farm,F,SA,312833.0,96.0,191.0,287,0.0,Wind,2018
Hallett (Stage 2) Wind Farm,F,SA,250407.0,71.0,158.0,229,0.0,Wind,2018
Hallett (Stage 4) Wind Farm,F,SA,474486.0,152.0,377.0,529,0.0,Wind,2018
Hallett (Stage 5) Wind Farm,F,SA,161690.0,62.0,224.0,286,0.0,Wind,2018
Hobart Landfill Generation,F,TAS,6231.0,358.0,1.0,359,0.06,Landfill Gas,2018
Hunter Valley Gas Turbines,F,NSW,854.0,1037.0,932.0,1969,1.21,Gas,2018
Kemps Creek Landfill Generation,F,NSW,13058.0,633.0,18.0,651,0.05,Landfill Gas,2018
Kincumber Landfill Generation,F,NSW,2108.0,142.0,19.0,161,0.07,Landfill Gas,2018
Liddell Power Station,F,NSW,8518683.0,7799843.0,40396.0,7840239,0.92,Black Coal,2018
Loy Yang Power Station and Mine,F,VIC,16951912.0,19861938.0,245177.0,20107115,1.17,Brown Coal,2018
Macarthur Wind Farm,F,VIC,1047497.0,434.0,2823.0,3257,0.0,Wind,2018
McKay Creek Hydro,F,VIC,99423.0,6.0,4693.0,4699,0.0,Hydro,2018
Moranbah Power Station,F,QLD,54918.0,33547.0,28.0,33575,0.61,Coal Seam Methane,2018
Nyngan Solar Plant,F,NSW,250736.0,150.0,763.0,913,0.0,Solar,2018
Oaklands Hill Wind Farm,F,VIC,188287.0,79.0,615.0,694,0.0,Wind,2018
Pindari Hydro,F,NSW,3603.0,0.0,22.0,22,0.0,Hydro,2018
Rockingham Landfill Generation,F,WA,23446.0,1472.0,8.0,1480,0.06,Landfill Gas,2018
Rubicon Hydro Scheme,F,VIC,41919.0,1.0,38.0,39,0.0,Hydro,2018
Shoalhaven Landfill Generation,F,NSW,1752.0,80.0,5.0,85,0.05,Landfill Gas,2018
Somerton Power Station,F,VIC,85418.0,61440.0,1851.0,63291,0.72,Gas,2018
Torrens Island Power Station,F,SA,2797853.0,1566914.0,14293.0,1581207,0.56,Gas,2018
Wattle Point Wind Farm,F,SA,271585.0,47.0,172.0,219,0.0,Wind,2018
Werribee Biogas Generator,F,VIC,64261.0,3088.0,1157.0,4245,0.05,Biogas,2018
West Kiewa Hydro,F,VIC,153665.0,0.0,1272.0,1272,0.0,Hydro,2018
Wilpena Pound Solar Generation,F,SA,874.0,686.0,0.0,686,0.78,Solar,2018
Woy Woy Landfill Generation,F,NSW,7616.0,464.0,10.0,474,0.06,Landfill Gas,2018
Yarrawonga Hydro,F,VIC,37318.0,1.0,39.0,40,0.0,Hydro,2018
Alinta Pinjarra Generation Facility,F,WA,2155606.0,1410220.0,333.0,1410553,0.65,Gas,2018
Diamantina Power Station,F,QLD,1601458.0,656824.0,114.0,656938,0.41,Gas,2018
Emu Downs Solar Farm,F,WA,27058.0,0.0,33.0,33,0.0,Solar,2018
Emu Downs Wind Farm,F,WA,240195.0,63.0,333.0,396,0.0,Wind,2018
Braemar 2 Power Station,F,QLD,257199.0,154004.0,4349.0,158353,0.6,Coal Seam Methane,2018
Karratha Power Station,F,WA,78924.0,63575.0,146.0,63721,0.81,Gas,2018
Osborne facility,F,SA,1319623.0,542289.0,367.0,542656,0.41,Gas,2018
Facility,F,VIC,627092.0,17.0,1690.0,1707,0.0,Wind,2018
Smithfield Power Partnership,F,NSW,71994.0,35045.0,64.0,35109,0.49,Gas,2018
Bald Hills Wind Farm Pty Ltd,F,VIC,362986.0,105.0,822.0,927,0.0,Wind,2018
New Gullen Range Wind Farm Pty Ltd,F,NSW,506947.0,52.0,179.0,231,0.0,Wind,2018
Yarnima Power Station,F,WA,726011.0,309875.0,0.0,309875,0.43,Gas,2018
Bluewaters Power 1,F,WA,1610263.0,1440940.0,3278.0,1444218,0.89,Black Coal,2018
Bluewaters Power 2,F,WA,1731278.0,1521195.0,1138.0,1522333,0.88,Black Coal,2018
Enwave Central Park Pty Ltd,F,NSW,2150.0,2857.0,0.0,2857,1.33,Gas,2018
Enwave Mascot Pty Ltd,F,NSW,29020.0,15273.0,1870.0,17143,0.53,Gas,2018
Callide B Power Station,F,QLD,5505031.0,5063694.0,39846.0,5103540,0.92,Black Coal,2018
Kogan Creek Power Station,F,QLD,5254593.0,4354532.0,6154.0,4360686,0.83,Black Coal,2018
Wivenhoe Power Station,F,QLD,35922.0,35.0,57660.0,57695,0.0,Hydro,2018
Canunda Wind Farm,F,SA,130440.0,13.0,20.0,33,0.0,Wind,2018
Broadwater Power Plant,F,NSW,235267.0,7418.0,725.0,8143,0.03,Bagasse,2018
Condong Power Plant,F,NSW,215118.0,6020.0,679.0,6699,0.03,Bagasse,2018
Facility,F,VIC,80286.0,5.0,78.0,83,0.0,Wind,2018
White Rock Wind Farm Pty Ltd,F,NSW,346036.0,64.0,775.0,839,0.0,Wind,2018
Cue Town Powerstation,F,WA,2980.0,2060.0,0.0,2060,0.69,Diesel,2018
Meekatharra Town Powerstation,F,WA,6728.0,4610.0,0.0,4610,0.69,Diesel,2018
Mt Magnet Town Powerstation,F,WA,3816.0,2140.0,0.0,2140,0.56,Gas,2018
Norseman Gold Power Station,F,WA,4323.0,3213.0,0.0,3213,0.74,Diesel,2018
Sandstone Town Powerstation,F,WA,684.0,528.0,0.0,528,0.77,Diesel,2018
Wiluna Town Powerstation,F,WA,2424.0,1706.0,0.0,1706,0.7,Diesel,2018
Yalgoo Town Powerstation,F,WA,1021.0,760.0,0.0,760,0.74,Diesel,2018
Cullerin Range Wind Farm,F,NSW,112691.0,28.0,82.0,110,0.0,Wind,2018
Collgar Wind Farm,F,WA,715500.0,388.0,590.0,978,0.0,Wind,2018
Boco Rock Wind Farm Pty Ltd,F,NSW,372019.0,365.0,784.0,1149,0.0,Wind,2018
Royalla Solar Farm,F,ACT,39208.0,0.0,181.0,181,0.0,Solar,2018
Glennies Creek WCMG Power Station,F,NSW,77305.0,40154.0,10.0,40164,0.52,Waste Coal Mine Gas,2018
Oaky Creek II WCMG Power Station,F,QLD,105132.0,55021.0,36.0,55057,0.52,Waste Coal Mine Gas,2018
Oaky Creek WCMG Power Station,F,QLD,133669.0,68525.0,67.0,68592,0.51,Waste Coal Mine Gas,2018
Tahmoor WCMG Power Station,F,NSW,32959.0,18916.0,7.0,18923,0.57,Waste Coal Mine Gas,2018
Appin CSM Power Station,F,NSW,99470.0,72992.0,642.0,73634,0.73,Waste Coal Mine Gas,2018
Tower CSM Power Station,F,NSW,187708.0,143209.0,216.0,143425,0.76,Waste Coal Mine Gas,2018
German Creek CMM Power Station,F,QLD,303192.0,160344.0,29.0,160373,0.53,Waste Coal Mine Gas,2018
Mugga Lane LFG Power Station,F,ACT,31706.0,2013.0,1.0,2014,0.06,Landfill Gas,2018
West Belconnen LFG Power Station,F,ACT,2089.0,146.0,14.0,160,0.07,Landfill Gas,2018
Belrose LFG Power Station,F,NSW,2280.0,185.0,0.0,185,0.08,Landfill Gas,2018
Eastern Creek LFG Power Station,F,NSW,8891.0,519.0,7.0,526,0.06,Landfill Gas,2018
Grange Avenue LFG Power Station,F,NSW,5466.0,326.0,3.0,329,0.06,Landfill Gas,2018
Jack's Gully LFG Power Station,F,NSW,12837.0,799.0,1.0,800,0.06,Landfill Gas,2018
Lucas Heights 1 LFG Power Station,F,NSW,13973.0,896.0,4.0,900,0.06,Landfill Gas,2018
Lucas Heights 2 LFG Power Station,F,NSW,101074.0,6379.0,2.0,6381,0.06,Landfill Gas,2018
Browns Plains LFG Power Station,F,QLD,13732.0,873.0,2.0,875,0.06,Landfill Gas,2018
Roghan Road LFG Power Station,F,QLD,962.0,64.0,43.0,107,0.07,Landfill Gas,2018
Wingfield 1 LFG Power Station,F,SA,15786.0,1000.0,1.0,1001,0.06,Landfill Gas,2018
Wingfield 2 LFG Power Station,F,SA,14824.0,939.0,1.0,940,0.06,Landfill Gas,2018
Berwick LFG Power Station,F,VIC,12046.0,779.0,318.0,1097,0.06,Landfill Gas,2018
Broadmeadows LFG Power Station,F,VIC,13299.0,855.0,97.0,952,0.06,Landfill Gas,2018
Brooklyn LFG Power Station,F,VIC,11216.0,704.0,3.0,707,0.06,Landfill Gas,2018
Clayton LFG Power Station,F,VIC,84204.0,4717.0,339.0,5056,0.06,Landfill Gas,2018
Corio LFG Power Station,F,VIC,7471.0,480.0,4.0,484,0.06,Landfill Gas,2018
Springvale LFG Power Station,F,VIC,12116.0,782.0,9.0,791,0.06,Landfill Gas,2018
McArthur River Power Station,F,NT,279819.0,134067.0,0.0,134067,0.48,Gas,2018
Pine Creek A Power Station,F,NT,165108.0,83976.0,0.0,83976,0.51,Gas,2018
Broome LNG Power Station,F,WA,138956.0,77494.0,28.0,77522,0.56,Gas,2018
Derby LNG Power Station,F,WA,33728.0,19928.0,0.0,19928,0.59,Gas,2018
Fitzroy Crossing LNG Power Station,F,WA,14826.0,9437.0,0.0,9437,0.64,Gas,2018
Halls Creek LNG Power Station,F,WA,11470.0,7253.0,0.0,7253,0.63,Gas,2018
Looma NGD Power Station,F,WA,2539.0,2065.0,0.0,2065,0.81,Diesel,2018
Grosvenor 1 WCMG Power Station,F,QLD,158920.0,86036.0,23.0,86059,0.54,Waste Coal Mine Gas,2018
Grosvenor 2 WCMG Power Station,F,QLD,87884.0,48241.0,18.0,48259,0.55,Waste Coal Mine Gas,2018
Moranbah North CMM Power Station,F,QLD,507845.0,260078.0,0.0,260078,0.51,Waste Coal Mine Gas,2018
Albany Wind Farm,F,WA,92682.0,12.0,10.0,22,0.0,Wind,2018
Bremer Bay Wind Diesel Power Station,F,WA,1658.0,63.0,3.0,66,0.04,Wind,2018
Cockburn Power Station,F,WA,118035.0,45893.0,0.0,45893,0.39,Gas,2018
Collie Power Station,F,WA,2031944.0,1842676.0,6017.0,1848693,0.91,Black Coal,2018
Coral Bay Wind Diesel Power Station,F,WA,3542.0,1592.0,0.0,1592,0.45,Wind,2018
Denham Wind Farm,F,WA,1363.0,0.0,1.0,1,0.0,Wind,2018
Esperance Wind Farm,F,WA,15779.0,1.0,5.0,6,0.0,Wind,2018
Greenough River Solar Farm,F,WA,21815.0,0.0,113.0,113,0.0,Solar,2018
Hopetoun Wind Diesel Power Station,F,WA,4663.0,2134.0,0.0,2134,0.46,Wind,2018
Kalbarri Wind Farm,F,WA,3158.0,0.0,1.0,1,0.0,Wind,2018
Kalgoorlie Gas Turbine Station,F,WA,1411.0,1402.0,0.0,1402,0.99,Gas,2018
Kwinana Power Station,F,WA,783282.0,429463.0,301.0,429764,0.55,Gas,2018
Muja Power Station,F,WA,4399617.0,3979427.0,3236.0,3982663,0.9,Black Coal,2018
Mungarra Gas Turbine Station,F,WA,19284.0,15542.0,0.0,15542,0.81,Gas,2018
Pinjar Gas Turbine Station,F,WA,570219.0,446643.0,0.0,446643,0.78,Gas,2018
Ravensthorpe Power Station,F,WA,214.0,146.0,0.0,146,0.68,Diesel,2018
Ardyaloon Facility,F,WA,1962.0,1420.0,0.0,1420,0.72,Diesel,2018
Beagle Bay Facility,F,WA,1752.0,1263.0,0.0,1263,0.72,Diesel,2018
Bidyadanga Facility,F,WA,2876.0,2117.0,0.0,2117,0.74,Diesel,2018
Coober Pedy Facility,F,SA,17526.0,2913.0,0.0,2913,0.17,Wind,2018
Djarindjin Facility,F,WA,1923.0,1390.0,0.0,1390,0.72,Diesel,2018
Gascoyne Facility,F,WA,736.0,586.0,0.0,586,0.8,Diesel,2018
Laverton Facility,F,WA,4130.0,3064.0,0.0,3064,0.74,Diesel,2018
Leonora Facility,F,WA,8228.0,6248.0,0.0,6248,0.76,Gas,2018
Menzies Facility,F,WA,664.0,538.0,0.0,538,0.81,Diesel,2018
Warmun Facility,F,WA,2652.0,1976.0,0.0,1976,0.75,Diesel,2018
Barcaldine Power Station Facility,F,QLD,845.0,4706.0,0.0,4706,5.57,Gas,2018
Energy Impact - Bromelton Peak Generation Plant - Facility,F,QLD,871.0,496.0,198.0,694,0.57,Diesel,2018
Energy Impact - Generation - Facility,F,QLD,546.0,384.0,0.0,384,0.7,Diesel,2018
Hallett Power Station,F,SA,19823.0,18782.0,1853.0,20635,0.95,Gas,2018
Jeeralang Power Station,F,VIC,122454.0,93370.0,6720.0,100090,0.76,Gas,2018
Mt Piper Power Station,F,NSW,7864293.0,6823827.0,17475.0,6841302,0.87,Black Coal,2018
Newport Power Station,F,VIC,1018557.0,538108.0,21410.0,559518,0.53,Gas,2018
Tallawarra Power Station,F,NSW,1468603.0,545668.0,4717.0,550385,0.37,Gas,2018
Waterloo Wind Farm,F,SA,91529.0,6.0,29.0,35,0.0,Wind,2018
Yallourn Power Station,F,VIC,10238920.0,13671954.0,184359.0,13856313,1.34,Brown Coal,2018
Newgen Neerabup Power Station,F,WA,254551.0,154221.0,2726.0,156947,0.61,Gas,2018
Oakey Power Station,F,QLD,74582.0,47231.0,2049.0,49280,0.63,Gas,2018
Esperance Power Station,F,WA,69350.0,55006.0,0.0,55006,0.79,Gas,2018
Essential Energy Generation Facility - Broken Hill Gas Turbine,F,NSW,105.0,433.0,182.0,615,4.12,Diesel,2018
Exmouth Power Station Pty Ltd,F,WA,25158.0,17343.0,0.0,17343,0.69,Gas,2018
Solomon Power Station,F,WA,185115.0,115169.0,0.0,115169,0.62,Gas,2018
Kidston Solar One - Solar – Qld,F,QLD,52980.0,0.0,0.0,0,0.0,Solar,2018
Parkeston Power Station,F,WA,165342.0,92650.0,0.0,92650,0.56,Gas,2018
Wyangala A,F,NSW,60529.0,0.0,0.0,0,0.0,Hydro,2018
Wyangala B,F,NSW,3026.0,0.0,0.0,0,0.0,Hydro,2018
Bastyan Hydro Power Station,F,TAS,359273.0,0.0,23.0,23,0.0,Hydro,2018
Butlers Gorge Hydro Power Station,F,TAS,80281.0,0.0,0.0,0,0.0,Hydro,2018
Catagunya Hydro Power Station,F,TAS,231698.0,0.0,21.0,21,0.0,Hydro,2018
Cethana Hydro Power Station,F,TAS,426438.0,0.0,276.0,276,0.0,Hydro,2018
Cluny Hydro Power Station,F,TAS,18213.0,0.0,40.0,40,0.0,Hydro,2018
Devils Gate Hydro Power Station,F,TAS,297186.0,0.0,20.0,20,0.0,Hydro,2018
Fisher Hydro Power Station,F,TAS,235619.0,0.0,0.0,0,0.0,Hydro,2018
Flinders Island Power Station,F,TAS,4758.0,1899.0,7.0,1906,0.4,Wind,2018
Gordon Hydro Power Station,F,TAS,1019723.0,0.0,59.0,59,0.0,Hydro,2018
John Butters Hydro Power Station,F,TAS,571646.0,0.0,334.0,334,0.0,Hydro,2018
King Island Power Station,F,TAS,13230.0,4199.0,0.0,4199,0.32,Wind,2018
Lake Echo Hydro Power Station,F,TAS,59262.0,0.0,13.0,13,0.0,Hydro,2018
Lake Margaret Lower Hydro Power station,F,TAS,15544.0,0.0,2.0,2,0.0,Hydro,2018
Lake Margaret Upper Hydro Power Station,F,TAS,45386.0,0.0,8.0,8,0.0,Hydro,2018
Lemonthyme Hydro Power Station,F,TAS,299651.0,0.0,36.0,36,0.0,Hydro,2018
Liapootah Hydro Power Station,F,TAS,415980.0,0.0,57.0,57,0.0,Hydro,2018
Mackintosh Hydro Power Station,F,TAS,394053.0,0.0,113.0,113,0.0,Hydro,2018
Meadowbank Hydro Power Station,F,TAS,181352.0,0.0,16.0,16,0.0,Hydro,2018
Paloona Hydro Power Station,F,TAS,135894.0,0.0,12.0,12,0.0,Hydro,2018
Parangana Hydro Power Station,F,TAS,3057.0,0.0,0.0,0,0.0,Hydro,2018
Poatina Hydro Power Station,F,TAS,1214186.0,0.0,854.0,854,0.0,Hydro,2018
Reece Hydro Power Station,F,TAS,1055838.0,0.0,1271.0,1271,0.0,Hydro,2018
Repulse Hydro Power Station,F,TAS,119600.0,0.0,13.0,13,0.0,Hydro,2018
Rowallan Hydro Power Station,F,TAS,39315.0,0.0,2.0,2,0.0,Hydro,2018
Tamar Valley Power Station,F,TAS,846527.0,353924.0,987.0,354911,0.42,Gas,2018
Tarraleah Hydro Power Station,F,TAS,579019.0,0.0,85.0,85,0.0,Hydro,2018
Tods Corner Hydro Power Station,F,TAS,1763.0,0.0,7.0,7,0.0,Hydro,2018
Trevallyn Hydro Power Station,F,TAS,353391.0,0.0,47.0,47,0.0,Hydro,2018
Tribute Hydro Power Station,F,TAS,248106.0,0.0,45.0,45,0.0,Hydro,2018
Tungatinah Hydro Power Station,F,TAS,542810.0,0.0,107.0,107,0.0,Hydro,2018
Wayatinah Hydro Power Station,F,TAS,336443.0,0.0,33.0,33,0.0,Hydro,2018
Wilmot Hydro Power Station,F,TAS,119482.0,0.0,32.0,32,0.0,Hydro,2018
Alinta Wind Farm,F,WA,323399.0,70.0,692.0,762,0.0,Wind,2018
Capital East Solar Farm,F,NSW,172.0,0.0,5.0,5,0.0,Solar,2018
Capital Wind Farm,F,NSW,384111.0,143.0,852.0,995,0.0,Wind,2018
"Lake Bonney Stage 1,2 & 3 Wind Farm",F,SA,717640.0,96.0,567.0,663,0.0,Wind,2018
Woodlawn Wind Farm,F,NSW,157318.0,39.0,226.0,265,0.0,Wind,2018
Kwinana Cogeneration Plant,F,WA,859253.0,454837.0,0.0,454837,0.53,Gas,2018
Barcaldine Remote Community Solar Farm Pty Ltd,F,QLD,55698.0,0.0,123.0,123,0.0,Solar,2018
Kiata Wind Farm Pty Ltd,F,VIC,71159.0,5.0,129.0,134,0.0,Wind,2018
Kalamunda Power Station,F,WA,5.0,4.0,2.0,6,0.8,Diesel,2018
Red Hill LFG Power Station,F,WA,28697.0,1627.0,2.0,1629,0.06,Landfill Gas,2018
Tamala Park LFG Power Station,F,WA,42334.0,2677.0,1.0,2678,0.06,Landfill Gas,2018
Albury Renewable Energy Facility,F,NSW,7494.0,427.0,0.0,427,0.06,Landfill Gas,2018
Atlas Renewable Energy Facility,F,WA,2134.0,128.0,0.0,128,0.06,Landfill Gas,2018
Awaba Renewable Energy Facility,F,NSW,8250.0,451.0,0.0,451,0.05,Landfill Gas,2018
Ballarat Renewable Energy Facility,F,VIC,6904.0,396.0,0.0,396,0.06,Landfill Gas,2018
Bendigo Renewable Energy Facility,F,VIC,4188.0,236.0,0.0,236,0.06,Landfill Gas,2018
Birkdale Renewable Energy Facility,F,QLD,5919.0,328.0,0.0,328,0.06,Landfill Gas,2018
Darwin Renewable Energy Facility,F,NT,8608.0,504.0,0.0,504,0.06,Landfill Gas,2018
Eastern Creek 2 Renewable Energy Facility,F,NSW,57086.0,3036.0,0.0,3036,0.05,Landfill Gas,2018
Hampton Park Renewable Energy Facility,F,VIC,63410.0,3266.0,0.0,3266,0.05,Landfill Gas,2018
Ipswich Renewable Energy Facility,F,QLD,5304.0,299.0,0.0,299,0.06,Landfill Gas,2018
Mornington Peninsula Renewable Energy Facility,F,VIC,6226.0,343.0,0.0,343,0.06,Landfill Gas,2018
NAWMA Renewable Energy Facility,F,SA,5773.0,311.0,0.0,311,0.05,Landfill Gas,2018
NAWMA Solar Facility,F,SA,1179.0,0.0,0.0,0,0.0,Solar,2018
Newcastle Renewable Energy Facility,F,NSW,18769.0,998.0,0.0,998,0.05,Landfill Gas,2018
Remount Renewable Energy Facility,F,TAS,8669.0,456.0,0.0,456,0.05,Landfill Gas,2018
Rochedale Renewable Energy Facility,F,QLD,37549.0,2108.0,0.0,2108,0.06,Landfill Gas,2018
Shepparton Renewable Energy Facility,F,VIC,5251.0,296.0,0.0,296,0.06,Landfill Gas,2018
South Cardup Renewable Energy Facility,F,WA,29396.0,1656.0,0.0,1656,0.06,Landfill Gas,2018
Stapylton Renewable Energy Facility,F,QLD,20246.0,1122.0,0.0,1122,0.06,Landfill Gas,2018
Swanbank Renewable Energy Facility,F,QLD,12758.0,699.0,0.0,699,0.05,Landfill Gas,2018
Wollert Renewable Energy Facility,F,VIC,58863.0,3244.0,0.0,3244,0.06,Landfill Gas,2018
Wyndham Renewable Energy Facility,F,VIC,14363.0,759.0,0.0,759,0.05,Landfill Gas,2018
Wyong Renewable Energy Facility,F,NSW,18899.0,1059.0,0.0,1059,0.06,Landfill Gas,2018
Burrinjuck Hydro,F,NSW,59834.0,16.0,22.0,38,0.0,Hydro,2018
Hume Hydro,F,NSW,203372.0,32.0,120.0,152,0.0,Hydro,2018
Keepit Hydro,F,NSW,11439.0,68.0,0.0,68,0.01,Hydro,2018
Mt Mercer Wind farm Pty Ltd,F,VIC,375873.0,69.0,0.0,69,0.0,Wind,2018
Mt Millar Wind Farm Pty Ltd,F,SA,193141.0,54.0,0.0,54,0.0,Wind,2018
Alfred Hospital Cogeneration Plant,F,VIC,18655.0,15765.0,599.0,16364,0.85,Gas,2018
Dandenong Hospital Cogeneration Plant,F,VIC,16918.0,15877.0,382.0,16259,0.94,Gas,2018
Geelong Hospital Cogeneration Plant,F,VIC,18465.0,12118.0,539.0,12657,0.66,Gas,2018
Royal Melbourne Hospital Cogeneration Plant,F,VIC,39521.0,30267.0,741.0,31008,0.77,Gas,2018
ST. Vincent’s Hospital Cogeneration Plant,F,VIC,17681.0,15034.0,600.0,15634,0.85,Gas,2018
Mortons Lane Windfarm Pty Ltd,F,VIC,64558.0,0.0,57.0,57,0.0,Wind,2018
Mumbida Wind Farm Pty Ltd,F,WA,189963.0,64.0,410.0,474,0.0,Wind,2018
DEGRUSSA SOLAR PROJECT PTY LTD,F,WA,19858.0,0.0,430.0,430,0.0,Solar,2018
DUBBO SOLAR HUB PTY LTD,F,NSW,4950.0,0.0,16.0,16,0.0,Solar,2018
GRIFFITH SOLAR FARM PTY LTD,F,NSW,16491.0,0.0,60.0,60,0.0,Solar,2018
HORNSDALE POWER RESERVE PTY LTD,F,SA,22027.0,0.0,13118.0,13118,0.0,Battery,2018
HWF1 PTY LTD,F,SA,377139.0,0.0,119.0,119,0.0,Wind,2018
HWF2 PTY LTD,F,SA,348502.0,0.0,113.0,113,0.0,Wind,2018
HWF3 PTY LTD,F,SA,281499.0,0.0,95.0,95,0.0,Wind,2018
PARKES SOLAR FARM PTY LTD,F,NSW,30424.0,0.0,145.0,145,0.0,Solar,2018
Kwinana Gas Fired Power Station,F,WA,2074119.0,810842.0,243.0,811085,0.39,Gas,2018
Gladstone Power Station,F,QLD,8974847.0,8502292.0,44729.0,8547021,0.95,Black Coal,2018
Onslow Power Station,F,WA,14453.0,8704.0,0.0,8704,0.6,Gas,2018
Australand,F,NSW,592.0,352.0,25.0,377,0.59,Gas,2018
Ballarat Solar Park,F,VIC,402.0,0.0,2.0,2,0.0,Solar,2018
Bendigo Solar Park,F,VIC,480.0,0.0,4.0,4,0.0,Solar,2018
Blackmores,F,NSW,1396.0,906.0,58.0,964,0.65,Gas,2018
Bond,F,NSW,963.0,558.0,40.0,598,0.58,Gas,2018
Chifley Square,F,NSW,1058.0,581.0,44.0,625,0.55,Gas,2018
Dandenong,F,VIC,236.0,217.0,375.0,592,0.92,Gas,2018
Darling Downs Power Station,F,QLD,2245314.0,937408.0,7274.0,944682,0.42,Gas,2018
Drapac,F,VIC,593.0,371.0,32.0,403,0.63,Gas,2018
Eraring Power Station,F,NSW,17186144.0,14898414.0,16502.0,14914916,0.87,Black Coal,2018
Exhibition Street,F,VIC,2415.0,1354.0,130.0,1484,0.56,Gas,2018
Kent Street,F,NSW,3660.0,1854.0,152.0,2006,0.51,Gas,2018
La Trobe,F,VIC,658.0,341.0,36.0,377,0.52,Gas,2018
Ladbroke Grove Power Station,F,SA,183307.0,103420.0,432.0,103852,0.56,Gas,2018
Mirvac,F,NSW,4793.0,2653.0,199.0,2852,0.55,Gas,2018
Mortlake Power Station,F,VIC,1278861.0,703023.0,4955.0,707978,0.55,Gas,2018
Mount,F,NSW,2029.0,1120.0,84.0,1204,0.55,Gas,2018
Mt Stuart Power Station,F,QLD,9736.0,9828.0,4041.0,13869,1.01,Kerosene,2018
Quarantine Power Station,F,SA,190828.0,123816.0,1545.0,125361,0.65,Gas,2018
Roma Power Station,F,QLD,31631.0,20757.0,910.0,21667,0.66,Gas,2018
Shoalhaven Scheme,F,NSW,99316.0,2.0,116369.0,116371,0.0,Hydro,2018
Stockland Headquarters,F,NSW,1467.0,844.0,61.0,905,0.58,Gas,2018
University of NSW,F,NSW,2343.0,1301.0,97.0,1398,0.56,Gas,2018
Uranquinty Power Station,F,NSW,556128.0,335936.0,4918.0,340854,0.6,Gas,2018
Millmerran Power Station (facility),F,QLD,7061382.0,5790913.0,3438.0,5794351,0.82,Black Coal,2018
Waterloo Wind Farm,F,SA,306465.0,97.0,173.0,270,0.0,Wind,2018
Pelican Point Power Station,F,SA,2732421.0,1085502.0,2610.0,1088112,0.4,Gas,2018
Kwinana Swift Power Station,F,WA,130386.0,68632.0,1390.0,70022,0.53,Gas,2018
Cape Lambert Power Station,F,WA,155881.0,94474.0,0.0,94474,0.61,Gas,2018
Paraburdoo Power Station,F,WA,524895.0,278826.0,0.0,278826,0.53,Gas,2018
West Angelas Power Station,F,WA,457109.0,243391.0,0.0,243391,0.53,Gas,2018
Yurralyi Maya Power Station,F,WA,597412.0,330538.0,0.0,330538,0.55,Gas,2018
Bairnsdale Power Station,F,VIC,260583.0,137030.0,773.0,137803,0.53,Gas,2018
Braemar Power Station,F,QLD,424417.0,248773.0,1905.0,250678,0.59,Coal Seam Methane,2018
Loy Yang B Power Station,F,VIC,8870476.0,10131496.0,1280.0,10132776,1.14,Brown Coal,2018
Newman Power Station,F,WA,244338.0,188790.0,0.0,188790,0.77,Gas,2018
Port Hedland Power Station,F,WA,518952.0,400838.0,0.0,400838,0.77,Gas,2018
Wagerup Power Station,F,WA,331657.0,190098.0,4890.0,194988,0.57,Gas,2018
Alpurrurulam (Lake Nash),F,NT,1601.0,1178.0,0.0,1178,0.74,Diesel,2018
Amanbidgi (Kildurk),F,NT,259.0,250.0,0.0,250,0.97,Diesel,2018
"Ampilatwatja (Alparra, Ammaroo)",F,NT,3615.0,2229.0,0.0,2229,0.62,Diesel,2018
Amunturangu (Mount Liebig),F,NT,816.0,559.0,0.0,559,0.68,Diesel,2018
Aputula (Finke),F,NT,969.0,697.0,0.0,697,0.72,Diesel,2018
Areyonga (Utju),F,NT,1080.0,694.0,0.0,694,0.64,Diesel,2018
Atitjere (Harts Range),F,NT,951.0,696.0,0.0,696,0.73,Diesel,2018
Borroloola Generation,F,NT,6355.0,4359.0,0.0,4359,0.69,Diesel,2018
Bulla Camp,F,NT,418.0,389.0,0.0,389,0.93,Diesel,2018
Bulman,F,NT,1185.0,896.0,0.0,896,0.76,Diesel,2018
Daly Waters Generation,F,NT,1144.0,813.0,0.0,813,0.71,Diesel,2018
Elliot Generation,F,NT,2773.0,2020.0,0.0,2020,0.73,Gas,2018
Engawala (Alcoota),F,NT,541.0,422.0,0.0,422,0.78,Diesel,2018
Epenarra (Wutunugurra),F,NT,759.0,613.0,0.0,613,0.81,Diesel,2018
Eva Valley,F,NT,366.0,298.0,0.0,298,0.81,Diesel,2018
Galiwinku (Elcho Island),F,NT,6998.0,4954.0,0.0,4954,0.71,Diesel,2018
Gapuwiyak (Lake Evella),F,NT,3037.0,2177.0,0.0,2177,0.72,Diesel,2018
Gunbalanya (Oenpelli),F,NT,5110.0,3642.0,0.0,3642,0.71,Diesel,2018
Ikuntji (Haasts Bluff),F,NT,709.0,578.0,0.0,578,0.81,Diesel,2018
Imangara (Murray Downs),F,NT,298.0,237.0,0.0,237,0.8,Diesel,2018
Imanpa (Mount Ebenezer),F,NT,621.0,449.0,0.0,449,0.72,Diesel,2018
Kalkaringi (Wave Hill),F,NT,2652.0,1859.0,0.0,1859,0.7,Diesel,2018
Kaltukatjara (Docker River),F,NT,1553.0,992.0,0.0,992,0.64,Diesel,2018
Lajamanu (Hooker Creek),F,NT,3270.0,2051.0,0.0,2051,0.63,Diesel,2018
Laramba (Napperby),F,NT,962.0,689.0,0.0,689,0.72,Diesel,2018
Maningrida,F,NT,8811.0,5349.0,0.0,5349,0.61,Diesel,2018
Milikapiti (Snake Bay),F,NT,2083.0,1591.0,0.0,1591,0.76,Diesel,2018
Milingimbi,F,NT,3716.0,2766.0,0.0,2766,0.74,Diesel,2018
Milyakburra (Bickerton Island),F,NT,898.0,653.0,0.0,653,0.73,Diesel,2018
Minjilang (Croker Island),F,NT,1382.0,1051.0,0.0,1051,0.76,Diesel,2018
Minyerri (Hodgson Downs),F,NT,2324.0,1708.0,0.0,1708,0.73,Diesel,2018
Nauiyu Nambiyu (Daly River),F,NT,3208.0,2018.0,0.0,2018,0.63,Diesel,2018
Nguiu (Bathurst Island),F,NT,6776.0,4927.0,0.0,4927,0.73,Diesel,2018
Ngukurr (Roper River),F,NT,4582.0,3355.0,0.0,3355,0.73,Diesel,2018
Numbulwar (Rose River),F,NT,2954.0,2138.0,0.0,2138,0.72,Diesel,2018
Nyirripi (Waite Creek),F,NT,1017.0,619.0,0.0,619,0.61,Diesel,2018
Orwaitilla (Canteen Creek),F,NT,987.0,706.0,0.0,706,0.72,Diesel,2018
Palumpa,F,NT,1495.0,1040.0,0.0,1040,0.7,Diesel,2018
Papunya,F,NT,1892.0,1373.0,0.0,1373,0.73,Diesel,2018
Peppimenarti,F,NT,1190.0,853.0,0.0,853,0.72,Diesel,2018
Pidgeon Hole,F,NT,481.0,377.0,0.0,377,0.78,Diesel,2018
Pirlangimpi (Garden Point),F,NT,1972.0,1530.0,0.0,1530,0.78,Diesel,2018
Ramingining,F,NT,3250.0,1871.0,0.0,1871,0.58,Diesel,2018
Robinson River,F,NT,1162.0,839.0,0.0,839,0.72,Diesel,2018
Tara (Neutral Junction),F,NT,336.0,276.0,0.0,276,0.82,Diesel,2018
Ti Tree Generation,F,NT,2318.0,1703.0,0.0,1703,0.73,Diesel,2018
Timber Creek,F,NT,2992.0,2114.0,0.0,2114,0.71,Diesel,2018
Titjikala (Maryvale),F,NT,1098.0,745.0,0.0,745,0.68,Diesel,2018
Umbakumba,F,NT,2542.0,1945.0,0.0,1945,0.77,Diesel,2018
Wadeye (Port Keats),F,NT,9449.0,5651.0,0.0,5651,0.6,Gas,2018
Walungurru (Kintore),F,NT,1876.0,1116.0,0.0,1116,0.59,Diesel,2018
Warruwi (Goulburn Is),F,NT,1833.0,1260.0,0.0,1260,0.69,Diesel,2018
Wilora (Stirling),F,NT,345.0,277.0,0.0,277,0.8,Diesel,2018
Wirliyatjarrayi (Willowra),F,NT,998.0,697.0,0.0,697,0.7,Diesel,2018
Yarralin,F,NT,1339.0,929.0,0.0,929,0.69,Diesel,2018
Yuendumu,F,NT,5341.0,3361.0,0.0,3361,0.63,Diesel,2018
Channel Island Power Station,F,NT,1062787.0,615463.0,0.0,615463,0.58,Gas,2018
Katherine Power Station,F,NT,19893.0,15454.0,0.0,15454,0.78,Gas,2018
Kings Canyon,F,NT,1120.0,864.0,0.0,864,0.77,Solar,2018
Owen Springs Power Station,F,NT,74676.0,46056.0,0.0,46056,0.62,Gas,2018
Ron Goodin Power Station,F,NT,126028.0,90139.0,0.0,90139,0.72,Gas,2018
Tennant Creek Power Station,F,NT,29155.0,20950.0,0.0,20950,0.72,Gas,2018
Weddell Power Station,F,NT,364024.0,214572.0,0.0,214572,0.59,Gas,2018
Yulara Power Station,F,NT,19558.0,12751.0,0.0,12751,0.65,Gas,2018
Visy Energy - Coolaroo Co-gen,F,VIC,18466.0,25063.0,11853.0,36916,1.36,Biofuel,2018
Visy Power Generation - Smithfield Energy Facility,F,NSW,4636.0,3324.0,913.0,4237,0.72,Gas,2018
Condamine Power Station,F,QLD,849462.0,376831.0,726.0,377557,0.44,Gas,2018
Kemerton Power Station,F,WA,69457.0,49896.0,2448.0,52344,0.72,Gas,2018
Starfish Hill Wind Farm,F,SA,97460.0,31.0,44.0,75,0.0,Wind,2018
Toora Wind Farm,F,VIC,49270.0,27.0,216.0,243,0.0,Wind,2018
Townsville Power Station,F,QLD,243716.0,112366.0,3168.0,115534,0.46,Coal Seam Methane,2018
Windy Hill Wind Farm,F,QLD,30274.0,29.0,14.0,43,0.0,Wind,2018
Carnarvon Power Station & Distribution network,F,WA,43196.0,22422.0,18.0,22440,0.52,Gas,2018
Denham Power Station & Denham Distribution network,F,WA,4066.0,2674.0,0.0,2674,0.66,Diesel,2018
Kalumburu Power Station & Distribution network,F,WA,2076.0,1434.0,0.0,1434,0.69,Diesel,2018
Kununurra Power Station & Kununurra Distribution network,F,WA,94.0,213.0,54.0,267,2.28,Diesel,2018
Marble Bar Power Station & Marble Bar Distribution network,F,WA,2243.0,1091.0,0.0,1091,0.49,Diesel,2018
Murchison Radio Astronomy Power Station and Distribution Network,F,WA,3996.0,2397.0,0.0,2397,0.6,Diesel,2018
Nullagine Power Station & Nullagine Distribution network,F,WA,1069.0,620.0,0.0,620,0.58,Diesel,2018
Onslow Power Station Horizon Power back-up & Onslow Distribtion Network,F,WA,6658.0,4299.0,240.0,4539,0.65,Gas,2018
Wyndham Power Station & Distribution network,F,WA,136.0,113.0,0.0,113,0.83,Diesel,2018
Yungngora Power Station & Yungngora Distribution Network,F,WA,1631.0,966.0,0.0,966,0.59,Diesel,2018
Wonthaggi Wind Farm,F,VIC,28973.0,13.0,53.0,66,0.0,Wind,2018
FPC Green Energy,F,QLD,75972.0,2766.0,1796.0,4562,0.04,Bagasse,2018
Wilga Park Power Station,F,NSW,84471.0,49933.0,73.0,50006,0.59,Coal Seam Methane,2018
Musselroe Wind Farm Pty Ltd,F,TAS,601311.0,162.0,181.0,343,0.0,Wind,2018
Woolnorth Bluff point Wind Farm Pty Ltd,F,TAS,249366.0,87.0,26.0,113,0.0,Wind,2018
Woolnorth Studland Bay Wind Farm Pty Ltd,F,TAS,288400.0,80.0,29.0,109,0.0,Wind,2018
SNOWTOWN SOUTH WIND FARM,F,SA,460339.0,69.0,120.0,189,0.0,Wind,2018
Snowtown Wind Farm,F,SA,354966.0,198.0,253.0,451,0.0,Wind,2018
SNOWTOWN WIND FARM STAGE 2,F,SA,467837.0,79.0,173.0,252,0.0,Wind,2018
Angaston Power Station,F,SA,2222.0,1925.0,324.0,2249,0.87,Diesel,2018
Colongra Power Station,F,NSW,15121.0,8459.0,6584.0,15043,0.56,Gas,2018
Laverton North Power Station,F,VIC,179006.0,108104.0,3307.0,111411,0.6,Gas,2018
Lonsdale/Port Stanvac Power Station,F,SA,4858.0,3335.0,794.0,4129,0.69,Diesel,2018
Snowy Hydro Ltd,F,NSW,4350549.0,1699.0,214746.0,216445,0.0,Hydro,2018
Valley Power,F,VIC,22880.0,17333.0,3003.0,20336,0.76,Gas,2018
Moree Solar Farm,F,NSW,154935.0,0.0,636.0,636,0.0,Solar,2018
Challicum Hills Wind Farm,F,VIC,132743.0,58.0,0.0,58,0.0,Wind,2018
Clements Gap Wind Farm,F,SA,189041.0,120.0,0.0,120,0.0,Wind,2018
Codrington Wind Farm,F,VIC,43585.0,23.0,0.0,23,0.0,Wind,2018
Crowlands Wind Farm,F,VIC,117.0,1086.0,0.0,1086,9.29,Wind,2018
Eildon Pondage Hydro,F,VIC,15193.0,2.0,0.0,2,0.0,Hydro,2018
Glenmaggie Hydro,F,VIC,4050.0,5.0,0.0,5,0.0,Hydro,2018
Ord Hydro,F,WA,220787.0,29.0,0.0,29,0.0,Hydro,2018
Portland Wind Farms,F,VIC,459979.0,60.0,0.0,60,0.0,Wind,2018
Taralga Wind Farm,F,NSW,301346.0,91.0,0.0,91,0.0,Wind,2018
The Drop Hydro,F,NSW,4304.0,5.0,0.0,5,0.0,Hydro,2018
William Hovell Hydro,F,VIC,4002.0,4.0,0.0,4,0.0,Hydro,2018
Yaloak South Wind Farm,F,VIC,35852.0,164.0,0.0,164,0.0,Wind,2018
Yambuk Wind Farm,F,VIC,90711.0,37.0,0.0,37,0.0,Wind,2018
Barron Gorge Power Station,F,QLD,153898.0,21.0,654.0,675,0.0,Hydro,2018
Kareeya Power Station,F,QLD,450419.0,54.0,1679.0,1733,0.0,Hydro,2018
Mackay Gas Turbine,F,QLD,190.0,259.0,2.0,261,1.37,Diesel,2018
Mica Creek Power Station,F,QLD,121086.0,91308.0,388.0,91696,0.75,Gas,2018
Stanwell Power Station,F,QLD,8804378.0,7627813.0,9922.0,7637735,0.87,Black Coal,2018
Swanbank E Power Station,F,QLD,671158.0,259758.0,2670.0,262428,0.39,Gas,2018
Tarong Power Stations,F,QLD,12099257.0,10437422.0,36528.0,10473950,0.86,Black Coal,2018
Vales Point Power Station,F,NSW,8062723.0,6966897.0,48729.0,7015626,0.86,Black Coal,2018
SWF 1 Operations Holdings Pty Ltd,F,NSW,73959.0,3078.0,477.0,3555,0.04,Wind,2018
Dry Creek Power Station,F,SA,10726.0,10666.0,340.0,11006,0.99,Gas,2018
Mintaro Power Station,F,SA,42283.0,32352.0,104.0,32456,0.77,Gas,2018
Port Lincoln Power Station,F,SA,1673.0,2664.0,337.0,3001,1.59,Diesel,2018
Snuggery Power Station,F,SA,744.0,848.0,428.0,1276,1.14,Diesel,2018
Midlands Power Station,F,TAS,28697.0,0.0,0.0,0,0.0,Hydro,2018
Kalgoorlie Power Station,F,WA,259808.0,148040.0,0.0,148040,0.57,Gas,2018
Kambalda Power Station,F,WA,268592.0,148433.0,0.0,148433,0.55,Gas,2018
Leinster Power Station,F,WA,250027.0,169107.0,0.0,169107,0.68,Gas,2018
Mt Keith Power Station,F,WA,428656.0,222682.0,0.0,222682,0.52,Gas,2018
Solomon Power Station,F,WA,92782.0,58143.0,0.0,58143,0.63,Gas,2018
South Hedland Power Station,F,WA,428514.0,208477.0,0.0,208477,0.49,Gas,2018
Cocos Keeling Islands - Home Island Generation,F,WA,2476.0,1735.0,0.0,1735,0.7,Diesel,2018
Cocos Keeling Islands - West Island Generation,F,WA,2486.0,1981.0,0.0,1981,0.8,Diesel,2018
Weipa Solar Power Station,F,QLD,865.0,0.0,4.0,4,0.0,Solar,2018
YPF UTILITIES PRODUCTION AND SUPPLY,F,WA,26710.0,28078.0,0.0,28078,1.05,Gas,2018
Cathedral Rocks Wind Farm,F,SA,175634.0,39.0,213.0,252,0.0,Wind,2019
Gunning Wind Farm,F,NSW,164669.0,44.0,195.0,239,0.0,Wind,2019
Mt Gellibrand Wind Farm,F,VIC,234630.0,36.0,864.0,900,0.0,Wind,2019
Waubra Wind Farm,F,VIC,628100.0,92.0,901.0,993,0.0,Wind,2019
Banimboola Hydro,F,VIC,42574.0,15.0,6.0,21,0.0,Hydro,2019
Bayswater Power Station,F,NSW,15959774.0,14071088.0,44325.0,14115413,0.88,Black Coal,2019
Bogong Power Station,F,VIC,79247.0,79.0,860.0,939,0.0,Hydro,2019
Broken Hill Solar Plant,F,NSW,123686.0,81.0,344.0,425,0.0,Solar,2019
Burrendong Hydro,F,NSW,6174.0,1.0,53.0,54,0.0,Hydro,2019
Clover Hydro,F,VIC,35102.0,3.0,295.0,298,0.0,Hydro,2019
Coopers Cogeneration,F,SA,14219.0,10409.0,40.0,10449,0.73,Gas,2019
Copeton Hydro,F,NSW,37504.0,1.0,27.0,28,0.0,Hydro,2019
Dartmouth Hydro,F,VIC,499814.0,2.0,177.0,179,0.0,Hydro,2019
Eildon Hydro,F,VIC,179783.0,0.0,1463.0,1463,0.0,Hydro,2019
Glenbawn Hydro,F,NSW,2111.0,0.0,10.0,10,0.0,Hydro,2019
Glenorchy Landfill Generation,F,TAS,1818.0,105.0,0.0,105,0.06,Landfill Gas,2019
Hallett (Stage 1) Wind Farm,F,SA,322358.0,98.0,205.0,303,0.0,Wind,2019
Hallett (Stage 2) Wind Farm,F,SA,261792.0,75.0,150.0,225,0.0,Wind,2019
Hallett (Stage 4) Wind Farm,F,SA,470176.0,145.0,350.0,495,0.0,Wind,2019
Hallett (Stage 5) Wind Farm,F,SA,157726.0,62.0,173.0,235,0.0,Wind,2019
Hobart Landfill Generation,F,TAS,1304.0,74.0,0.0,74,0.06,Landfill Gas,2019
Hunter Valley Gas Turbines,F,NSW,2517.0,2975.0,815.0,3790,1.18,Gas,2019
Kemps Creek Landfill Generation,F,NSW,1030.0,54.0,12.0,66,0.05,Landfill Gas,2019
Kincumber Landfill Generation,F,NSW,391.0,27.0,5.0,32,0.07,Landfill Gas,2019
Liddell Power Station,F,NSW,9241632.0,8487697.0,40725.0,8528422,0.92,Black Coal,2019
Loy Yang Power Station and Mine,F,VIC,15959544.0,18544718.0,253801.0,18798519,1.16,Brown Coal,2019
Macarthur Wind Farm,F,VIC,1065951.0,451.0,3025.0,3476,0.0,Wind,2019
McKay Creek Hydro,F,VIC,99257.0,0.0,5221.0,5221,0.0,Hydro,2019
Moranbah Power Station,F,QLD,8839.0,5205.0,0.0,5205,0.59,Coal Seam Methane,2019
Nyngan Solar Plant,F,NSW,246063.0,154.0,759.0,913,0.0,Solar,2019
Oaklands Hill Wind Farm,F,VIC,188006.0,79.0,628.0,707,0.0,Wind,2019
Pindari Hydro,F,NSW,986.0,0.0,24.0,24,0.0,Hydro,2019
Rockingham Landfill Generation,F,WA,3948.0,184.0,2.0,186,0.05,Landfill Gas,2019
Rubicon Hydro Scheme,F,VIC,26704.0,0.0,268.0,268,0.0,Hydro,2019
Silverton Wind Farm,F,NSW,263858.0,740.0,184.0,924,0.0,Wind,2019
Somerton Power Station,F,VIC,102912.0,74476.0,1959.0,76435,0.72,Gas,2019
Torrens Island Power Station,F,SA,2606521.0,1487022.0,15243.0,1502265,0.57,Gas,2019
Wattle Point Wind Farm,F,SA,270479.0,52.0,157.0,209,0.0,Wind,2019
Werribee Biogas Generator,F,VIC,13198.0,640.0,262.0,902,0.05,Sludge Biogas,2019
West Kiewa Hydro,F,VIC,141753.0,0.0,1173.0,1173,0.0,Hydro,2019
Wilpena Pound Solar Generation,F,SA,695.0,683.0,0.0,683,0.98,Solar,2019
Woy Woy Landfill Generation,F,NSW,1671.0,93.0,0.0,93,0.06,Landfill Gas,2019
Yarrawonga Hydro,F,VIC,26277.0,0.0,39.0,39,0.0,Hydro,2019
Alinta Pinjarra Generation Facility,F,WA,2123776.0,1416332.0,214.0,1416546,0.67,Gas,2019
Badgingarra Wind Farm,F,WA,230414.0,96.0,236.0,332,0.0,Wind,2019
Darling Downs Solar Farm Pty Ltd,F,QLD,153644.0,251.0,76.0,327,0.0,Solar,2019
Diamantina Power Station,F,QLD,1686196.0,695857.0,86.0,695943,0.41,Gas,2019
Emu Downs Solar Farm,F,WA,41485.0,27.0,51.0,78,0.0,Solar,2019
Emu Downs Wind Farm,F,WA,232692.0,257.0,205.0,462,0.0,Wind,2019
Braemar 2 Power Station,F,QLD,452738.0,275487.0,4277.0,279764,0.61,Coal Seam Methane,2019
Karratha Power Station,F,WA,73491.0,59648.0,186.0,59834,0.81,Gas,2019
Osborne facility,F,SA,783968.0,319975.0,1814.0,321789,0.41,Gas,2019
Facility,F,VIC,588512.0,18.0,1148.0,1166,0.0,Wind,2019
Bald Hills Wind Farm Pty Ltd,F,VIC,331680.0,84.0,746.0,830,0.0,Wind,2019
Gullen Solar Pty Ltd,F,NSW,19879.0,1.0,179.0,180,0.0,Solar,2019
New Gullen Range Wind Farm Pty Ltd,F,NSW,468051.0,93.0,150.0,243,0.0,Wind,2019
Yarnima Power Station,F,WA,726260.0,307802.0,0.0,307802,0.42,Gas,2019
Bluewaters Power 1,F,WA,1664443.0,1507587.0,2543.0,1510130,0.91,Black Coal,2019
Bluewaters Power 2,F,WA,1635918.0,1442624.0,1317.0,1443941,0.88,Black Coal,2019
Enwave Central Park Pty Ltd,F,NSW,3492.0,4777.0,0.0,4777,1.37,Gas,2019
Enwave Mascot Pty Ltd,F,NSW,28529.0,16234.0,1244.0,17478,0.57,Gas,2019
Callide B Power Station,F,QLD,4821209.0,4555001.0,42767.0,4597768,0.94,Black Coal,2019
Kogan Creek Power Station,F,QLD,6228299.0,5107271.0,1673.0,5108944,0.82,Black Coal,2019
Wivenhoe Power Station,F,QLD,115075.0,31.0,161431.0,161462,0.0,Hydro,2019
Broadwater Power Plant,F,NSW,236743.0,6433.0,2032.0,8465,0.03,Bagasse,2019
Condong Power Plant,F,NSW,219063.0,5688.0,749.0,6437,0.03,Bagasse,2019
Facility,F,VIC,82495.0,6.0,91.0,97,0.0,Wind,2019
White Rock Wind Farm Pty Ltd,F,NSW,531669.0,63.0,418.0,481,0.0,Wind,2019
Appin CSM Power Station,F,NSW,226499.0,157660.0,7.0,157667,0.7,Waste Coal Mine Gas,2019
Ardyaloon Facility,F,WA,1834.0,1291.0,0.0,1291,0.7,Diesel,2019
Beagle Bay Facility,F,WA,1754.0,1239.0,0.0,1239,0.71,Diesel,2019
Belrose LFG Power Station,F,NSW,2933.0,163.0,0.0,163,0.06,Landfill Gas,2019
Berwick LFG Power Station,F,VIC,10922.0,551.0,234.0,785,0.05,Landfill Gas,2019
Bidyadanga Facility,F,WA,3038.0,2196.0,0.0,2196,0.72,Diesel,2019
Broadmeadows LFG Power Station,F,VIC,13159.0,659.0,121.0,780,0.05,Landfill Gas,2019
Brooklyn LFG Power Station,F,VIC,9989.0,559.0,3.0,562,0.06,Landfill Gas,2019
Broome LNG Power Station,F,WA,135631.0,76019.0,36.0,76055,0.56,Gas,2019
Browns Plains LFG Power Station,F,QLD,14664.0,849.0,3.0,852,0.06,Landfill Gas,2019
Clayton LFG Power Station,F,VIC,89197.0,4354.0,360.0,4714,0.05,Landfill Gas,2019
Coober Pedy Facility,F,SA,16769.0,1846.0,0.0,1846,0.11,Wind,2019
Corio LFG Power Station,F,VIC,7477.0,381.0,12.0,393,0.05,Landfill Gas,2019
Cullerin Range Wind Farm,F,NSW,105027.0,21.0,85.0,106,0.0,Wind,2019
Derby LNG Power Station,F,WA,34222.0,20497.0,0.0,20497,0.6,Gas,2019
Djarindjin Facility,F,WA,1824.0,1282.0,0.0,1282,0.7,Diesel,2019
Eastern Creek LFG Power Station,F,NSW,6777.0,365.0,5.0,370,0.05,Landfill Gas,2019
Fitzroy Crossing LNG Power Station,F,WA,15669.0,10069.0,0.0,10069,0.64,Gas,2019
Gascoyne Facility,F,WA,742.0,591.0,0.0,591,0.8,Diesel,2019
German Creek CMM Power Station,F,QLD,315670.0,166706.0,19.0,166725,0.53,Waste Coal Mine Gas,2019
Glennies Creek WCMG Power Station,F,NSW,75830.0,39306.0,5.0,39311,0.52,Waste Coal Mine Gas,2019
Grange Avenue LFG Power Station,F,NSW,4697.0,259.0,8.0,267,0.06,Landfill Gas,2019
Grosvenor 1 WCMG Power Station,F,QLD,149890.0,83606.0,11.0,83617,0.56,Waste Coal Mine Gas,2019
Grosvenor 2 WCMG Power Station,F,QLD,115651.0,65352.0,9.0,65361,0.57,Waste Coal Mine Gas,2019
Halls Creek LNG Power Station,F,WA,12310.0,8201.0,0.0,8201,0.67,Gas,2019
Jack's Gully LFG Power Station,F,NSW,10979.0,638.0,2.0,640,0.06,Landfill Gas,2019
Kalamunda Power Station,F,WA,7.0,4.0,3.0,7,0.57,Diesel,2019
Laverton Facility,F,WA,3941.0,2748.0,0.0,2748,0.7,Diesel,2019
Leonora Facility,F,WA,8516.0,6247.0,0.0,6247,0.73,Gas,2019
Looma NGD power Station,F,WA,2469.0,2053.0,0.0,2053,0.83,Diesel,2019
Lucas Heights 1 LFG Power Station,F,NSW,14313.0,836.0,4.0,840,0.06,Landfill Gas,2019
Lucas Heights 2 LFG Power Station,F,NSW,104538.0,6008.0,1.0,6009,0.06,Landfill Gas,2019
McArthur River Power Station,F,NT,295845.0,139771.0,0.0,139771,0.47,Gas,2019
Menzies Facility,F,WA,720.0,562.0,0.0,562,0.78,Diesel,2019
Moranbah North CMM Power Station,F,QLD,437666.0,245994.0,4.0,245998,0.56,Waste Coal Mine Gas,2019
Mugga Lane LFG Power Station,F,ACT,29106.0,1681.0,1.0,1682,0.06,Landfill Gas,2019
Oaky Creek II WCMG Power Station,F,QLD,109293.0,55785.0,24.0,55809,0.51,Waste Coal Mine Gas,2019
Oaky Creek WCMG Power Station,F,QLD,133050.0,68111.0,17.0,68128,0.51,Waste Coal Mine Gas,2019
Pine Creek A Power Station,F,NT,145164.0,85034.0,0.0,85034,0.59,Gas,2019
Red Hill LFG Power Station,F,WA,26019.0,1270.0,0.0,1270,0.05,Landfill Gas,2019
Roghan Road LFG Power Station,F,QLD,294.0,21.0,24.0,45,0.07,Landfill Gas,2019
Springvale LFG Power Station,F,VIC,12565.0,630.0,7.0,637,0.05,Landfill Gas,2019
Tahmoor WCMG Power Station,F,NSW,46488.0,26059.0,5.0,26064,0.56,Waste Coal Mine Gas,2019
Tamala Park LFG Power Station,F,WA,37125.0,1814.0,0.0,1814,0.05,Landfill Gas,2019
Tower CSM Power Station,F,NSW,105786.0,70181.0,103.0,70284,0.66,Waste Coal Mine Gas,2019
Warmun Facility,F,WA,2853.0,2109.0,0.0,2109,0.74,Diesel,2019
Weipa Solar Power Station,F,QLD,2547.0,0.0,11.0,11,0.0,Solar,2019
West Belconnen LFG Power Station,F,ACT,1730.0,118.0,19.0,137,0.07,Landfill Gas,2019
Wingfield 1 LFG Power Station,F,SA,15413.0,755.0,0.0,755,0.05,Landfill Gas,2019
Wingfield 2 LFG Power Station,F,SA,12359.0,606.0,1.0,607,0.05,Landfill Gas,2019
Wonthaggi Wind Farm,F,VIC,29225.0,4.0,51.0,55,0.0,Wind,2019
Clare Solar Farm,F,QLD,147953.0,213.0,847.0,1060,0.0,Solar,2019
Cue Town Powerstation,F,WA,3386.0,2379.0,0.0,2379,0.7,Diesel,2019
Meekatharra Town Powerstation,F,WA,6440.0,4359.0,0.0,4359,0.68,Diesel,2019
Mt Magnet Town Powerstation,F,WA,3839.0,2411.0,0.0,2411,0.63,Gas,2019
Norseman Gold Power Station,F,WA,3639.0,2602.0,0.0,2602,0.72,Diesel,2019
Sandstone Town Powerstation,F,WA,665.0,502.0,0.0,502,0.75,Diesel,2019
Wiluna Town Powerstation,F,WA,2488.0,1792.0,0.0,1792,0.72,Diesel,2019
Yalgoo Town Powerstation,F,WA,965.0,752.0,0.0,752,0.78,Diesel,2019
Collgar Wind Farm,F,WA,715503.0,310.0,558.0,868,0.0,Wind,2019
Boco Rock Wind Farm Pty Ltd,F,NSW,375693.0,15.0,797.0,812,0.0,Wind,2019
Vales Point Power Station,F,NSW,7848071.0,6747979.0,54325.0,6802304,0.86,Black Coal,2019
Royalla Solar Farm,F,ACT,38047.0,0.0,181.0,181,0.0,Solar,2019
GESS ProjectCo Pty Ltd,F,VIC,0.0,15.0,1181.0,1196,0.0,Battery,2019
Hamilton Solar Farm Pty Ltd,F,QLD,92481.0,41.0,0.0,41,0.0,Solar,2019
The Daydream Solar Farm Trust,F,QLD,137988.0,34.0,0.0,34,0.0,Solar,2019
The Hayman Solar Farm Trust,F,QLD,26613.0,16.0,0.0,16,0.0,Solar,2019
Whitsunday Solar Farm Pty,F,QLD,84201.0,40.0,0.0,40,0.0,Solar,2019
Albany Wind Farm,F,WA,30748.0,12.0,1.0,13,0.0,Wind,2019
Bremer Bay Wind Diesel Power Station,F,WA,1731.0,13.0,2.0,15,0.01,Wind,2019
Cockburn Power Station,F,WA,95645.0,37334.0,0.0,37334,0.39,Gas,2019
Collie Power Station,F,WA,1583490.0,1435225.0,7756.0,1442981,0.91,Black Coal,2019
Coral Bay Wind Diesel Power Station,F,WA,3390.0,1696.0,0.0,1696,0.5,Diesel,2019
Denham Wind Farm,F,WA,1809.0,0.0,1.0,1,0.0,Wind,2019
Esperance Wind Farm,F,WA,15513.0,1.0,6.0,7,0.0,Wind,2019
Hopetoun Wind Diesel Power Station,F,WA,4752.0,2138.0,0.0,2138,0.45,Diesel,2019
Kalbarri Wind Farm,F,WA,3959.0,0.0,2.0,2,0.0,Wind,2019
Kalgoorlie Gas Turbine Station,F,WA,3121.0,2998.0,0.0,2998,0.96,Gas,2019
Kwinana Power Station,F,WA,895605.0,463481.0,511.0,463992,0.52,Gas,2019
Muja Power Station,F,WA,3835187.0,3528550.0,1466.0,3530016,0.92,Black Coal,2019
Mungarra Gas Turbine Station,F,WA,5531.0,4294.0,0.0,4294,0.78,Gas,2019
Pinjar Gas Turbine Station,F,WA,521037.0,428939.0,0.0,428939,0.82,Gas,2019
Ravensthorpe Power Station,F,WA,279.0,187.0,0.0,187,0.67,Diesel,2019
Aurukun Remote generation,F,QLD,6366.0,4414.0,0.0,4414,0.69,Diesel,2019
Badu Island Remote Generation,F,QLD,3035.0,2132.0,0.0,2132,0.7,Diesel,2019
Bamaga Remote Generation,F,QLD,14148.0,9921.0,0.0,9921,0.7,Diesel,2019
Barcaldine Power Station Facility,F,QLD,2468.0,5689.0,259.0,5948,2.31,Gas,2019
Bedourie Remote Generation,F,QLD,1396.0,929.0,0.0,929,0.67,Diesel,2019
Birdsville Remote Generation,F,QLD,1928.0,1259.0,0.0,1259,0.65,Diesel,2019
Boigu Island Remote Generation,F,QLD,1184.0,881.0,0.0,881,0.74,Diesel,2019
Boulia Remote Generation,F,QLD,2836.0,1729.0,0.0,1729,0.61,Diesel,2019
Burketown Remote Generation,F,QLD,2504.0,2038.0,0.0,2038,0.81,Diesel,2019
Camooweal Remote Generation,F,QLD,2379.0,1658.0,0.0,1658,0.7,Diesel,2019
Coconut Island Remote Generation,F,QLD,1020.0,756.0,0.0,756,0.74,Diesel,2019
Coen Remote Generation,F,QLD,1742.0,1164.0,0.0,1164,0.67,Diesel,2019
Darnley Island Remote Generation,F,QLD,1402.0,1029.0,0.0,1029,0.73,Diesel,2019
Dauan Island Remote Generation,F,QLD,841.0,627.0,0.0,627,0.75,Diesel,2019
Doomadgee Remote Generation,F,QLD,7006.0,4474.0,0.0,4474,0.64,Diesel,2019
Energy Impact - Bromelton Peak Generation Plant - Facility,F,QLD,280.0,203.0,444.0,647,0.72,Diesel,2019
Energy Impact - Generation - Facility,F,QLD,330.0,233.0,0.0,233,0.71,Diesel,2019
Gununa Remote Generation,F,QLD,6113.0,4282.0,0.0,4282,0.7,Diesel,2019
Hammond Island,F,QLD,662.0,527.0,0.0,527,0.8,Diesel,2019
Jundah Remote Generation,F,QLD,1022.0,750.0,0.0,750,0.73,Diesel,2019
Kowanyama Remote Generation,F,QLD,4927.0,3427.0,0.0,3427,0.7,Diesel,2019
Kubin Island Remote Generation,F,QLD,2115.0,1450.0,0.0,1450,0.69,Diesel,2019
Lockhart River Remote Generation,F,QLD,2551.0,1843.0,0.0,1843,0.72,Diesel,2019
Mabuig Island Remote Generation,F,QLD,1083.0,807.0,0.0,807,0.75,Diesel,2019
Mapoon Remote Generation,F,QLD,1559.0,1066.0,0.0,1066,0.68,Diesel,2019
Murray Island Remote Generation,F,QLD,2187.0,1454.0,0.0,1454,0.66,Diesel,2019
Palm Island Remote Generation,F,QLD,7768.0,5442.0,0.0,5442,0.7,Diesel,2019
Pormpuraaw,F,QLD,3179.0,2246.0,0.0,2246,0.71,Diesel,2019
Sabai Island Remote Generation,F,QLD,1511.0,1088.0,0.0,1088,0.72,Diesel,2019
Stephen Island Remote Generation,F,QLD,414.0,315.0,0.0,315,0.76,Diesel,2019
Thursday Island Remote Generation,F,QLD,24336.0,16454.0,0.0,16454,0.68,Diesel,2019
Warraber Island Remote Generation,F,QLD,1305.0,946.0,0.0,946,0.72,Diesel,2019
Wasaga Remote Generation,F,QLD,4188.0,3088.0,0.0,3088,0.74,Diesel,2019
Windorah Remote Generation,F,QLD,1129.0,787.0,0.0,787,0.7,Diesel,2019
Yam Island,F,QLD,1603.0,1066.0,0.0,1066,0.67,Diesel,2019
York Island,F,QLD,1413.0,941.0,0.0,941,0.67,Diesel,2019
Hallett Power Station,F,SA,19902.0,19790.0,1897.0,21687,0.99,Gas,2019
Jeeralang Power Station,F,VIC,148187.0,110929.0,6636.0,117565,0.75,Gas,2019
Mt Piper Power Station,F,NSW,6894478.0,5916404.0,28551.0,5944955,0.86,Black Coal,2019
Newport Power Station,F,VIC,721749.0,381551.0,25209.0,406760,0.53,Gas,2019
Tallawarra Power Station,F,NSW,956017.0,355272.0,7310.0,362582,0.37,Gas,2019
Yallourn Power Station,F,VIC,10133040.0,13302360.0,164842.0,13467202,1.31,Brown Coal,2019
Newgen Neerabup Power Station,F,WA,186895.0,112916.0,2920.0,115836,0.6,Gas,2019
Oakey Power Station,F,QLD,17126.0,11734.0,2104.0,13838,0.69,Gas,2019
Esperance Power Station,F,WA,64905.0,51930.0,0.0,51930,0.8,Gas,2019
Essential Energy Generation Facility - Broken Hill Gas Turbine,F,NSW,39.0,0.0,261.0,261,0.0,Diesel,2019
Exmouth Power Station Pty Ltd,F,WA,25095.0,17269.0,0.0,17269,0.69,Gas,2019
Solomon Power Station,F,WA,289961.0,182117.0,0.0,182117,0.63,Gas,2019
Crookwell 2 Wind farm,F,NSW,179948.0,308.0,189.0,497,0.0,Wind,2019
Parkeston Power Station,F,WA,167516.0,99889.0,0.0,99889,0.6,Gas,2019
Wyangala A,F,NSW,42293.0,0.0,0.0,0,0.0,Hydro,2019
Bastyan Hydro Power Station,F,TAS,382419.0,0.0,23.0,23,0.0,Hydro,2019
Butlers Gorge Hydro Power Station,F,TAS,95734.0,0.0,0.0,0,0.0,Hydro,2019
Catagunya Hydro Power Station,F,TAS,229589.0,0.0,30.0,30,0.0,Hydro,2019
Cethana Hydro Power Station,F,TAS,406671.0,0.0,445.0,445,0.0,Hydro,2019
Cluny Hydro Power Station,F,TAS,88599.0,0.0,21.0,21,0.0,Hydro,2019
Devils Gate Hydro Power Station,F,TAS,147788.0,0.0,44.0,44,0.0,Hydro,2019
Fisher Hydro Power Station,F,TAS,247136.0,0.0,0.0,0,0.0,Hydro,2019
Flinders Island Power Station,F,TAS,4758.0,1955.0,17.0,1972,0.41,Wind,2019
Gordon Hydro Power Station,F,TAS,1502998.0,0.0,129.0,129,0.0,Hydro,2019
John Butters Hydro Power Station,F,TAS,573856.0,0.0,350.0,350,0.0,Hydro,2019
King Island Power Station,F,TAS,13057.0,4223.0,0.0,4223,0.32,Wind,2019
Lake Echo Hydro Power Station,F,TAS,82348.0,0.0,16.0,16,0.0,Hydro,2019
Lake Margaret Lower Hydro Power station,F,TAS,8148.0,0.0,5.0,5,0.0,Hydro,2019
Lake Margaret Upper Hydro Power Station,F,TAS,43310.0,0.0,2.0,2,0.0,Hydro,2019
Lemonthyme Hydro Power Station,F,TAS,282835.0,0.0,44.0,44,0.0,Hydro,2019
Liapootah Hydro Power Station,F,TAS,448681.0,0.0,68.0,68,0.0,Hydro,2019
Mackintosh Hydro Power Station,F,TAS,379343.0,0.0,35.0,35,0.0,Hydro,2019
Meadowbank Hydro Power Station,F,TAS,171141.0,0.0,21.0,21,0.0,Hydro,2019
Paloona Hydro Power Station,F,TAS,125953.0,0.0,19.0,19,0.0,Hydro,2019
Parangana Hydro Power Station,F,TAS,4593.0,0.0,0.0,0,0.0,Hydro,2019
Poatina Hydro Power Station,F,TAS,1319211.0,0.0,1243.0,1243,0.0,Hydro,2019
Reece Hydro Power Station,F,TAS,985826.0,0.0,1427.0,1427,0.0,Hydro,2019
Rowallan Hydro Power Station,F,TAS,44345.0,0.0,0.0,0,0.0,Hydro,2019
Tamar Valley Power Station,F,TAS,483455.0,217235.0,1714.0,218949,0.45,Gas,2019
Tarraleah Hydro Power Station,F,TAS,641683.0,0.0,116.0,116,0.0,Hydro,2019
Tods Corner Hydro Power Station,F,TAS,1596.0,0.0,7.0,7,0.0,Hydro,2019
Trevallyn Hydro Power Station,F,TAS,405142.0,0.0,39.0,39,0.0,Hydro,2019
Tribute Hydro Power Station,F,TAS,240838.0,0.0,50.0,50,0.0,Hydro,2019
Tungatinah Hydro Power Station,F,TAS,576770.0,0.0,142.0,142,0.0,Hydro,2019
Wayatinah Hydro Power Station,F,TAS,256056.0,0.0,54.0,54,0.0,Hydro,2019
Wilmot Hydro Power Station,F,TAS,128471.0,0.0,44.0,44,0.0,Hydro,2019
Baking Board Solar Farm,F,QLD,17268.0,9.0,46.0,55,0.0,Solar,2019
Karratha Solar Power No 1 Pty Ltd,F,WA,1963.0,0.0,9.0,9,0.0,Solar,2019
Mount Majura Solar Farm,F,ACT,4129.0,0.0,1.0,1,0.0,Solar,2019
Swan Hill Solar Farm,F,VIC,35398.0,2.0,106.0,108,0.0,Solar,2019
Williamsdale Solar Farm,F,ACT,20543.0,2.0,58.0,60,0.0,Solar,2019
Alinta Wind Farm,F,WA,349908.0,77.0,565.0,642,0.0,Wind,2019
Bodangora Wind Farm,F,NSW,100725.0,53.0,90.0,143,0.0,Wind,2019
Capital Wind Farm,F,NSW,368895.0,144.0,765.0,909,0.0,Wind,2019
"Lake Bonney Stage 1,2 & 3 Wind Farm",F,SA,678144.0,103.0,821.0,924,0.0,Wind,2019
Smithfield Gas Turbine,F,NSW,2649.0,1836.0,127.0,1963,0.69,Gas,2019
Woodlawn Wind Farm,F,NSW,151720.0,46.0,178.0,224,0.0,Wind,2019
Canunda Wind Farm,F,SA,131763.0,13.0,101.0,114,0.0,Wind,2019
Dry Creek Power Station,F,SA,8267.0,8190.0,383.0,8573,0.99,Gas,2019
Mintaro Power Station,F,SA,11069.0,9524.0,96.0,9620,0.86,Gas,2019
Pelican Point Power Station,F,SA,3082665.0,1220745.0,3452.0,1224197,0.4,Gas,2019
Port Lincoln Power Station,F,SA,2747.0,4246.0,322.0,4568,1.55,Diesel,2019
Snuggery Power Station,F,SA,1552.0,1753.0,439.0,2192,1.13,Diesel,2019
KARADOC SOLAR FARM,F,VIC,127551.0,0.0,326.0,326,0.0,Solar,2019
Barcaldine Remote Community Solar Farm Pty Ltd,F,QLD,54797.0,0.0,122.0,122,0.0,Solar,2019
Kiata Wind Farm Pty Ltd,F,VIC,131725.0,7.0,165.0,172,0.0,Wind,2019
Benaraby LFGE Station,F,QLD,7118.0,467.0,0.0,467,0.07,Landfill Gas,2019
Bunya LFGE Station,F,QLD,2858.0,342.0,0.0,342,0.12,Landfill Gas,2019
Caboolture LFGE Station,F,QLD,9667.0,672.0,0.0,672,0.07,Landfill Gas,2019
Dakabin LFGE Station,F,QLD,11464.0,633.0,0.0,633,0.06,Landfill Gas,2019
Maryborough LFGE Station,F,QLD,7718.0,513.0,0.0,513,0.07,Landfill Gas,2019
Willawong LFGE Station,F,QLD,4575.0,305.0,0.0,305,0.07,Landfill Gas,2019
Emerald Solar Park,F,QLD,115635.0,0.0,1.0,1,0.0,Solar,2019
Lilyvale Solar Farm,F,QLD,39614.0,15.0,211.0,226,0.0,Solar,2019
Albury Renewable Energy Facility,F,NSW,6066.0,344.0,0.0,344,0.06,Landfill Gas,2019
Awaba Renewable Energy Facility,F,NSW,5420.0,301.0,0.0,301,0.06,Landfill Gas,2019
Ballarat Renewable Energy Facility,F,VIC,6665.0,386.0,0.0,386,0.06,Landfill Gas,2019
Bendigo Renewable Energy Facility,F,VIC,3886.0,216.0,0.0,216,0.06,Landfill Gas,2019
Birkdale Renewable Energy Facility,F,QLD,4997.0,285.0,0.0,285,0.06,Landfill Gas,2019
Copping Renewable Energy Facility,F,TAS,3110.0,161.0,0.0,161,0.05,Landfill Gas,2019
Darwin Renewable Energy Facility,F,NT,8785.0,492.0,0.0,492,0.06,Landfill Gas,2019
Drysdale Renewable Energy Facility,F,VIC,3726.0,199.0,0.0,199,0.05,Landfill Gas,2019
Eastern Creek 2 Renewable Energy Facility,F,NSW,52598.0,2813.0,0.0,2813,0.05,Landfill Gas,2019
Hampton Park Renewable Energy Facility,F,VIC,62785.0,3252.0,0.0,3252,0.05,Landfill Gas,2019
Ipswich Renewable Energy Facility,F,QLD,4156.0,241.0,0.0,241,0.06,Landfill Gas,2019
Mornington Peninsula Renewable Energy Facility,F,VIC,6334.0,344.0,0.0,344,0.05,Landfill Gas,2019
NAWMA Renewable Energy Facility,F,SA,9271.0,531.0,0.0,531,0.06,Landfill Gas,2019
NAWMA Solar Facility,F,SA,1909.0,0.0,0.0,0,0.0,Solar,2019
Newcastle Renewable Energy Facility,F,NSW,18637.0,995.0,0.0,995,0.05,Landfill Gas,2019
Remount Renewable Energy Facility,F,TAS,9419.0,496.0,0.0,496,0.05,Landfill Gas,2019
Rochedale Renewable Energy Facility,F,QLD,38413.0,2182.0,0.0,2182,0.06,Landfill Gas,2019
Shepparton Renewable Energy Facility,F,VIC,6483.0,357.0,0.0,357,0.06,Landfill Gas,2019
South Cardup Renewable Energy Facility,F,WA,29642.0,1674.0,0.0,1674,0.06,Landfill Gas,2019
Stapylton Renewable Energy Facility,F,QLD,23423.0,1295.0,0.0,1295,0.06,Landfill Gas,2019
Swanbank Renewable Energy Facility,F,QLD,12349.0,692.0,0.0,692,0.06,Landfill Gas,2019
Wollert Renewable Energy Facility,F,VIC,58772.0,3264.0,0.0,3264,0.06,Landfill Gas,2019
Wyndham Renewable Energy Facility,F,VIC,24608.0,1375.0,0.0,1375,0.06,Landfill Gas,2019
Wyong Renewable Energy Facility,F,NSW,18919.0,1070.0,0.0,1070,0.06,Landfill Gas,2019
Longreach SF,F,QLD,32579.0,0.0,0.0,0,0.0,Solar,2019
Kwinana Cogeneration Plant,F,WA,829620.0,444053.0,0.0,444053,0.54,Gas,2019
Burrinjuck Hydro,F,NSW,23970.0,31.0,72.0,103,0.0,Hydro,2019
Hume Hydro,F,NSW,175541.0,47.0,95.0,142,0.0,Hydro,2019
Mt Mercer Wind farm Pty Ltd,F,VIC,366740.0,165.0,0.0,165,0.0,Wind,2019
Mt Millar Wind Farm Pty Ltd,F,SA,178015.0,63.0,0.0,63,0.0,Wind,2019
Alfred Hospital Cogeneration Plant,F,VIC,14917.0,14334.0,445.0,14779,0.96,Gas,2019
Dandenong Hospital Cogeneration Plant,F,VIC,15858.0,14243.0,330.0,14573,0.9,Gas,2019
Geelong Hospital Cogeneration Plant,F,VIC,17236.0,13360.0,393.0,13753,0.78,Gas,2019
Royal Melbourne Hospital Cogeneration Plant,F,VIC,35174.0,29761.0,382.0,30143,0.85,Gas,2019
ST. Vincent’s Hospital Cogeneration Plant,F,VIC,16144.0,14783.0,416.0,15199,0.92,Gas,2019
Mortons Lane Windfarm Pty Ltd,F,VIC,65717.0,0.0,0.0,0,0.0,Wind,2019
Mumbida Wind Farm Pty Ltd,F,WA,200742.0,72.0,328.0,400,0.0,Wind,2019
COLEAMBALLY SOLAR PTY LTD,F,NSW,277195.0,42.0,1068.0,1110,0.0,Solar,2019
DEGRUSSA SOLAR PROJECT PTY LTD,F,WA,22067.0,4.0,282.0,286,0.0,Solar,2019
DUBBO SOLAR HUB PTY LTD,F,NSW,59507.0,7.0,82.0,89,0.0,Solar,2019
GRIFFITH SOLAR FARM PTY LTD,F,NSW,69706.0,11.0,106.0,117,0.0,Solar,2019
HORNSDALE POWER RESERVE PTY LTD,F,SA,0.0,34.0,4225.0,4259,0.0,Battery,2019
HWF1 Pty Ltd,F,SA,378024.0,27.0,110.0,137,0.0,Wind,2019
HWF2 Pty Ltd,F,SA,358805.0,27.0,113.0,140,0.0,Wind,2019
HWF3 PTY LTD,F,SA,379566.0,28.0,110.0,138,0.0,Wind,2019
NUMURKAH SOLAR FARM PTY LTD,F,VIC,12839.0,42.0,255.0,297,0.0,Solar,2019
PARKES SOLAR FARM PTY LTD,F,NSW,135889.0,20.0,273.0,293,0.0,Solar,2019
Kwinana Gas Fired Power Station,F,WA,2016881.0,793003.0,156.0,793159,0.39,Gas,2019
Gladstone Power Station,F,QLD,8424972.0,7868001.0,49198.0,7917199,0.93,Black Coal,2019
Australand,F,NSW,3.0,0.0,0.0,0,0.0,Gas,2019
Ballarat Solar Park,F,VIC,197.0,0.0,2.0,2,0.0,Solar,2019
Bendigo Solar Park,F,VIC,465.0,0.0,4.0,4,0.0,Solar,2019
Blackmores,F,NSW,1339.0,955.0,55.0,1010,0.71,Gas,2019
Bond,F,NSW,790.0,457.0,32.0,489,0.58,Gas,2019
Chifley Square,F,NSW,998.0,547.0,41.0,588,0.55,Gas,2019
Darling Downs Power Station,F,QLD,1044073.0,438533.0,17971.0,456504,0.42,Gas,2019
Drapac,F,VIC,605.0,381.0,32.0,413,0.63,Gas,2019
Eraring Power Station,F,NSW,17954041.0,15443593.0,14372.0,15457965,0.86,Black Coal,2019
Exhibition Street,F,VIC,2017.0,1144.0,108.0,1252,0.57,Gas,2019
Kent Street,F,NSW,3097.0,1611.0,127.0,1738,0.52,Gas,2019
La Trobe,F,VIC,651.0,399.0,35.0,434,0.61,Gas,2019
Ladbroke Grove Power Station,F,SA,159056.0,84409.0,459.0,84868,0.53,Gas,2019
Mirvac,F,NSW,4945.0,2729.0,203.0,2932,0.55,Gas,2019
Mortlake Power Station,F,VIC,1215527.0,678503.0,5027.0,683530,0.56,Gas,2019
Mount,F,NSW,2051.0,1164.0,84.0,1248,0.57,Gas,2019
Mt Stuart Power Station,F,QLD,6307.0,10728.0,3504.0,14232,1.7,Kerosene,2019
Quarantine Power Station,F,SA,198840.0,124871.0,1661.0,126532,0.63,Gas,2019
Roma Power Station,F,QLD,21448.0,16028.0,951.0,16979,0.75,Gas,2019
Shoalhaven Scheme,F,NSW,157612.0,1220.0,237738.0,238958,0.01,Hydro,2019
Stockland Headquarters,F,NSW,1313.0,760.0,54.0,814,0.58,Gas,2019
University of NSW,F,NSW,2405.0,1328.0,99.0,1427,0.55,Gas,2019
Uranquinty Power Station,F,NSW,374351.0,208897.0,4451.0,213348,0.56,Gas,2019
Millmerran Power Station (facility),F,QLD,6137307.0,5046040.0,4391.0,5050431,0.82,Black Coal,2019
Ross River Solar Farm,F,QLD,121925.0,24.0,556.0,580,0.0,Solar,2019
Waterloo Wind Farm,F,SA,399253.0,82.0,195.0,277,0.0,Wind,2019
Kwinana Swift Power Station,F,WA,104676.0,61160.0,1390.0,62550,0.58,Gas,2019
Bairnsdale Power Station,F,VIC,194936.0,104191.0,902.0,105093,0.53,Gas,2019
Braemar Power Station,F,QLD,395047.0,230480.0,1941.0,232421,0.58,Coal Seam Methane,2019
Loy Yang B Power Station,F,VIC,8443824.0,9560299.0,3821.0,9564120,1.13,Brown Coal,2019
Newman Power Station,F,WA,270177.0,191945.0,0.0,191945,0.71,Gas,2019
Port Hedland Power Station,F,WA,519220.0,387531.0,0.0,387531,0.75,Gas,2019
Wagerup Power Station,F,WA,533694.0,300025.0,4533.0,304558,0.56,Gas,2019
Alpurrurulam (Lake Nash),F,NT,1577.0,1137.0,0.0,1137,0.72,Diesel,2019
Amanbidgi (Kildurk),F,NT,274.0,265.0,0.0,265,0.97,Diesel,2019
"Ampilatwatja (Alparra, Ammaroo)",F,NT,6063.0,2412.0,0.0,2412,0.4,Diesel,2019
Amunturangu (Mount Liebig),F,NT,1483.0,546.0,0.0,546,0.37,Diesel,2019
Aputula (Finke),F,NT,1508.0,616.0,0.0,616,0.41,Diesel,2019
Areyonga (Utju),F,NT,1713.0,651.0,0.0,651,0.38,Diesel,2019
Atitjere (Harts Range),F,NT,1590.0,672.0,0.0,672,0.42,Diesel,2019
Borroloola Generation,F,NT,6118.0,4177.0,0.0,4177,0.68,Diesel,2019
Bulla Camp,F,NT,314.0,303.0,0.0,303,0.97,Diesel,2019
Bulman,F,NT,1563.0,879.0,0.0,879,0.56,Diesel,2019
Daly Waters Generation,F,NT,1305.0,890.0,0.0,890,0.68,Diesel,2019
Elliot Generation,F,NT,3096.0,2208.0,0.0,2208,0.71,Gas,2019
Engawala (Alcoota),F,NT,550.0,417.0,0.0,417,0.76,Diesel,2019
Epenarra (Wutunugurra),F,NT,851.0,671.0,0.0,671,0.79,Diesel,2019
Eva Valley,F,NT,358.0,287.0,0.0,287,0.8,Diesel,2019
Galiwinku (Elcho Island),F,NT,10578.0,4702.0,0.0,4702,0.44,Diesel,2019
Gapuwiyak (Lake Evella),F,NT,3881.0,2117.0,0.0,2117,0.55,Diesel,2019
Gunbalanya (Oenpelli),F,NT,6688.0,3536.0,0.0,3536,0.53,Diesel,2019
Ikuntji (Haasts Bluff),F,NT,783.0,624.0,0.0,624,0.8,Diesel,2019
Imangara (Murray Downs),F,NT,360.0,278.0,0.0,278,0.77,Diesel,2019
Imanpa (Mount Ebenezer),F,NT,588.0,439.0,0.0,439,0.75,Diesel,2019
Kalkaringi (Wave Hill),F,NT,2900.0,2025.0,0.0,2025,0.7,Diesel,2019
Kaltukatjara (Docker River),F,NT,2674.0,1053.0,0.0,1053,0.39,Diesel,2019
Lajamanu (Hooker Creek),F,NT,5460.0,2029.0,0.0,2029,0.37,Diesel,2019
Laramba (Napperby),F,NT,955.0,685.0,0.0,685,0.72,Diesel,2019
Maningrida,F,NT,14005.0,5285.0,0.0,5285,0.38,Diesel,2019
Milikapiti (Snake Bay),F,NT,2222.0,1664.0,0.0,1664,0.75,Diesel,2019
Milingimbi,F,NT,5716.0,2441.0,0.0,2441,0.43,Diesel,2019
Milyakburra (Bickerton Island),F,NT,1309.0,575.0,0.0,575,0.44,Diesel,2019
Minjilang (Croker Island),F,NT,2107.0,922.0,0.0,922,0.44,Diesel,2019
Minyerri (Hodgson Downs),F,NT,3989.0,1627.0,0.0,1627,0.41,Diesel,2019
Nauiyu Nambiyu (Daly River),F,NT,2912.0,1110.0,0.0,1110,0.38,Diesel,2019
Nguiu (Bathurst Island),F,NT,9304.0,4893.0,0.0,4893,0.53,Diesel,2019
Ngukurr (Roper River),F,NT,6218.0,3269.0,0.0,3269,0.53,Diesel,2019
Numbulwar (Rose River),F,NT,2936.0,2087.0,0.0,2087,0.71,Diesel,2019
Nyirripi (Waite Creek),F,NT,1549.0,642.0,0.0,642,0.41,Diesel,2019
Orwaitilla (Canteen Creek),F,NT,960.0,674.0,0.0,674,0.7,Diesel,2019
Palumpa,F,NT,1458.0,1024.0,0.0,1024,0.7,Diesel,2019
Papunya,F,NT,1973.0,1399.0,0.0,1399,0.71,Diesel,2019
Peppimenarti,F,NT,1306.0,924.0,0.0,924,0.71,Diesel,2019
Pidgeon Hole,F,NT,472.0,365.0,0.0,365,0.77,Diesel,2019
Pirlangimpi (Garden Point),F,NT,2050.0,1572.0,0.0,1572,0.77,Diesel,2019
Ramingining,F,NT,5198.0,2015.0,0.0,2015,0.39,Diesel,2019
Robinson River,F,NT,1107.0,781.0,0.0,781,0.71,Diesel,2019
Tara (Neutral Junction),F,NT,317.0,257.0,0.0,257,0.81,Diesel,2019
Ti Tree Generation,F,NT,2597.0,1884.0,0.0,1884,0.73,Diesel,2019
Timber Creek,F,NT,3027.0,2122.0,0.0,2122,0.7,Diesel,2019
Titjikala (Maryvale),F,NT,1625.0,695.0,0.0,695,0.43,Diesel,2019
Umbakumba,F,NT,2496.0,1916.0,0.0,1916,0.77,Diesel,2019
Wadeye (Port Keats),F,NT,9605.0,5817.0,0.0,5817,0.61,Gas,2019
Walungurru (Kintore),F,NT,2878.0,1108.0,0.0,1108,0.38,Diesel,2019
Warruwi (Goulburn Is),F,NT,2479.0,1219.0,0.0,1219,0.49,Diesel,2019
Wilora (Stirling),F,NT,344.0,274.0,0.0,274,0.8,Diesel,2019
Wirliyatjarrayi (Willowra),F,NT,1131.0,776.0,0.0,776,0.69,Diesel,2019
Yarralin,F,NT,1465.0,1004.0,0.0,1004,0.69,Diesel,2019
Yuendumu,F,NT,9636.0,3677.0,0.0,3677,0.38,Diesel,2019
Channel Island Power Station,F,NT,1008763.0,552216.0,0.0,552216,0.55,Gas,2019
Katherine Power Station,F,NT,40624.0,28349.0,0.0,28349,0.7,Gas,2019
Kings Canyon,F,NT,1487.0,1117.0,0.0,1117,0.75,Solar,2019
Owen Springs Power Station,F,NT,81894.0,51042.0,0.0,51042,0.62,Gas,2019
Ron Goodin Power Station,F,NT,125562.0,90061.0,0.0,90061,0.72,Gas,2019
Tennant Creek Power Station,F,NT,32519.0,22756.0,0.0,22756,0.7,Gas,2019
Weddell Power Station,F,NT,365753.0,215124.0,0.0,215124,0.59,Gas,2019
Yulara Power Station,F,NT,20739.0,13054.0,0.0,13054,0.63,Gas,2019
Visy Energy - Coolaroo Co-gen,F,VIC,19681.0,25045.0,11903.0,36948,1.27,Biofuel,2019
Visy Power Generation - Smithfield Energy Facility,F,NSW,15327.0,10647.0,1084.0,11731,0.69,Gas,2019
Condamine Power Station,F,QLD,717152.0,318941.0,812.0,319753,0.44,Gas,2019
Kemerton Power Station,F,WA,46296.0,32427.0,2587.0,35014,0.7,Gas,2019
Mount Emerald Wind farm Pty Ltd,F,QLD,371530.0,1061.0,466.0,1527,0.0,Wind,2019
Ratch-Australia Collinsville Solar PV Pty Ltd,F,QLD,24956.0,8.0,54.0,62,0.0,Solar,2019
Starfish Hill Wind Farm,F,SA,102363.0,32.0,46.0,78,0.0,Wind,2019
Toora Wind Farm,F,VIC,47954.0,11.0,254.0,265,0.0,Wind,2019
Townsville Power Station,F,QLD,257820.0,124246.0,3221.0,127467,0.48,Coal Seam Methane,2019
Windy Hill Wind Farm,F,QLD,26673.0,29.0,14.0,43,0.0,Wind,2019
Carnarvon Power Station & Distribution network,F,WA,40521.0,24722.0,17.0,24739,0.61,Gas,2019
Denham Power Station & Denham Distribution network,F,WA,3376.0,2513.0,0.0,2513,0.74,Diesel,2019
Kalumburu Power Station & Distribution network,F,WA,2128.0,1453.0,0.0,1453,0.68,Diesel,2019
Kununurra Power Station & Kununurra Distribution network,F,WA,97.0,162.0,56.0,218,1.66,Diesel,2019
Marble Bar Power Station & Marble Bar Distribution network,F,WA,2256.0,1208.0,0.0,1208,0.54,Diesel,2019
Murchison Radio Astronomy Power Station and Distribution Network,F,WA,3625.0,2149.0,0.0,2149,0.59,Diesel,2019
Nullagine Power Station & Nullagine Distribution network,F,WA,1636.0,715.0,0.0,715,0.44,Diesel,2019
Onslow Power Station & Onslow Distribution Network,F,WA,20019.0,9242.0,275.0,9517,0.46,Gas,2019
Wyndham Power Station & Distribution network,F,WA,196.0,40.0,0.0,40,0.2,Diesel,2019
Yungngora Power Station & Yungngora Distribution Network,F,WA,1771.0,1003.0,0.0,1003,0.57,Diesel,2019
FPC Green Energy,F,QLD,90866.0,3226.0,1609.0,4835,0.04,Bagasse,2019
Cape Lambert Power Station,F,WA,281210.0,157571.0,0.0,157571,0.56,Gas,2019
Paraburdoo Power Station,F,WA,430789.0,225741.0,0.0,225741,0.52,Gas,2019
West Angelas Power Station,F,WA,431950.0,229903.0,0.0,229903,0.53,Gas,2019
Yurralyi Maya Power Station,F,WA,580752.0,320417.0,0.0,320417,0.55,Gas,2019
Salt Creek Wind Farm,F,VIC,172841.0,33.0,285.0,318,0.0,Wind,2019
Wilga Park Power Station,F,NSW,95817.0,52505.0,1.0,52506,0.55,Coal Seam Methane,2019
Musselroe Wind Farm Pty LTd,F,TAS,611374.0,141.0,178.0,319,0.0,Wind,2019
Woolnorth Bluff Point Wind Farm Pty Ltd,F,TAS,250200.0,83.0,30.0,113,0.0,Wind,2019
Woolnorth Studland Bay Wind Farm Pty Ltd,F,TAS,277364.0,102.0,33.0,135,0.0,Wind,2019
SNOWTOWN SOUTH WIND FARM,F,SA,450589.0,97.0,124.0,221,0.0,Wind,2019
Snowtown Wind Farm,F,SA,356034.0,159.0,243.0,402,0.0,Wind,2019
SNOWTOWN WIND FARM STAGE 2,F,SA,449326.0,110.0,170.0,280,0.0,Wind,2019
Angaston Power Station,F,SA,1415.0,989.0,381.0,1370,0.7,Diesel,2019
Colongra Power Station,F,NSW,28864.0,16347.0,6155.0,22502,0.57,Gas,2019
Laverton North Power Station,F,VIC,107262.0,65894.0,3298.0,69192,0.61,Gas,2019
Lonsdale/Port Stanvac Power Station,F,SA,4297.0,2868.0,1043.0,3911,0.67,Diesel,2019
Snowy Hydro Ltd,F,NSW,3175030.0,1881.0,281930.0,283811,0.0,Hydro,2019
Valley Power,F,VIC,18891.0,14745.0,2889.0,17634,0.78,Gas,2019
Moree Solar Farm,F,NSW,150592.0,6.0,657.0,663,0.0,Solar,2019
Challicum Hills Wind Farm,F,VIC,138036.0,61.0,0.0,61,0.0,Wind,2019
Clements Gap Wind Farm,F,SA,179009.0,92.0,0.0,92,0.0,Wind,2019
Codrington Wind Farm,F,VIC,44086.0,28.0,0.0,28,0.0,Wind,2019
Crowlands Wind Farm,F,VIC,92779.0,1623.0,0.0,1623,0.02,Wind,2019
Eildon Pondage Hydro,F,VIC,14378.0,6.0,0.0,6,0.0,Hydro,2019
Glenmaggie Hydro,F,VIC,2696.0,4.0,0.0,4,0.0,Hydro,2019
Haughton Solar Farm,F,QLD,4243.0,429.0,0.0,429,0.1,Solar,2019
Ord Hydro,F,WA,217009.0,30.0,39.0,69,0.0,Hydro,2019
Portland Wind Farms,F,VIC,477582.0,72.0,0.0,72,0.0,Wind,2019
Taralga Wind Farm,F,NSW,284072.0,95.0,0.0,95,0.0,Wind,2019
The Drop Hydro,F,NSW,1725.0,4.0,0.0,4,0.0,Hydro,2019
William Hovell Hydro,F,VIC,3802.0,4.0,0.0,4,0.0,Hydro,2019
Yaloak South Wind Farm,F,VIC,86620.0,25.0,0.0,25,0.0,Wind,2019
Yambuk Wind Farm,F,VIC,91023.0,32.0,0.0,32,0.0,Wind,2019
Albany Windfarm,F,WA,65116.0,12.0,10.0,22,0.0,Wind,2019
Barron Gorge Power Station,F,QLD,331933.0,42.0,369.0,411,0.0,Hydro,2019
Kareeya Power Station,F,QLD,594026.0,51.0,1046.0,1097,0.0,Hydro,2019
Mackay Gas Turbine,F,QLD,224.0,315.0,2.0,317,1.4,Diesel,2019
Mica Creek Power Station,F,QLD,328522.0,173132.0,0.0,173132,0.53,Gas,2019
Stanwell Power Station,F,QLD,8523243.0,7448923.0,8386.0,7457309,0.87,Black Coal,2019
Swanbank E Power Station,F,QLD,607399.0,236611.0,2879.0,239490,0.39,Gas,2019
Tarong Power Stations,F,QLD,11712294.0,10231395.0,42402.0,10273797,0.87,Black Coal,2019
Coopers Cogeneration,F,SA,11006.0,8202.0,0.0,8202,0.75,Gas,2019
Glenorchy Landfill,F,TAS,6430.0,323.0,0.0,323,0.05,Landfill Gas,2019
Hobart Landfill,F,TAS,4923.0,281.0,0.0,281,0.06,Landfill Gas,2019
Kemps Creek Landfill,F,NSW,7121.0,386.0,0.0,386,0.05,Landfill Gas,2019
Kincumber Landfill,F,NSW,1606.0,94.0,0.0,94,0.06,Landfill Gas,2019
Moranbah Power Station,F,QLD,40710.0,25065.0,0.0,25065,0.62,Coal Seam Methane,2019
Rockingham Landfill,F,WA,14646.0,965.0,0.0,965,0.07,Landfill Gas,2019
Werribee Biogas,F,VIC,52298.0,2530.0,0.0,2530,0.05,Sludge Biogas,2019
Woy Woy Landfill,F,NSW,5580.0,327.0,0.0,327,0.06,Landfill Gas,2019
SWF 1 Operations Holdings Pty Ltd,F,NSW,745408.0,415.0,1825.0,2240,0.0,Wind,2019
Kalgoorlie Power Station,F,WA,267077.0,153301.0,0.0,153301,0.57,Gas,2019
Kambalda Power Station,F,WA,272001.0,152822.0,0.0,152822,0.56,Gas,2019
Leinster Power Station,F,WA,257220.0,169412.0,0.0,169412,0.66,Gas,2019
Mt Keith Power Station,F,WA,423233.0,221404.0,0.0,221404,0.52,Gas,2019
South Hedland Power Station,F,WA,493643.0,240129.0,0.0,240129,0.49,Gas,2019
Tailem Bend Solar farm,F,SA,42143.0,21.0,271.0,292,0.0,Solar,2019
Cocos Keeling Islands - Home Island Generation,F,WA,2436.0,1737.0,0.0,1737,0.71,Diesel,2019
Cocos Keeling Islands - West Island Generation,F,WA,2583.0,2051.0,0.0,2051,0.79,Diesel,2019
YPF UTILITIES PRODUCTION AND SUPPLY,F,WA,17676.0,19753.0,0.0,19753,1.12,Gas,2019
Cathedral Rocks Wind Farm,F,SA,154209.0,50.0,95.0,145,0.0,Wind,2020
Gunning Wind Farm,F,NSW,176718.0,45.0,143.0,188,0.0,Wind,2020
Mt Gellibrand Wind Farm,F,VIC,301715.0,49.0,308.0,357,0.0,Wind,2020
Waubra Wind Farm,F,VIC,670585.0,139.0,452.0,591,0.0,Wind,2020
Adani Rugby Run Solar Farm,F,QLD,163662.0,0.0,0.0,0,0.0,Solar,2020
Banimboola Hydro,F,VIC,35051.0,8.0,39.0,47,0.0,Hydro,2020
Barker Inlet Power Station,F,SA,250468.0,110595.0,1553.0,112148,0.44,Gas,2020
Bayswater Power Station,F,NSW,15756684.0,14013621.0,24693.0,14038314,0.89,Black Coal,2020
Bogong Power Station,F,VIC,84009.0,79.0,585.0,664,0.0,Hydro,2020
Broken Hill Solar Plant,F,NSW,83194.0,78.0,395.0,473,0.0,Solar,2020
Clover Hydro,F,VIC,223.0,2.0,406.0,408,0.01,Hydro,2020
Copeton Hydro,F,NSW,1216.0,1.0,0.0,1,0.0,Hydro,2020
Dartmouth Hydro,F,VIC,287595.0,0.0,242.0,242,0.0,Hydro,2020
Eildon Hydro,F,VIC,100421.0,0.0,193.0,193,0.0,Hydro,2020
Glenbawn Hydro,F,NSW,2.0,0.0,11.0,11,0.0,Hydro,2020
Hallett (Stage 1) Wind Farm,F,SA,293909.0,85.0,195.0,280,0.0,Wind,2020
Hallett (Stage 2) Wind Farm,F,SA,234605.0,71.0,154.0,225,0.0,Wind,2020
Hallett (Stage 4) Wind Farm,F,SA,427672.0,152.0,320.0,472,0.0,Wind,2020
Hallett (Stage 5) Wind Farm,F,SA,143396.0,61.0,151.0,212,0.0,Wind,2020
Hunter Valley Gas Turbines,F,NSW,1832.0,2334.0,7.0,2341,1.27,Gas,2020
Kwinana Swift Power Station,F,WA,123007.0,71151.0,0.0,71151,0.58,Gas,2020
Liddell Power Station,F,NSW,10544579.0,9970686.0,40748.0,10011434,0.95,Black Coal,2020
Loy Yang Power Station and Mine,F,VIC,14663279.0,16683326.0,242951.0,16926277,1.14,Brown Coal,2020
Macarthur Wind Farm,F,VIC,954680.0,12421.0,3184.0,15605,0.01,Wind,2020
McKay Creek Hydro,F,VIC,104408.0,0.0,4553.0,4553,0.0,Hydro,2020
Nyngan Solar Plant,F,NSW,242110.0,150.0,714.0,864,0.0,Solar,2020
Oaklands Hill Wind Farm,F,VIC,199118.0,73.0,481.0,554,0.0,Wind,2020
Rubicon Hydro Scheme,F,VIC,4782.0,0.0,93.0,93,0.0,Hydro,2020
Silverton Wind Farm,F,NSW,603984.0,134.0,281.0,415,0.0,Wind,2020
Somerton Power Station,F,VIC,95579.0,67041.0,1720.0,68761,0.7,Gas,2020
Torrens Island Power Station,F,SA,2176696.0,1262196.0,13776.0,1275972,0.58,Gas,2020
Wattle Point Wind Farm,F,SA,270479.0,53.0,158.0,211,0.0,Wind,2020
West Kiewa Hydro,F,VIC,145652.0,0.0,746.0,746,0.0,Hydro,2020
Yarrawonga Hydro,F,VIC,21653.0,0.0,70.0,70,0.0,Hydro,2020
Alinta Pinjarra Generation Facility,F,WA,1903170.0,1340502.0,302.0,1340804,0.7,Gas,2020
Badgingarra Solar Farm,F,WA,39280.0,16.0,62.0,78,0.0,Solar,2020
Badgingarra Wind Farm,F,WA,490158.0,90.0,353.0,443,0.0,Wind,2020
Darling Downs Solar Farm,F,QLD,242043.0,461.0,727.0,1188,0.0,Wind,2020
Diamantina Power Station,F,QLD,1713431.0,701504.0,131.0,701635,0.41,Gas,2020
Emu Downs Solar Farm,F,WA,49438.0,11.0,67.0,78,0.0,Solar,2020
Emu Downs Wind Farm,F,WA,243535.0,79.0,275.0,354,0.0,Wind,2020
Braemar 2 Power Station,F,QLD,345056.0,206961.0,4612.0,211573,0.6,Coal Seam Methane,2020
Karratha Power Station,F,WA,97715.0,70699.0,164.0,70863,0.72,Gas,2020
Osborne facility,F,SA,726066.0,299328.0,2698.0,302026,0.41,Gas,2020
Facility,F,VIC,619940.0,19.0,1397.0,1416,0.0,Wind,2020
Bald Hills Wind Farm Pty Ltd,F,VIC,328795.0,92.0,648.0,740,0.0,Wind,2020
Gullen Solar Pty Ltd,F,NSW,19670.0,0.0,178.0,178,0.0,Solar,2020
New Gullen Range Wind Farm Pty Ltd,F,NSW,545689.0,87.0,149.0,236,0.0,Wind,2020
Yarnima Power Station,F,WA,730635.0,315226.0,0.0,315226,0.43,Gas,2020
Bluewaters Power 1,F,WA,1743630.0,1469272.0,2534.0,1471806,0.84,Black Coal,2020
Bluewaters Power 2,F,WA,1771770.0,1434244.0,1300.0,1435544,0.81,Black Coal,2020
Callide B Power Station,F,QLD,4871623.0,4612039.0,35504.0,4647543,0.95,Black Coal,2020
Kogan Creek Power Station,F,QLD,4146695.0,3486138.0,6980.0,3493118,0.84,Black Coal,2020
Wivenhoe Power Station,F,QLD,37396.0,11.0,52925.0,52936,0.0,Hydro,2020
Broadwater Power Plant,F,NSW,220579.0,6013.0,1245.0,7258,0.03,Bagasse,2020
Condong Power Plant,F,NSW,193027.0,5381.0,1434.0,6815,0.03,Bagasse,2020
Facility,F,VIC,81944.0,6.0,90.0,96,0.0,Wind,2020
White Rock Wind Farm Pty Ltd,F,NSW,418241.0,89.0,241.0,330,0.0,Wind,2020
Appin CSM Power Station,F,NSW,184734.0,133911.0,6.0,133917,0.72,Waste Coal Mine Gas,2020
Ardyaloon Facility,F,WA,1980.0,1412.0,0.0,1412,0.71,Diesel,2020
Beagle Bay Facility,F,WA,1899.0,1368.0,0.0,1368,0.72,Diesel,2020
Belrose LFG Power Station,F,NSW,2095.0,134.0,3.0,137,0.06,Landfill Gas,2020
Berwick LFG Power Station,F,VIC,10109.0,513.0,215.0,728,0.05,Landfill Gas,2020
Bidyadanga Facility,F,WA,3106.0,2226.0,0.0,2226,0.72,Diesel,2020
Broadmeadows LFG Power Station,F,VIC,12033.0,608.0,125.0,733,0.05,Landfill Gas,2020
Brooklyn LFG Power Station,F,VIC,8741.0,494.0,2.0,496,0.06,Landfill Gas,2020
Broome LNG Power Station,F,WA,138338.0,79069.0,30.0,79099,0.57,Gas,2020
Browns Plains LFG Power Station,F,QLD,15394.0,883.0,2.0,885,0.06,Landfill Gas,2020
Clayton LFG Power Station,F,VIC,82790.0,4068.0,308.0,4376,0.05,Landfill Gas,2020
Coober Pedy Facility,F,SA,15510.0,2358.0,0.0,2358,0.15,Wind,2020
Corio LFG Power Station,F,VIC,7556.0,385.0,4.0,389,0.05,Landfill Gas,2020
Cullerin Range Wind Farm,F,NSW,108511.0,21.0,75.0,96,0.0,Wind,2020
Derby LNG Power Station,F,WA,34539.0,20623.0,0.0,20623,0.6,Gas,2020
Djarindjin Facility,F,WA,1802.0,1309.0,0.0,1309,0.73,Diesel,2020
Eastern Creek LFG Power Station,F,NSW,5726.0,331.0,12.0,343,0.06,Landfill Gas,2020
Fitzroy Crossing LNG Power Station,F,WA,14723.0,9623.0,0.0,9623,0.65,Gas,2020
Gascoyne Facility,F,WA,714.0,571.0,0.0,571,0.8,Diesel,2020
German Creek CMM Power Station,F,QLD,307041.0,133357.0,21.0,133378,0.43,Waste Coal Mine Gas,2020
Glennies Creek WCMG Power Station,F,NSW,82511.0,43349.0,4.0,43353,0.53,Waste Coal Mine Gas,2020
Grange Avenue LFG Power Station,F,NSW,4886.0,281.0,7.0,288,0.06,Landfill Gas,2020
Grosvenor 1 WCMG Power Station,F,QLD,166833.0,91185.0,21.0,91206,0.55,Waste Coal Mine Gas,2020
Grosvenor 2 WCMG Power Station,F,QLD,122390.0,67697.0,9.0,67706,0.55,Waste Coal Mine Gas,2020
Halls Creek LNG Power Station,F,WA,11738.0,7824.0,0.0,7824,0.67,Gas,2020
Jack's Gully LFG Power Station,F,NSW,9172.0,536.0,2.0,538,0.06,Landfill Gas,2020
Kalamunda Power Station,F,WA,4.0,3.0,2.0,5,0.68,Diesel,2020
Laverton Facility,F,WA,4297.0,3005.0,0.0,3005,0.7,Diesel,2020
Leonora Facility,F,WA,8702.0,6577.0,0.0,6577,0.76,Gas,2020
Looma NGD power Station,F,WA,2440.0,1943.0,0.0,1943,0.8,Diesel,2020
Lucas Heights 1 LFG Power Station,F,NSW,12214.0,729.0,2.0,731,0.06,Landfill Gas,2020
Lucas Heights 2 LFG Power Station,F,NSW,105311.0,6114.0,2.0,6116,0.06,Landfill Gas,2020
McArthur River Power Station,F,NT,327481.0,155049.0,0.0,155049,0.47,Gas,2020
Menzies Facility,F,WA,727.0,569.0,0.0,569,0.78,Diesel,2020
Moranbah North CMM Power Station,F,QLD,446613.0,253284.0,11.0,253295,0.57,Waste Coal Mine Gas,2020
Mugga Lane LFG Power Station,F,ACT,22294.0,1278.0,4.0,1282,0.06,Landfill Gas,2020
Oaky Creek II WCMG Power Station,F,QLD,82511.0,47652.0,20.0,47672,0.58,Waste Coal Mine Gas,2020
Oaky Creek WCMG Power Station,F,QLD,127845.0,65530.0,15.0,65545,0.51,Waste Coal Mine Gas,2020
Pine Creek A Power Station,F,NT,188608.0,90418.0,0.0,90418,0.48,Gas,2020
Red Hill LFG Power Station,F,WA,22467.0,1114.0,2.0,1116,0.05,Landfill Gas,2020
Springvale LFG Power Station,F,VIC,13146.0,662.0,5.0,667,0.05,Landfill Gas,2020
Tahmoor WCMG Power Station,F,NSW,51964.0,28004.0,4.0,28008,0.54,Waste Coal Mine Gas,2020
Tamala Park LFG Power Station,F,WA,37102.0,1837.0,3.0,1840,0.05,Landfill Gas,2020
Tower CSM Power Station,F,NSW,91767.0,65416.0,183.0,65599,0.71,Waste Coal Mine Gas,2020
Warmun Facility,F,WA,2726.0,2060.0,0.0,2060,0.76,Diesel,2020
Weipa Solar Power Station,F,QLD,2105.0,0.0,7.0,7,0.0,Solar,2020
Wingfield 1 LFG Power Station,F,SA,8825.0,613.0,2.0,615,0.07,Landfill Gas,2020
Wingfield 2 LFG Power Station,F,SA,16184.0,787.0,0.0,787,0.05,Landfill Gas,2020
Wonthaggi Wind Farm,F,VIC,32472.0,4.0,52.0,56,0.0,Wind,2020
Clare Solar Farm,F,QLD,175349.0,187.0,772.0,959,0.0,Solar,2020
Barron Gorge Power Station,F,QLD,99099.0,664.0,442.0,1106,0.01,Hydro,2020
Kareeya Power Station,F,QLD,145515.0,51.0,1922.0,1973,0.0,Hydro,2020
Swanbank E Power Station,F,QLD,924505.0,349654.0,1001.0,350655,0.38,Gas,2020
Wivenhoe Power Station,F,QLD,94609.0,19.0,121970.0,121989,0.0,Hydro,2020
Cue Town Powerstation,F,WA,3298.0,2289.0,0.0,2289,0.69,Diesel,2020
Meekatharra Town Powerstation,F,WA,6220.0,4295.0,0.0,4295,0.69,Diesel,2020
Mt Magnet Town Powerstation,F,WA,4070.0,2469.0,0.0,2469,0.61,Gas,2020
Norseman Gold Power Station,F,WA,923.0,667.0,0.0,667,0.72,Diesel,2020
Sandstone Town Powerstation,F,WA,628.0,481.0,0.0,481,0.77,Diesel,2020
Wiluna Town Powerstation,F,WA,2536.0,1781.0,0.0,1781,0.7,Diesel,2020
Yalgoo Town Powerstation,F,WA,1041.0,857.0,0.0,857,0.82,Diesel,2020
Collgar Wind Farm,F,WA,684939.0,214.0,778.0,992,0.0,Wind,2020
Boco Rock Wind Farm Pty Ltd,F,NSW,378853.0,14.0,0.0,14,0.0,Wind,2020
Crudine Ridge Wind Farm,F,NSW,83.0,1392.0,0.0,1392,16.8,Wind,2020
Vales Point Power Station,F,NSW,7378295.0,6471988.0,99519.0,6571507,0.88,Black Coal,2020
Royalla Solar Farm,F,ACT,38478.0,0.0,176.0,176,0.0,Solar,2020
Dundonnell Wind Farm,F,VIC,82427.0,5122.0,504.0,5626,0.06,Wind,2020
Gannawarra Solar Farm Pty Ltd,F,VIC,73961.0,17.0,0.0,17,0.0,Solar,2020
GESS ProjectCo Pty Ltd,F,VIC,0.0,15.0,2967.0,2982,0.0,Battery,2020
Hamilton Solar Farm Pty Ltd,F,QLD,128296.0,74.0,0.0,74,0.0,Solar,2020
The Daydream Solar Farm Trust,F,QLD,350726.0,34.0,0.0,34,0.0,Solar,2020
The Hayman Solar Farm Trust,F,QLD,108578.0,16.0,0.0,16,0.0,Solar,2020
Whitsunday Solar Farm Pty,F,QLD,112801.0,73.0,0.0,73,0.0,Solar,2020
Bremer Bay Wind Diesel Power Station,F,WA,1742.0,48.0,3.0,51,0.03,Wind,2020
Cockburn Power Station,F,WA,216705.0,85776.0,0.0,85776,0.4,Gas,2020
Collie Power Station,F,WA,962093.0,890846.0,3840.0,894686,0.93,Black Coal,2020
Coral Bay Wind Diesel Power Station,F,WA,3109.0,1613.0,0.0,1613,0.52,Diesel,2020
Denham Wind Farm,F,WA,2216.0,0.0,1.0,1,0.0,Wind,2020
Esperance Wind Farm,F,WA,14520.0,1.0,6.0,7,0.0,Wind,2020
Hopetoun Wind Diesel Power Station,F,WA,4744.0,2240.0,0.0,2240,0.47,Diesel,2020
Kalbarri Wind Farm,F,WA,2975.0,0.0,4.0,4,0.0,Wind,2020
Kalgoorlie Gas Turbine Station,F,WA,3129.0,3314.0,0.0,3314,1.06,Gas,2020
Kwinana Power Station,F,WA,793439.0,428789.0,771.0,429560,0.54,Gas,2020
Muja Power Station,F,WA,3892638.0,3588105.0,1539.0,3589644,0.92,Black Coal,2020
Mungarra Gas Turbine Station,F,WA,8774.0,6961.0,0.0,6961,0.79,Gas,2020
Pinjar Gas Turbine Station,F,WA,498506.0,433023.0,0.0,433023,0.87,Gas,2020
Ravensthorpe Power Station,F,WA,133.0,100.0,0.0,100,0.75,Diesel,2020
Childers Solar Farm,F,QLD,104519.0,0.0,284.0,284,0.0,Solar,2020
Nevertire Solar Farm,F,NSW,54045.0,0.0,266.0,266,0.0,Solar,2020
Susan River Solar Farm,F,QLD,134426.0,0.0,348.0,348,0.0,Solar,2020
Bungala One Solar Farm,F,SA,254722.0,0.0,0.0,0,0.0,Solar,2020
Bungala Two Solar Farm,F,SA,54586.0,0.0,0.0,0,0.0,Solar,2020
Aurukun Remote generation,F,QLD,5837.0,4067.0,0.0,4067,0.7,Diesel,2020
Badu Island Remote Generation,F,QLD,3260.0,2291.0,0.0,2291,0.7,Diesel,2020
Bamaga Remote Generation,F,QLD,14489.0,10005.0,0.0,10005,0.69,Diesel,2020
Barcaldine Power Station Facility,F,QLD,1505.0,4805.0,411.0,5216,3.19,Gas,2020
Bedourie Remote Generation,F,QLD,1383.0,922.0,0.0,922,0.67,Diesel,2020
Birdsville Remote Generation,F,QLD,1664.0,1096.0,0.0,1096,0.66,Diesel,2020
Boigu Island Remote Generation,F,QLD,1179.0,898.0,0.0,898,0.76,Diesel,2020
Boulia Remote Generation,F,QLD,2894.0,2094.0,0.0,2094,0.72,Diesel,2020
Burketown Remote Generation,F,QLD,2411.0,1660.0,0.0,1660,0.69,Diesel,2020
Camooweal Remote Generation,F,QLD,2046.0,1527.0,0.0,1527,0.75,Diesel,2020
Coconut Island Remote Generation,F,QLD,999.0,761.0,0.0,761,0.76,Diesel,2020
Coen Remote Generation,F,QLD,1807.0,1116.0,0.0,1116,0.62,Diesel,2020
Darnley Island Remote Generation,F,QLD,1400.0,1122.0,0.0,1122,0.8,Diesel,2020
Dauan Island Remote Generation,F,QLD,854.0,668.0,0.0,668,0.78,Diesel,2020
Doomadgee Remote Generation,F,QLD,7188.0,4555.0,0.0,4555,0.63,Diesel,2020
Energy Impact - Bromelton Peak Generation Plant - Facility,F,QLD,735.0,358.0,432.0,790,0.49,Diesel,2020
Energy Impact - Generation - Facility,F,QLD,1263.0,890.0,0.0,890,0.7,Diesel,2020
Gununa Remote Generation,F,QLD,6076.0,4238.0,0.0,4238,0.7,Diesel,2020
Hammond Island,F,QLD,760.0,646.0,0.0,646,0.85,Diesel,2020
Jundah Remote Generation,F,QLD,1148.0,845.0,0.0,845,0.74,Diesel,2020
Kowanyama Remote Generation,F,QLD,5103.0,3471.0,0.0,3471,0.68,Diesel,2020
Kubin Island Remote Generation,F,QLD,2245.0,1625.0,0.0,1625,0.72,Diesel,2020
Lockhart River Remote Generation,F,QLD,2497.0,1795.0,0.0,1795,0.72,Diesel,2020
Mabuig Island Remote Generation,F,QLD,1072.0,827.0,0.0,827,0.77,Diesel,2020
Mapoon Remote Generation,F,QLD,1659.0,1139.0,0.0,1139,0.69,Diesel,2020
Murray Island Remote Generation,F,QLD,1975.0,1411.0,0.0,1411,0.71,Diesel,2020
Palm Island Remote Generation,F,QLD,8109.0,5794.0,0.0,5794,0.71,Diesel,2020
Pormpuraaw,F,QLD,3227.0,2291.0,0.0,2291,0.71,Diesel,2020
Sabai Island Remote Generation,F,QLD,1582.0,1165.0,0.0,1165,0.74,Diesel,2020
Stephen Island Remote Generation,F,QLD,452.0,344.0,0.0,344,0.76,Diesel,2020
Thursday Island Remote Generation,F,QLD,26798.0,16070.0,0.0,16070,0.6,Diesel,2020
Warraber Island Remote Generation,F,QLD,1363.0,1002.0,0.0,1002,0.74,Diesel,2020
Wasaga Remote Generation,F,QLD,4418.0,3131.0,0.0,3131,0.71,Diesel,2020
Windorah Remote Generation,F,QLD,1106.0,773.0,0.0,773,0.7,Diesel,2020
Yam Island,F,QLD,1678.0,1197.0,0.0,1197,0.71,Diesel,2020
York Island,F,QLD,1367.0,1017.0,0.0,1017,0.74,Diesel,2020
Hallett Power Station,F,SA,31356.0,26864.0,1254.0,28118,0.86,Gas,2020
Jeeralang Power Station,F,VIC,162706.0,122828.0,6001.0,128829,0.75,Gas,2020
Mt Piper Power Station,F,NSW,5193973.0,4395580.0,32658.0,4428238,0.85,Black Coal,2020
Newport Power Station,F,VIC,912846.0,487991.0,20553.0,508544,0.53,Gas,2020
Tallawarra Power Station,F,NSW,1459503.0,538885.0,4889.0,543774,0.37,Gas,2020
Yallourn Power Station,F,VIC,9660430.0,12363773.0,160243.0,12524016,1.28,Brown Coal,2020
Esperance Power Station,F,WA,66378.0,53217.0,0.0,53217,0.8,Gas,2020
Essential Energy Generation Facility - Broken Hill Gas Turbine,F,NSW,424.0,864.0,258.0,1122,2.04,Diesel,2020
Exmouth Power Station Pty Ltd,F,WA,25016.0,17371.0,0.0,17371,0.69,Gas,2020
Finley Solar Farm,F,NSW,213219.0,0.0,860.0,860,0.0,Solar,2020
Solomon Power Station,F,WA,301611.0,185244.0,0.0,185244,0.61,Gas,2020
Oakey 2 Solar Farm,F,QLD,32375.0,0.0,0.0,0,0.0,Solar,2020
Kidston Solar One - Solar - Qld,F,QLD,119659.0,0.0,1272.0,1272,0.0,Solar,2020
Crookwell 2 Wind farm,F,NSW,313681.0,87.0,179.0,266,0.0,Wind,2020
Parkeston Power Station,F,WA,273301.0,160536.0,0.0,160536,0.59,Gas,2020
HUGHENDEN SOLAR FARM,F,QLD,28909.0,0.0,467.0,467,0.0,Solar,2020
Bastyan Hydro Power Station,F,TAS,482136.0,0.0,19.0,19,0.0,Hydro,2020
Butlers Gorge Hydro Power Station,F,TAS,79708.0,0.0,0.0,0,0.0,Hydro,2020
Catagunya Hydro Power Station,F,TAS,223654.0,0.0,41.0,41,0.0,Hydro,2020
Cethana Hydro Power Station,F,TAS,413137.0,0.0,559.0,559,0.0,Hydro,2020
Cluny Hydro Power Station,F,TAS,94499.0,0.0,13.0,13,0.0,Hydro,2020
Devils Gate Hydro Power Station,F,TAS,228180.0,0.0,26.0,26,0.0,Hydro,2020
Fisher Hydro Power Station,F,TAS,238735.0,0.0,0.0,0,0.0,Hydro,2020
Flinders Island Power Station,F,TAS,6901.0,1542.0,0.0,1542,0.22,Wind,2020
Gordon Hydro Power Station,F,TAS,1485888.0,4.0,64.0,68,0.0,Hydro,2020
John Butters Hydro Power Station,F,TAS,766607.0,0.0,246.0,246,0.0,Hydro,2020
King Island Power Station,F,TAS,14766.0,4221.0,0.0,4221,0.29,Wind,2020
Lake Echo Hydro Power Station,F,TAS,69525.0,0.0,16.0,16,0.0,Hydro,2020
Lake Margaret Lower Hydro Power station,F,TAS,17238.0,0.0,1.0,1,0.0,Hydro,2020
Lake Margaret Upper Hydro Power Station,F,TAS,44566.0,0.0,5.0,5,0.0,Hydro,2020
Lemonthyme Hydro Power Station,F,TAS,315638.0,0.0,34.0,34,0.0,Hydro,2020
Liapootah Hydro Power Station,F,TAS,425885.0,0.0,48.0,48,0.0,Hydro,2020
Mackintosh Hydro Power Station,F,TAS,489424.0,0.0,168.0,168,0.0,Hydro,2020
Meadowbank Hydro Power Station,F,TAS,115082.0,0.0,19.0,19,0.0,Hydro,2020
Paloona Hydro Power Station,F,TAS,132799.0,0.0,13.0,13,0.0,Hydro,2020
Parangana Hydro Power Station,F,TAS,5137.0,0.0,0.0,0,0.0,Hydro,2020
Poatina Hydro Power Station,F,TAS,718742.0,0.0,1401.0,1401,0.0,Hydro,2020
Reece Hydro Power Station,F,TAS,1266691.0,0.0,1093.0,1093,0.0,Hydro,2020
Repulse Hydro Power Station,F,TAS,140182.0,0.0,22.0,22,0.0,Hydro,2020
Rowallan Hydro Power Station,F,TAS,53363.0,0.0,0.0,0,0.0,Hydro,2020
Tamar Valley Power Station,F,TAS,100378.0,51824.0,1889.0,53713,0.52,Gas,2020
Tarraleah Hydro Power Station,F,TAS,582009.0,0.0,92.0,92,0.0,Hydro,2020
Trevallyn Hydro Power Station,F,TAS,313176.0,4.0,58.0,62,0.0,Hydro,2020
Tribute Hydro Power Station,F,TAS,211813.0,0.0,52.0,52,0.0,Hydro,2020
Tungatinah Hydro Power Station,F,TAS,588113.0,0.0,124.0,124,0.0,Hydro,2020
Wayatinah Hydro Power Station,F,TAS,285417.0,0.0,29.0,29,0.0,Hydro,2020
Wilmot Hydro Power Station,F,TAS,51547.0,0.0,54.0,54,0.0,Hydro,2020
Baking Board Solar Farm,F,QLD,40440.0,10.0,71.0,81,0.0,Solar,2020
Karratha Solar Power No 1 Pty Ltd,F,WA,1885.0,0.0,10.0,10,0.0,Solar,2020
Maryrorough Solar Farm,F,QLD,4570.0,8.0,61.0,69,0.0,Solar,2020
Mount Majura Solar Farm,F,ACT,4410.0,0.0,1.0,1,0.0,Solar,2020
Swan Hill Solar Farm,F,VIC,35634.0,2.0,65.0,67,0.0,Solar,2020
Williamsdale Solar Farm,F,ACT,21446.0,2.0,55.0,57,0.0,Solar,2020
Alinta Wind Farm,F,WA,318578.0,67.0,684.0,751,0.0,Wind,2020
Bodangora Wind Farm,F,NSW,357528.0,96.0,249.0,345,0.0,Wind,2020
Capital Wind Farm,F,NSW,417033.0,143.0,804.0,947,0.0,Wind,2020
"Lake Bonney Stage 1,2 & 3 Wind Farm",F,SA,650448.0,103.0,975.0,1078,0.0,Wind,2020
Smithfield Gas Turbine,F,NSW,26080.0,18781.0,1227.0,20008,0.72,Gas,2020
Woodlawn Wind Farm,F,NSW,171129.0,47.0,163.0,210,0.0,Wind,2020
Canunda Wind Farm,F,SA,127402.0,11.0,112.0,123,0.0,Wind,2020
Dry Creek Power Station,F,SA,6586.0,6829.0,337.0,7166,1.04,Gas,2020
Kwinana Cogeneration Plant,F,WA,940981.0,483092.0,0.0,483092,0.51,Gas,2020
Mintaro Power Station,F,SA,7724.0,6008.0,106.0,6114,0.78,Gas,2020
Pelican Point Power Station,F,SA,2773780.0,1103517.0,3349.0,1106866,0.4,Gas,2020
Port Lincoln Power Station,F,SA,690.0,1118.0,359.0,1477,1.62,Diesel,2020
Snuggery Power Station,F,SA,420.0,603.0,439.0,1042,1.43,Diesel,2020
Willogoleche Wind Farm,F,SA,235798.0,45.0,159.0,204,0.0,Wind,2020
KARADOC SOLAR FARM,F,VIC,127819.0,0.0,454.0,454,0.0,Solar,2020
Barcaldine Remote Community Solar Farm Pty Ltd,F,QLD,51787.0,0.0,125.0,125,0.0,Solar,2020
Bannerton Solar Farm,F,VIC,122932.0,0.0,0.0,0,0.0,Solar,2020
Kiata Wind Farm Pty Ltd,F,VIC,129552.0,6.0,197.0,203,0.0,Wind,2020
Lal Lal Wind Farm,F,VIC,271593.0,668.0,1190.0,1858,0.0,Wind,2020
Benaraby LFGE Station,F,QLD,6789.0,455.0,0.0,455,0.07,Landfill Gas,2020
Bunya LFGE Station,F,QLD,4936.0,343.0,0.0,343,0.07,Landfill Gas,2020
Caboolture LFGE Station,F,QLD,10467.0,704.0,0.0,704,0.07,Landfill Gas,2020
Dakabin LFGE Station,F,QLD,13507.0,723.0,0.0,723,0.05,Landfill Gas,2020
Maryborough LFGE Station,F,QLD,6828.0,495.0,0.0,495,0.07,Landfill Gas,2020
Mugga Lane LFGE Station,F,ACT,1042.0,59.0,0.0,59,0.06,Landfill Gas,2020
Willawong LFGE Station,F,QLD,4121.0,371.0,0.0,371,0.09,Landfill Gas,2020
Emerald Solar Park,F,QLD,165749.0,15.0,1766.0,1781,0.0,Solar,2020
Lilyvale Solar Farm,F,QLD,226786.0,97.0,625.0,722,0.0,Solar,2020
Lincoln Gap Wind Farm Operations Pty Ltd,F,SA,229346.0,0.0,275.0,275,0.0,Wind,2020
Albury Renewable Energy Facility,F,NSW,5972.0,340.0,0.0,340,0.06,Landfill Gas,2020
Albury Solar Facility,F,NSW,1787.0,0.0,0.0,0,0.0,Solar,2020
Awaba Renewable Energy Facility,F,NSW,6002.0,322.0,0.0,322,0.05,Landfill Gas,2020
Ballarat Renewable Energy Facility,F,VIC,11843.0,664.0,0.0,664,0.06,Landfill Gas,2020
Bendigo Renewable Energy Facility,F,VIC,4117.0,228.0,0.0,228,0.06,Landfill Gas,2020
Birkdale Renewable Energy Facility,F,QLD,4158.0,250.0,0.0,250,0.06,Landfill Gas,2020
Copping Renewable Energy Facility,F,TAS,8667.0,460.0,0.0,460,0.05,Landfill Gas,2020
Darwin Renewable Energy Facility,F,NT,8722.0,509.0,0.0,509,0.06,Landfill Gas,2020
Drysdale Renewable Energy Facility,F,VIC,8098.0,421.0,0.0,421,0.05,Landfill Gas,2020
Eastern Creek 2 Renewable Energy Facility,F,NSW,46410.0,2472.0,0.0,2472,0.05,Landfill Gas,2020
Hampton Park Renewable Energy Facility,F,VIC,67744.0,3593.0,0.0,3593,0.05,Landfill Gas,2020
Ipswich Renewable Energy Facility,F,QLD,3992.0,200.0,0.0,200,0.05,Landfill Gas,2020
Mornington Peninsula Renewable Energy Facility,F,VIC,5846.0,320.0,0.0,320,0.05,Landfill Gas,2020
NAWMA Renewable Energy Facility,F,SA,9133.0,507.0,0.0,507,0.06,Landfill Gas,2020
NAWMA Solar Facility,F,SA,1768.0,0.0,0.0,0,0.0,Solar,2020
Newcastle Renewable Energy Facility,F,NSW,18018.0,963.0,0.0,963,0.05,Landfill Gas,2020
Reedy Creek Renewable Energy Facility,F,QLD,1802.0,94.0,0.0,94,0.05,Landfill Gas,2020
Remount Renewable Energy Facility,F,TAS,9485.0,497.0,0.0,497,0.05,Landfill Gas,2020
Rochedale Renewable Energy Facility,F,QLD,48557.0,2623.0,0.0,2623,0.05,Landfill Gas,2020
Seaford Heights Renewable Energy Facility,F,SA,11987.0,696.0,0.0,696,0.06,Landfill Gas,2020
Shepparton Renewable Energy Facility,F,VIC,6414.0,354.0,0.0,354,0.06,Landfill Gas,2020
SIMS Gillman Solar Facility,F,SA,378.0,0.0,0.0,0,0.0,Solar,2020
South Cardup Renewable Energy Facility,F,WA,23338.0,1342.0,0.0,1342,0.06,Landfill Gas,2020
Stapylton Renewable Energy Facility,F,QLD,25199.0,1325.0,0.0,1325,0.05,Landfill Gas,2020
Swanbank Renewable Energy Facility,F,QLD,12905.0,671.0,0.0,671,0.05,Landfill Gas,2020
Wollert Renewable Energy Facility,F,VIC,60355.0,3361.0,0.0,3361,0.06,Landfill Gas,2020
Wyndham Renewable Energy Facility,F,VIC,31445.0,1758.0,0.0,1758,0.06,Landfill Gas,2020
Wyong Renewable Energy Facility,F,NSW,18814.0,1044.0,0.0,1044,0.06,Landfill Gas,2020
Longreach Solar Farm,F,QLD,34377.0,0.0,0.0,0,0.0,Solar,2020
Burrinjuck Hydro,F,NSW,7981.0,21.0,155.0,176,0.0,Hydro,2020
Hume Hydro,F,NSW,111752.0,30.0,168.0,198,0.0,Hydro,2020
Mt Mercer Wind farm Pty Ltd,F,VIC,403659.0,110.0,0.0,110,0.0,Wind,2020
Mt Millar Wind Farm Pty Ltd,F,SA,155546.0,90.0,0.0,90,0.0,Wind,2020
Alfred Hospital Cogeneration Plant,F,VIC,13149.0,13493.0,422.0,13915,1.03,Gas,2020
Dandenong Hospital Cogeneration Plant,F,VIC,18354.0,16945.0,192.0,17137,0.92,Gas,2020
Geelong Hospital Cogeneration Plant,F,VIC,14815.0,12993.0,354.0,13347,0.88,Gas,2020
Royal Melbourne Hospital Cogeneration Plant,F,VIC,29277.0,29038.0,348.0,29386,0.99,Gas,2020
ST. Vincent's Hospital Cogeneration Plant,F,VIC,12178.0,12813.0,396.0,13209,1.05,Gas,2020
Mortons Lane Windfarm Pty Ltd,F,VIC,67580.0,0.0,0.0,0,0.0,Wind,2020
Mumbida Wind Farm Pty Ltd,F,WA,191722.0,63.0,409.0,472,0.0,Wind,2020
Murra Warra Wind Farm,F,VIC,147007.0,6.0,184.0,190,0.0,Wind,2020
BULGANA GREEN POWER HUB,F,VIC,5429.0,192.0,2854.0,3046,0.04,Wind,2020
COLEAMBALLY SOLAR PTY LTD,F,NSW,328565.0,52.0,1200.0,1252,0.0,Solar,2020
DEGRUSSA SOLAR PROJECT PTY LTD,F,WA,18140.0,4.0,281.0,285,0.0,Solar,2020
DUBBO SOLAR HUB PTY LTD,F,NSW,54075.0,13.0,80.0,93,0.0,Solar,2020
GRIFFITH SOLAR FARM PTY LTD,F,NSW,72247.0,11.0,90.0,101,0.0,Solar,2020
HORNSDALE POWER RESERVE PTY LTD,F,SA,0.0,198.0,3535.0,3733,0.0,Battery,2020
HWF1 Pty Ltd,F,SA,360298.0,27.0,85.0,112,0.0,Wind,2020
HWF2 Pty Ltd,F,SA,335197.0,27.0,106.0,133,0.0,Wind,2020
HWF3 PTY LTD,F,SA,353126.0,27.0,95.0,122,0.0,Wind,2020
NUMURKAH SOLAR FARM PTY LTD,F,VIC,251072.0,37.0,1155.0,1192,0.0,Solar,2020
PARKES SOLAR FARM PTY LTD,F,NSW,135133.0,19.0,269.0,288,0.0,Solar,2020
FS NSW Project No 1 AT Pty Ltd as trustee for FS NSW Project No 1 Asset Trust,F,NSW,198208.0,0.0,627.0,627,0.0,Solar,2020
Manildra Prop Pty ltd as trustee for Manildra Asset Trust,F,NSW,107009.0,0.0,170.0,170,0.0,Solar,2020
Kwinana Gas Fired Power Station,F,WA,1724343.0,664160.0,653.0,664813,0.39,Gas,2020
Gladstone Power Station,F,QLD,7602367.0,7241154.0,47079.0,7288233,0.95,Black Coal,2020
Oakey 1 Solar Farm,F,QLD,61367.0,0.0,0.0,0,0.0,Solar,2020
Australand,F,NSW,3.0,2.0,0.0,2,0.72,Gas,2020
Ballarat Solar Park,F,VIC,387.0,0.0,1.0,1,0.0,Solar,2020
Bendigo Solar Park,F,VIC,464.0,0.0,4.0,4,0.0,Solar,2020
Blackmores,F,NSW,1307.0,895.0,53.0,948,0.68,Gas,2020
Bond,F,NSW,644.0,384.0,26.0,410,0.6,Gas,2020
Chifley Square,F,NSW,1069.0,581.0,44.0,625,0.54,Gas,2020
Darling Downs Power Station,F,QLD,2177089.0,931025.0,15515.0,946540,0.43,Gas,2020
Drapac,F,VIC,610.0,388.0,31.0,419,0.64,Gas,2020
Eraring Power Station,F,NSW,14883488.0,13219982.0,10845.0,13230827,0.89,Black Coal,2020
Exhibition Street,F,VIC,1421.0,807.0,72.0,879,0.57,Gas,2020
Kent Street,F,NSW,3504.0,1819.0,142.0,1961,0.52,Gas,2020
La Trobe,F,VIC,541.0,348.0,28.0,376,0.64,Gas,2020
Ladbroke Grove Power Station,F,SA,157901.0,79665.0,414.0,80079,0.5,Gas,2020
Mirvac,F,NSW,4399.0,2433.0,178.0,2611,0.55,Gas,2020
Mortlake Power Station,F,VIC,968032.0,531968.0,3902.0,535870,0.55,Gas,2020
Mount,F,NSW,1961.0,1179.0,79.0,1258,0.6,Gas,2020
Mt Stuart Power Station,F,QLD,4278.0,4456.0,4940.0,9396,1.04,Kerosene,2020
Quarantine Power Station,F,SA,191633.0,134948.0,1299.0,136247,0.7,Gas,2020
Roma Power Station,F,QLD,17752.0,11354.0,959.0,12313,0.64,Gas,2020
Shoalhaven Scheme,F,NSW,160040.0,2.0,231703.0,231705,0.0,Hydro,2020
Stockland Headquarters,F,NSW,1297.0,758.0,53.0,811,0.58,Gas,2020
University of NSW,F,NSW,2290.0,1224.0,93.0,1317,0.53,Gas,2020
Uranquinty Power Station,F,NSW,488284.0,288486.0,4359.0,292845,0.59,Gas,2020
Millmerran Power Station (facility),F,QLD,6891076.0,5717050.0,3917.0,5720967,0.83,Black Coal,2020
Granville Harbour Wind Farm,F,TAS,68740.0,5303.0,32.0,5335,0.08,Wind,2020
Ross River Solar Farm,F,QLD,297024.0,38.0,1192.0,1230,0.0,Solar,2020
Waterloo Wind Farm,F,SA,371298.0,136.0,232.0,368,0.0,Wind,2020
Bairnsdale Power Station,F,VIC,113264.0,62064.0,150.0,62214,0.55,Gas,2020
Braemar Power Station,F,QLD,313272.0,178998.0,1932.0,180930,0.57,Coal Seam Methane,2020
Loy Yang B Power Station,F,VIC,9380536.0,10443495.0,2106.0,10445601,1.11,Brown Coal,2020
Newman Power Station,F,WA,274974.0,187289.0,0.0,187289,0.68,Gas,2020
Port Hedland Power Station,F,WA,536632.0,396684.0,0.0,396684,0.74,Gas,2020
Wagerup Power Station,F,WA,803354.0,435585.0,3928.0,439513,0.54,Gas,2020
Alpurrurulam (Lake Nash),F,NT,1632.0,1177.0,0.0,1177,0.72,Diesel,2020
Amanbidgi (Kildurk),F,NT,277.0,263.0,0.0,263,0.95,Diesel,2020
"Ampilatwatja (Alparra, Ammaroo)",F,NT,4150.0,2602.0,0.0,2602,0.63,Diesel,2020
Amunturangu (Mount Liebig),F,NT,914.0,569.0,0.0,569,0.62,Diesel,2020
Aputula (Finke),F,NT,969.0,623.0,0.0,623,0.64,Diesel,2020
Areyonga (Utju),F,NT,1118.0,726.0,0.0,726,0.65,Diesel,2020
Atitjere (Harts Range),F,NT,1054.0,589.0,0.0,589,0.56,Diesel,2020
Borroloola Generation,F,NT,5764.0,3935.0,0.0,3935,0.68,Diesel,2020
Bulla Camp,F,NT,373.0,375.0,0.0,375,1.0,Diesel,2020
Bulman,F,NT,1279.0,821.0,0.0,821,0.64,Diesel,2020
Daly Waters Generation,F,NT,1405.0,951.0,0.0,951,0.68,Diesel,2020
Elliot Generation,F,NT,3123.0,2396.0,0.0,2396,0.77,Gas,2020
Engawala (Alcoota),F,NT,590.0,447.0,0.0,447,0.76,Diesel,2020
Epenarra (Wutunugurra),F,NT,923.0,721.0,0.0,721,0.78,Diesel,2020
Eva Valley,F,NT,341.0,301.0,0.0,301,0.88,Diesel,2020
Galiwinku (Elcho Island),F,NT,7233.0,4466.0,0.0,4466,0.62,Diesel,2020
Gapuwiyak (Lake Evella),F,NT,3189.0,1865.0,0.0,1865,0.58,Diesel,2020
Gunbalanya (Oenpelli),F,NT,5149.0,3206.0,0.0,3206,0.62,Diesel,2020
Ikuntji (Haasts Bluff),F,NT,787.0,590.0,0.0,590,0.75,Diesel,2020
Imangara (Murray Downs),F,NT,346.0,271.0,0.0,271,0.78,Diesel,2020
Imanpa (Mount Ebenezer),F,NT,623.0,449.0,0.0,449,0.72,Diesel,2020
Kalkaringi (Wave Hill),F,NT,2981.0,2067.0,0.0,2067,0.69,Diesel,2020
Kaltukatjara (Docker River),F,NT,1654.0,1026.0,0.0,1026,0.62,Diesel,2020
Lajamanu (Hooker Creek),F,NT,3706.0,2096.0,0.0,2096,0.57,Diesel,2020
Laramba (Napperby),F,NT,959.0,687.0,0.0,687,0.72,Diesel,2020
Maningrida,F,NT,9083.0,5108.0,0.0,5108,0.56,Diesel,2020
Milikapiti (Snake Bay),F,NT,2234.0,1664.0,0.0,1664,0.74,Diesel,2020
Milingimbi,F,NT,3945.0,2392.0,0.0,2392,0.61,Diesel,2020
Milyakburra (Bickerton Island),F,NT,864.0,526.0,0.0,526,0.61,Diesel,2020
Minjilang (Croker Island),F,NT,1469.0,917.0,0.0,917,0.62,Diesel,2020
Minyerri (Hodgson Downs),F,NT,2472.0,1588.0,0.0,1588,0.64,Diesel,2020
Nauiyu Nambiyu (Daly River),F,NT,2997.0,937.0,0.0,937,0.31,Solar,2020
Nguiu (Bathurst Island),F,NT,7162.0,4642.0,0.0,4642,0.65,Diesel,2020
Ngukurr (Roper River),F,NT,4705.0,2972.0,0.0,2972,0.63,Diesel,2020
Numbulwar (Rose River),F,NT,3097.0,2191.0,0.0,2191,0.71,Diesel,2020
Nyirripi (Waite Creek),F,NT,1094.0,606.0,0.0,606,0.55,Diesel,2020
Orwaitilla (Canteen Creek),F,NT,854.0,631.0,0.0,631,0.74,Diesel,2020
Palumpa,F,NT,1466.0,1036.0,0.0,1036,0.71,Diesel,2020
Papunya,F,NT,2125.0,1509.0,0.0,1509,0.71,Diesel,2020
Peppimenarti,F,NT,1445.0,993.0,0.0,993,0.69,Diesel,2020
Pidgeon Hole,F,NT,511.0,399.0,0.0,399,0.78,Diesel,2020
Pirlangimpi (Garden Point),F,NT,2007.0,1540.0,0.0,1540,0.77,Diesel,2020
Ramingining,F,NT,3544.0,2018.0,0.0,2018,0.57,Diesel,2020
Robinson River,F,NT,1167.0,847.0,0.0,847,0.73,Diesel,2020
Tara (Neutral Junction),F,NT,376.0,294.0,0.0,294,0.78,Diesel,2020
Ti Tree Generation,F,NT,2333.0,1723.0,0.0,1723,0.74,Diesel,2020
Timber Creek,F,NT,2525.0,1806.0,0.0,1806,0.72,Diesel,2020
Titjikala (Maryvale),F,NT,1055.0,651.0,0.0,651,0.62,Diesel,2020
Umbakumba,F,NT,2841.0,2121.0,0.0,2121,0.75,Diesel,2020
Wadeye (Port Keats),F,NT,9811.0,6070.0,0.0,6070,0.62,Gas,2020
Walungurru (Kintore),F,NT,1898.0,1064.0,0.0,1064,0.56,Diesel,2020
Warruwi (Goulburn Is),F,NT,1923.0,1149.0,0.0,1149,0.6,Diesel,2020
Wilora (Stirling),F,NT,344.0,276.0,0.0,276,0.8,Diesel,2020
Wirliyatjarrayi (Willowra),F,NT,1195.0,820.0,0.0,820,0.69,Diesel,2020
Yarralin,F,NT,1562.0,1076.0,0.0,1076,0.69,Diesel,2020
Yuendumu,F,NT,5803.0,3662.0,0.0,3662,0.63,Diesel,2020
Channel Island Power Station,F,NT,868131.0,502511.0,0.0,502511,0.58,Gas,2020
Katherine Power Station,F,NT,27813.0,20743.0,0.0,20743,0.75,Gas,2020
Kings Canyon,F,NT,1456.0,1083.0,0.0,1083,0.74,Solar,2020
Owen Springs Power Station,F,NT,129278.0,72788.0,0.0,72788,0.56,Gas,2020
Ron Goodin Power Station,F,NT,70424.0,49036.0,0.0,49036,0.7,Gas,2020
Tennant Creek Power Station,F,NT,31895.0,21806.0,0.0,21806,0.68,Gas,2020
Weddell Power Station,F,NT,406476.0,246271.0,0.0,246271,0.61,Gas,2020
Yulara Power Station,F,NT,18363.0,12244.0,0.0,12244,0.67,Gas,2020
Visy Energy - Coolaroo Co-gen,F,VIC,20833.0,25861.0,11962.0,37823,1.24,Biofuel,2020
Condamine Power Station,F,QLD,678511.0,311104.0,1856.0,312960,0.46,Gas,2020
Kemerton Power Station,F,WA,65296.0,44613.0,2639.0,47252,0.68,Gas,2020
Mount Emerald Wind farm Pty Ltd,F,QLD,414003.0,47.0,1012.0,1059,0.0,Wind,2020
Ratch-Australia Collinsville Solar PV Pty Ltd,F,QLD,86686.0,19.0,153.0,172,0.0,Solar,2020
Starfish Hill Wind Farm,F,SA,91265.0,31.0,45.0,76,0.0,Wind,2020
Toora Wind Farm,F,VIC,57155.0,25.0,200.0,225,0.0,Wind,2020
Townsville Power Station,F,QLD,257627.0,151284.0,2971.0,154255,0.59,Coal Seam Methane,2020
Windy Hill Wind Farm,F,QLD,23784.0,27.0,10.0,37,0.0,Wind,2020
Carnarvon Power Station & Distribution network,F,WA,40835.0,24936.0,15.0,24951,0.61,Gas,2020
Denham Power Station & Denham Distribution network,F,WA,3141.0,2132.0,0.0,2132,0.68,Diesel,2020
Kalumburu Power Station & Distribution network,F,WA,1254.0,1684.0,0.0,1684,1.34,Diesel,2020
Kununurra Power Station & Kununurra Distribution network,F,WA,240.0,190.0,52.0,242,0.79,Diesel,2020
Marble Bar Power Station & Marble Bar Distribution network,F,WA,2314.0,1154.0,0.0,1154,0.5,Diesel,2020
Murchison Radio Astronomy Power Station and Distribution Network,F,WA,4171.0,2506.0,0.0,2506,0.6,Diesel,2020
Nullagine Power Station & Nullagine Distribution network,F,WA,1135.0,752.0,0.0,752,0.66,Diesel,2020
Onslow Power Station & Onslow Distribution Network,F,WA,20070.0,8818.0,192.0,9010,0.44,Gas,2020
Wyndham Power Station & Distribution network,F,WA,89.0,97.0,0.0,97,1.09,Diesel,2020
Yungngora Power Station & Yungngora Distribution Network,F,WA,1760.0,1091.0,0.0,1091,0.62,Diesel,2020
FPC Green Energy,F,QLD,56812.0,1553.0,1875.0,3428,0.03,Bagasse,2020
Cape Lambert Power Station,F,WA,257947.0,145796.0,0.0,145796,0.57,Gas,2020
Paraburdoo Power Station,F,WA,531727.0,281161.0,0.0,281161,0.53,Gas,2020
West Angelas Power Station,F,WA,378643.0,206795.0,0.0,206795,0.55,Gas,2020
Yurralyi Maya Power Station,F,WA,578533.0,322793.0,0.0,322793,0.56,Gas,2020
Yarranlea Solar Farm,F,QLD,44454.0,1.0,0.0,1,0.0,Solar,2020
Salt Creek Wind Farm,F,VIC,177806.0,27.0,282.0,309,0.0,Wind,2020
Wilga Park Power Station,F,NSW,104492.0,56865.0,28.0,56893,0.54,Coal Seam Methane,2020
Newgen Neerabup Power Station,F,WA,422370.0,254037.0,2683.0,256720,0.6,Gas,2020
Oakey Power Station,F,QLD,28367.0,20011.0,2130.0,22141,0.71,Gas,2020
Musselroe Wind Farm Pty LTd,F,TAS,662460.0,143.0,131.0,274,0.0,Wind,2020
Woolnorth Bluff Point Wind Farm Pty Ltd,F,TAS,251917.0,73.0,23.0,96,0.0,Wind,2020
Woolnorth Studland Bay Wind Farm Pty Ltd,F,TAS,288179.0,98.0,26.0,124,0.0,Wind,2020
SNOWTOWN SOUTH WIND FARM,F,SA,423960.0,72.0,140.0,212,0.0,Wind,2020
Snowtown Wind Farm,F,SA,314593.0,150.0,296.0,446,0.0,Wind,2020
SNOWTOWN WIND FARM STAGE 2,F,SA,425267.0,84.0,179.0,263,0.0,Wind,2020
Angaston Power Station,F,SA,2393.0,1652.0,529.0,2181,0.69,Diesel,2020
Colongra Power Station,F,NSW,33198.0,21872.0,5879.0,27751,0.66,Gas,2020
Laverton North Power Station,F,VIC,68077.0,40651.0,3116.0,43767,0.6,Gas,2020
Lonsdale/Port Stanvac Power Station,F,SA,3255.0,2194.0,861.0,3055,0.67,Diesel,2020
Snowy Hydro Ltd,F,NSW,3265380.0,3072.0,295071.0,298143,0.0,Hydro,2020
Valley Power,F,VIC,7913.0,6445.0,2690.0,9135,0.81,Gas,2020
Moree Solar Farm,F,NSW,144702.0,11.0,668.0,679,0.0,Solar,2020
Challicum Hills Wind Farm,F,VIC,141100.0,39.0,0.0,39,0.0,Wind,2020
Clements Gap Wind Farm,F,SA,165378.0,53.0,0.0,53,0.0,Wind,2020
Codrington Wind Farm,F,VIC,48150.0,21.0,0.0,21,0.0,Wind,2020
Crowlands Wind Farm,F,VIC,253045.0,64.0,0.0,64,0.0,Wind,2020
Eildon Pondage Hydro,F,VIC,8475.0,5.0,0.0,5,0.0,Hydro,2020
Glenmaggie Hydro,F,VIC,2627.0,4.0,0.0,4,0.0,Hydro,2020
Haughton Solar Farm,F,QLD,201849.0,75.0,0.0,75,0.0,Solar,2020
Ord Hydro,F,WA,205525.0,23.0,39.0,62,0.0,Hydro,2020
Portland Wind Farms,F,VIC,434277.0,92.0,0.0,92,0.0,Wind,2020
Taralga Wind Farm,F,NSW,321150.0,90.0,0.0,90,0.0,Wind,2020
The Drop Hydro,F,NSW,1014.0,0.0,0.0,0,0.0,Hydro,2020
William Hovell Hydro,F,VIC,4940.0,3.0,0.0,3,0.0,Hydro,2020
Yaloak South Wind Farm,F,VIC,90651.0,26.0,0.0,26,0.0,Wind,2020
Yambuk Wind Farm,F,VIC,97568.0,27.0,0.0,27,0.0,Wind,2020
Albany Windfarm,F,WA,93477.0,12.0,14.0,26,0.0,Wind,2020
Barron Gorge Power Station,F,QLD,63577.0,330.0,178.0,508,0.01,Hydro,2020
Kareeya Power Station,F,QLD,184731.0,27.0,67.0,94,0.0,Hydro,2020
Mackay Gas Turbine,F,QLD,147.0,234.0,4.0,238,1.59,Diesel,2020
Mica Creek Power Station,F,QLD,429306.0,217473.0,0.0,217473,0.51,Gas,2020
Stanwell Power Station,F,QLD,8298603.0,7138311.0,7881.0,7146192,0.86,Black Coal,2020
Tarong Power Stations,F,QLD,11101942.0,9770532.0,55096.0,9825628,0.88,Black Coal,2020
Coopers Cogeneration,F,SA,24333.0,19168.0,0.0,19168,0.79,Gas,2020
Glenorchy Landfill,F,TAS,7459.0,293.0,0.0,293,0.04,Landfill Gas,2020
Hobart Landfill,F,TAS,5272.0,346.0,0.0,346,0.07,Landfill Gas,2020
Kemps Creek Landfill,F,NSW,2442.0,113.0,0.0,113,0.05,Landfill Gas,2020
Kincumber Landfill,F,NSW,1485.0,85.0,0.0,85,0.06,Landfill Gas,2020
Moranbah Power Station,F,QLD,91653.0,51873.0,0.0,51873,0.57,Coal Seam Methane,2020
Rockingham Landfill,F,WA,13862.0,1443.0,0.0,1443,0.1,Landfill Gas,2020
Werribee Biogas,F,VIC,67637.0,3222.0,0.0,3222,0.05,Sludge Biogas,2020
Woy Woy Landfill,F,NSW,6506.0,353.0,0.0,353,0.05,Landfill Gas,2020
SWF 1 Operations Holdings Pty Ltd,F,NSW,761754.0,46.0,0.0,46,0.0,Wind,2020
Midlands Power Station,F,TAS,39441.0,0.0,0.0,0,0.0,Hydro,2020
Kalgoorlie Power Station,F,WA,283806.0,159388.0,0.0,159388,0.56,Gas,2020
Kambalda Power Station,F,WA,286857.0,157625.0,0.0,157625,0.55,Gas,2020
Leinster Power Station,F,WA,314761.0,162075.0,0.0,162075,0.51,Gas,2020
Mt Keith Power Station,F,WA,343249.0,199198.0,0.0,199198,0.58,Gas,2020
South Hedland Power Station,F,WA,476771.0,242484.0,0.0,242484,0.51,Gas,2020
Tailem Bend Solar farm,F,SA,190530.0,27.0,565.0,592,0.0,Solar,2020
Cocos Keeling Islands - Home Island Generation,F,WA,2578.0,1840.0,0.0,1840,0.71,Diesel,2020
Cocos Keeling Islands - West Island Generation,F,WA,2441.0,1948.0,0.0,1948,0.8,Diesel,2020
Clermont Solar Farm,F,QLD,1650.0,3.0,0.0,3,0.0,Solar,2020
Wemen Solar Farm,F,VIC,121780.0,0.0,0.0,0,0.0,Solar,2020
White Rock Solar Farm Pty Ltd,F,NSW,35241.0,0.0,51.0,51,0.0,Solar,2020
Wild Cattle Hill Wind Farm,F,TAS,77039.0,113.0,63.0,176,0.0,Wind,2020
YPF UTILITIES PRODUCTION AND SUPPLY,F,WA,15998.0,22904.0,0.0,22904,1.43,Gas,2020
Cathedral Rocks Wind Farm,F,SA,142348.0,47.0,189.0,236,0.0,Wind,2021
Gunning Wind Farm,F,NSW,159867.0,48.0,246.0,294,0.0,Wind,2021
Mt Gellibrand Wind Farm,F,VIC,282916.0,60.0,907.0,967,0.0,Wind,2021
Waubra Wind Farm,F,VIC,649896.0,158.0,869.0,1027,0.0,Wind,2021
Adani Rugby Run Solar Farm,F,QLD,163293.0,0.0,533.0,533,0.0,Solar,2021
Banimboola Hydro,F,VIC,2011.0,15.0,33.0,48,0.01,Hydro,2021
Barker Inlet Power Station,F,SA,386555.0,174233.0,2829.0,177062,0.45,Gas,2021
Bayswater Power Station,F,NSW,14310476.0,12763444.0,19122.0,12782566,0.89,Black Coal,2021
Bogong Power Station,F,VIC,87356.0,83.0,656.0,739,0.0,Hydro,2021
Broken Hill Solar Plant,F,NSW,113591.0,81.0,343.0,424,0.0,Solar,2021
Clover Hydro,F,VIC,411.0,2.0,367.0,369,0.0,Hydro,2021
Copeton Hydro,F,NSW,9329.0,1.0,50.0,51,0.0,Hydro,2021
Dartmouth Hydro,F,VIC,42576.0,0.0,340.0,340,0.0,Hydro,2021
Eildon Hydro,F,VIC,111428.0,10.0,187.0,197,0.0,Hydro,2021
Glenbawn Hydro,F,NSW,34.0,0.0,0.0,0,0.0,Hydro,2021
Hallett (Stage 1) Wind Farm,F,SA,295011.0,125.0,168.0,293,0.0,Wind,2021
Hallett (Stage 2) Wind Farm,F,SA,225742.0,84.0,133.0,217,0.0,Wind,2021
Hallett (Stage 4) Wind Farm,F,SA,418610.0,191.0,309.0,500,0.0,Wind,2021
Hallett (Stage 5) Wind Farm,F,SA,129272.0,65.0,139.0,204,0.0,Wind,2021
Hunter Valley Gas Turbines,F,NSW,0.0,0.0,6.0,6,0.0,Gas,2021
Kwinana Swift Power Station,F,WA,34511.0,20567.0,410.0,20977,0.6,Gas,2021
Liddell Power Station,F,NSW,7307116.0,7021228.0,44618.0,7065846,0.96,Black Coal,2021
Loy Yang Power Station and Mine,F,VIC,16397733.0,19153341.0,220357.0,19373698,1.17,Brown Coal,2021
Macarthur Wind Farm,F,VIC,733853.0,7637.0,2411.0,10048,0.01,Wind,2021
McKay Creek Hydro,F,VIC,107442.0,2.0,4325.0,4327,0.0,Hydro,2021
Nyngan Solar Plant,F,NSW,233367.0,154.0,691.0,845,0.0,Solar,2021
Oaklands Hill Wind Farm,F,VIC,175086.0,63.0,469.0,532,0.0,Wind,2021
Rubicon Hydro Scheme,F,VIC,0.0,0.0,207.0,207,0.0,Hydro,2021
Silverton Wind Farm,F,NSW,785121.0,81.0,335.0,416,0.0,Wind,2021
Somerton Power Station,F,VIC,100117.0,70675.0,1580.0,72255,0.71,Gas,2021
Torrens Island Power Station,F,SA,1668980.0,957873.0,11484.0,969357,0.57,Gas,2021
Wattle Point Wind Farm,F,SA,264153.0,78.0,150.0,228,0.0,Wind,2021
West Kiewa Hydro,F,VIC,169366.0,1.0,667.0,668,0.0,Hydro,2021
Yarrawonga Hydro,F,VIC,43548.0,0.0,19.0,19,0.0,Hydro,2021
Burrendong Hydro,F,NSW,12029.0,1.0,0.0,1,0.0,Hydro,2021
Pindari Hydro,F,NSW,0.0,0.0,24.0,24,0.0,Hydro,2021
Alinta Pinjarra Generation Facility,F,WA,1594393.0,1086799.0,644.0,1087443,0.68,Gas,2021
Badgingarra Solar Farm,F,WA,30125.0,30.0,49.0,79,0.0,Solar,2021
Badgingarra Wind Farm,F,WA,472732.0,96.0,275.0,371,0.0,Wind,2021
Darling Downs Solar Farm,F,QLD,209773.0,66.0,658.0,724,0.0,Wind,2021
Diamantina Power Station,F,QLD,1912382.0,809252.0,176.0,809428,0.42,Gas,2021
Emu Downs Solar Farm,F,WA,48207.0,6.0,160.0,166,0.0,Solar,2021
Emu Downs Wind Farm,F,WA,245541.0,71.0,160.0,231,0.0,Wind,2021
Braemar 2 Power Station,F,QLD,409892.0,246789.0,4578.0,251367,0.6,Coal Seam Methane,2021
Karratha Power Station,F,WA,142522.0,99275.0,62.0,99337,0.7,Gas,2021
Osborne facility,F,SA,392736.0,161402.0,3725.0,165127,0.41,Gas,2021
Facility,F,VIC,569323.0,100.0,1637.0,1737,0.0,Wind,2021
Bald Hills Wind Farm Pty Ltd,F,VIC,341350.0,97.0,673.0,770,0.0,Wind,2021
Warradarge Wind Farm,F,WA,499330.0,994.0,547.0,1541,0.0,Wind,2021
Gullen Solar Pty Ltd,F,NSW,18835.0,1.0,43.0,44,0.0,Solar,2021
New Gullen Range Wind Farm Pty Ltd,F,NSW,505113.0,55.0,442.0,497,0.0,Wind,2021
Newtricity Developments Biala Pty Ltd,F,NSW,86622.0,23.0,531.0,554,0.0,Wind,2021
Yarnima Power Station,F,WA,747514.0,343639.0,0.0,343639,0.46,Gas,2021
Bluewaters Power 1,F,WA,1613610.0,1216374.0,3063.0,1219437,0.75,Black Coal,2021
Bluewaters Power 2,F,WA,1689841.0,1254100.0,2211.0,1256311,0.74,Black Coal,2021
Callide B Power Station,F,QLD,3143613.0,2983083.0,34749.0,3017832,0.95,Black Coal,2021
Kogan Creek Power Station,F,QLD,5119046.0,4366178.0,4821.0,4370999,0.85,Black Coal,2021
Broadwater Power Plant,F,NSW,194005.0,9556.0,1449.0,11005,0.05,Bagasse,2021
Condong Power Plant,F,NSW,164974.0,5801.0,1293.0,7094,0.04,Bagasse,2021
Facility,F,VIC,81379.0,15.0,73.0,88,0.0,Wind,2021
White Rock Wind Farm Pty Ltd,F,NSW,506946.0,74.0,312.0,386,0.0,Wind,2021
Appin CSM Power Station,F,NSW,249729.0,248219.0,13.0,248232,0.99,Waste Coal Mine Gas,2021
Ardyaloon Facility,F,WA,2042.0,1463.0,0.0,1463,0.72,Diesel,2021
Beagle Bay Facility,F,WA,1880.0,1359.0,0.0,1359,0.72,Diesel,2021
Belrose LFG Power Station,F,NSW,97.0,56.0,20.0,76,0.58,Landfill Gas,2021
Berwick LFG Power Station,F,VIC,9611.0,740.0,137.0,877,0.08,Landfill Gas,2021
Bidyadanga Facility,F,WA,2872.0,2096.0,0.0,2096,0.73,Diesel,2021
Broadmeadows LFG Power Station,F,VIC,11828.0,907.0,113.0,1020,0.08,Landfill Gas,2021
Brooklyn LFG Power Station,F,VIC,8129.0,593.0,2.0,595,0.07,Landfill Gas,2021
Broome LNG Power Station,F,WA,138780.0,78759.0,24.0,78783,0.57,Gas,2021
Browns Plains LFG Power Station,F,QLD,15361.0,1167.0,2.0,1169,0.08,Landfill Gas,2021
Clayton LFG Power Station,F,VIC,81886.0,5344.0,283.0,5627,0.07,Landfill Gas,2021
Coober Pedy Facility,F,SA,17611.0,1892.0,0.0,1892,0.11,Wind,2021
Corio LFG Power Station,F,VIC,7178.0,555.0,3.0,558,0.08,Landfill Gas,2021
Cullerin Range Wind Farm,F,NSW,69710.0,17.0,91.0,108,0.0,Wind,2021
Derby LNG Power Station,F,WA,33974.0,20599.0,0.0,20599,0.61,Gas,2021
Djarindjin Facility,F,WA,1760.0,1274.0,0.0,1274,0.72,Diesel,2021
Eastern Creek LFG Power Station,F,NSW,6945.0,488.0,7.0,495,0.07,Landfill Gas,2021
Fitzroy Crossing LNG Power Station,F,WA,14193.0,8874.0,0.0,8874,0.63,Gas,2021
Gascoyne Facility,F,WA,663.0,601.0,0.0,601,0.91,Diesel,2021
German Creek CMM Power Station,F,QLD,284714.0,156454.0,20.0,156474,0.55,Waste Coal Mine Gas,2021
Glennies Creek WCMG Power Station,F,NSW,92101.0,48417.0,3.0,48420,0.53,Waste Coal Mine Gas,2021
Grange Avenue LFG Power Station,F,NSW,4486.0,319.0,4.0,323,0.07,Landfill Gas,2021
Grosvenor 1 WCMG Power Station,F,QLD,141752.0,80510.0,6.0,80516,0.57,Waste Coal Mine Gas,2021
Grosvenor 2 WCMG Power Station,F,QLD,96042.0,55380.0,4.0,55384,0.58,Waste Coal Mine Gas,2021
Halls Creek LNG Power Station,F,WA,11686.0,7581.0,0.0,7581,0.65,Gas,2021
Jack's Gully LFG Power Station,F,NSW,9029.0,699.0,1.0,700,0.08,Landfill Gas,2021
Kalamunda Power Station,F,WA,0.0,1.0,0.0,1,0.0,Diesel,2021
Laverton Facility,F,WA,4017.0,2861.0,0.0,2861,0.71,Diesel,2021
Leonora Facility,F,WA,8170.0,6311.0,0.0,6311,0.77,Gas,2021
Looma NGD Power Station,F,WA,2524.0,1869.0,0.0,1869,0.74,Diesel,2021
Lucas Heights 1 LFG Power Station,F,NSW,12014.0,943.0,3.0,946,0.08,Landfill Gas,2021
Lucas Heights 2 LFG Power Station,F,NSW,116253.0,9383.0,2.0,9385,0.08,Landfill Gas,2021
McArthur River Power Station,F,NT,328429.0,168784.0,0.0,168784,0.51,Gas,2021
Menzies Facility,F,WA,625.0,501.0,0.0,501,0.8,Diesel,2021
Moranbah North CMM Power Station,F,QLD,360631.0,213038.0,16.0,213054,0.59,Waste Coal Mine Gas,2021
Mugga Lane LFG Power Station,F,ACT,0.0,0.0,3.0,3,0.0,Landfill Gas,2021
Oaky Creek II WCMG Power Station,F,QLD,92780.0,52701.0,40.0,52741,0.57,Waste Coal Mine Gas,2021
Oaky Creek WCMG Power Station,F,QLD,78203.0,40593.0,62.0,40655,0.52,Waste Coal Mine Gas,2021
Pine Creek A Power Station,F,NT,212685.0,99718.0,0.0,99718,0.47,Gas,2021
Red Hill LFG Power Station,F,WA,21499.0,1654.0,2.0,1656,0.08,Landfill Gas,2021
Springvale LFG Power Station,F,VIC,6186.0,480.0,4.0,484,0.08,Landfill Gas,2021
Tahmoor WCMG Power Station,F,NSW,48276.0,27460.0,5.0,27465,0.57,Waste Coal Mine Gas,2021
Tamala Park LFG Power Station,F,WA,32599.0,2505.0,3.0,2508,0.08,Landfill Gas,2021
Tower CSM Power Station,F,NSW,163269.0,105330.0,24.0,105354,0.65,Waste Coal Mine Gas,2021
Warmun Facility,F,WA,2619.0,1972.0,0.0,1972,0.75,Diesel,2021
Weipa Solar Power Station,F,QLD,2508.0,0.0,11.0,11,0.0,Solar,2021
Wingfield 1 LFG Power Station,F,SA,6602.0,886.0,4.0,890,0.13,Landfill Gas,2021
Wingfield 2 LFG Power Station,F,SA,17429.0,1327.0,2.0,1329,0.08,Landfill Gas,2021
Wonthaggi Wind Farm,F,VIC,22674.0,4.0,47.0,51,0.0,Wind,2021
Clare Solar Farm,F,QLD,201752.0,80.0,840.0,920,0.0,Solar,2021
Barron Gorge Power Station,F,QLD,188998.0,299.0,543.0,842,0.0,Hydro,2021
Kareeya Power Station,F,QLD,560798.0,70.0,846.0,916,0.0,Hydro,2021
Swanbank E Power Station,F,QLD,1081811.0,440081.0,1192.0,441273,0.41,Gas,2021
Wivenhoe Power Station,F,QLD,187938.0,27.0,304307.0,304334,0.0,Hydro,2021
Cue Town Powerstation,F,WA,3436.0,2416.0,0.0,2416,0.7,Diesel,2021
Meekatharra Town Powerstation,F,WA,6020.0,4141.0,0.0,4141,0.69,Diesel,2021
Mt Magnet Town Powerstation,F,WA,3910.0,2393.0,0.0,2393,0.61,Gas,2021
Norseman Gold Power Station,F,WA,3303.0,2402.0,0.0,2402,0.73,Diesel,2021
Sandstone Town Powerstation,F,WA,652.0,511.0,0.0,511,0.78,Diesel,2021
Wiluna Town Powerstation,F,WA,2364.0,1667.0,0.0,1667,0.71,Diesel,2021
Yalgoo Town Powerstation,F,WA,987.0,797.0,0.0,797,0.81,Diesel,2021
Collgar Wind Farm,F,WA,690693.0,247.0,1346.0,1593,0.0,Wind,2021
Vales Point Power Station,F,NSW,6770119.0,6367344.0,98996.0,6466340,0.94,Black Coal,2021
Royalla Solar Farm,F,ACT,34712.0,0.0,170.0,170,0.0,Solar,2021
Dundonnell Wind Farm,F,VIC,813917.0,243.0,484.0,727,0.0,Wind,2021
Gannawarra Solar Farm Pty Ltd,F,VIC,106243.0,17.0,0.0,17,0.0,Solar,2021
GESS ProjectCo Pty Ltd,F,VIC,0.0,15.0,2842.0,2857,0.0,Battery,2021
Hamilton Solar Farm Pty Ltd,F,QLD,125560.0,116.0,0.0,116,0.0,Solar,2021
The Daydream Solar Farm Trust,F,QLD,328042.0,35.0,0.0,35,0.0,Solar,2021
The Hayman Solar Farm Trust,F,QLD,104180.0,17.0,0.0,17,0.0,Solar,2021
Whitsunday Solar Farm Pty,F,QLD,109715.0,115.0,0.0,115,0.0,Solar,2021
Darlington Point Solar Farm Pty Ltd,F,NSW,210180.0,151.0,0.0,151,0.0,Solar,2021
Bremer Bay Wind Diesel Power Station,F,WA,1884.0,10.0,2.0,12,0.01,Wind,2021
Cockburn Power Station,F,WA,130959.0,52840.0,0.0,52840,0.4,Gas,2021
Collie Power Station,F,WA,1043412.0,956005.0,2183.0,958188,0.92,Black Coal,2021
Coral Bay Wind Diesel Power Station,F,WA,3815.0,1780.0,0.0,1780,0.47,Diesel,2021
Denham Wind Farm,F,WA,1456.0,0.0,0.0,0,0.0,Wind,2021
Esperance Wind Farm,F,WA,13600.0,1.0,6.0,7,0.0,Wind,2021
Hopetoun Wind Diesel Power Station,F,WA,5355.0,2449.0,0.0,2449,0.46,Diesel,2021
Kalbarri Wind Farm,F,WA,2084.0,0.0,8.0,8,0.0,Wind,2021
Kalgoorlie Gas Turbine Station,F,WA,5433.0,5283.0,0.0,5283,0.97,Gas,2021
Kwinana Power Station,F,WA,669920.0,354786.0,595.0,355381,0.53,Gas,2021
Muja Power Station,F,WA,3587410.0,3260481.0,1642.0,3262123,0.91,Black Coal,2021
Mungarra Gas Turbine Station,F,WA,30926.0,25262.0,0.0,25262,0.82,Gas,2021
Pinjar Gas Turbine Station,F,WA,559454.0,497194.0,0.0,497194,0.89,Gas,2021
Ravensthorpe Power Station,F,WA,69.0,50.0,0.0,50,0.72,Diesel,2021
Childers Solar Farm,F,QLD,108333.0,14.0,279.0,293,0.0,Solar,2021
Nevertire Solar Farm,F,NSW,235018.0,11.0,628.0,639,0.0,Solar,2021
Susan River Solar Farm,F,QLD,151621.0,17.0,379.0,396,0.0,Solar,2021
Bungala One Solar Farm,F,SA,250276.0,0.0,0.0,0,0.0,Solar,2021
Bungala Two Solar Farm,F,SA,248790.0,0.0,0.0,0,0.0,Solar,2021
Aurukun Remote generation,F,QLD,6118.0,4316.0,0.0,4316,0.71,Diesel,2021
Badu Island Remote Generation,F,QLD,3505.0,2369.0,0.0,2369,0.68,Diesel,2021
Bamaga Remote Generation,F,QLD,16104.0,10732.0,0.0,10732,0.67,Diesel,2021
Barcaldine Power Station Facility,F,QLD,4621.0,6132.0,431.0,6563,1.33,Gas,2021
Bedourie Remote Generation,F,QLD,1495.0,970.0,0.0,970,0.65,Diesel,2021
Birdsville Remote Generation,F,QLD,1676.0,1072.0,0.0,1072,0.64,Diesel,2021
Boigu Island Remote Generation,F,QLD,1389.0,1008.0,0.0,1008,0.73,Diesel,2021
Boulia Remote Generation,F,QLD,2987.0,2073.0,0.0,2073,0.69,Diesel,2021
Burketown Remote Generation,F,QLD,2359.0,1568.0,0.0,1568,0.66,Diesel,2021
Camooweal Remote Generation,F,QLD,1977.0,1448.0,0.0,1448,0.73,Diesel,2021
Coconut Island Remote Generation,F,QLD,1224.0,880.0,0.0,880,0.72,Diesel,2021
Coen Remote Generation,F,QLD,1893.0,1243.0,0.0,1243,0.66,Diesel,2021
Darnley Island Remote Generation,F,QLD,1904.0,1154.0,0.0,1154,0.61,Diesel,2021
Dauan Island Remote Generation,F,QLD,978.0,731.0,0.0,731,0.75,Diesel,2021
Doomadgee Remote Generation,F,QLD,7483.0,4593.0,0.0,4593,0.61,Diesel,2021
Energy Impact - Bromelton Peak Generation Plant - Facility,F,QLD,2481.0,1274.0,400.0,1674,0.51,Diesel,2021
Energy Impact - Generation - Facility,F,QLD,3227.0,2273.0,0.0,2273,0.7,Diesel,2021
Gununa Remote Generation,F,QLD,6195.0,4283.0,0.0,4283,0.69,Diesel,2021
Hammond Island,F,QLD,893.0,682.0,0.0,682,0.76,Diesel,2021
Jundah Remote Generation,F,QLD,1276.0,842.0,0.0,842,0.66,Diesel,2021
Kowanyama Remote Generation,F,QLD,5126.0,3482.0,0.0,3482,0.68,Diesel,2021
Kubin Island Remote Generation,F,QLD,2433.0,1669.0,0.0,1669,0.69,Diesel,2021
Lockhart River Remote Generation,F,QLD,2757.0,1920.0,0.0,1920,0.7,Diesel,2021
Mabuig Island Remote Generation,F,QLD,1233.0,902.0,0.0,902,0.73,Diesel,2021
Mapoon Remote Generation,F,QLD,1816.0,1143.0,0.0,1143,0.63,Diesel,2021
Murray Island Remote Generation,F,QLD,2195.0,1512.0,0.0,1512,0.69,Diesel,2021
Palm Island Remote Generation,F,QLD,8577.0,6018.0,0.0,6018,0.7,Diesel,2021
Pormpuraaw,F,QLD,3236.0,2252.0,0.0,2252,0.7,Diesel,2021
Sabai Island Remote Generation,F,QLD,1805.0,1280.0,0.0,1280,0.71,Diesel,2021
Stephen Island Remote Generation,F,QLD,494.0,357.0,0.0,357,0.72,Diesel,2021
Thursday Island Remote Generation,F,QLD,26545.0,17075.0,0.0,17075,0.64,Diesel,2021
Warraber Island Remote Generation,F,QLD,1533.0,1086.0,0.0,1086,0.71,Diesel,2021
Wasaga Remote Generation,F,QLD,4841.0,3367.0,0.0,3367,0.7,Diesel,2021
Windorah Remote Generation,F,QLD,1270.0,778.0,0.0,778,0.61,Diesel,2021
Yam Island,F,QLD,1912.0,1322.0,0.0,1322,0.69,Diesel,2021
York Island,F,QLD,1606.0,1129.0,0.0,1129,0.7,Diesel,2021
Hallett Power Station,F,SA,44997.0,29573.0,1055.0,30628,0.66,Gas,2021
Jeeralang Power Station,F,VIC,127914.0,94587.0,5378.0,99965,0.74,Gas,2021
Mt Piper Power Station,F,NSW,8085766.0,7082278.0,10060.0,7092338,0.88,Black Coal,2021
Newport Power Station,F,VIC,294712.0,165632.0,22240.0,187872,0.56,Gas,2021
Tallawarra Power Station,F,NSW,678259.0,258550.0,6658.0,265208,0.38,Gas,2021
Yallourn Power Station,F,VIC,8902310.0,11066127.0,144839.0,11210966,1.24,Brown Coal,2021
Esperance Power Station,F,WA,67878.0,54077.0,0.0,54077,0.8,Gas,2021
Essential Energy Generation Facility - Broken Hill Gas Turbine,F,NSW,74.0,0.0,255.0,255,0.0,Diesel,2021
Exmouth Power Station Pty Ltd,F,WA,26937.0,18780.0,0.0,18780,0.7,Gas,2021
Finley Solar Farm,F,NSW,292285.0,0.0,993.0,993,0.0,Solar,2021
Solomon Power Station,F,WA,300671.0,183646.0,0.0,183646,0.61,Gas,2021
Oakey 2 Solar Farm,F,QLD,103664.0,0.0,0.0,0,0.0,Solar,2021
Kidston Solar One - Solar - Qld,F,QLD,123907.0,0.0,1196.0,1196,0.0,Solar,2021
Jemalong PV Asset Pty Ltd as Trustee for the Jemalong PV Asset Trust,F,NSW,14848.0,0.0,344.0,344,0.0,Solar,2021
Glenrowan West Solar Farm,F,VIC,14086.0,5.0,93.0,98,0.0,Solar,2021
Berrybank Wind farm,F,VIC,155429.0,2233.0,556.0,2789,0.01,Wind,2021
Crookwell 2 Wind farm,F,NSW,289689.0,73.0,265.0,338,0.0,Wind,2021
Parkeston Power Station,F,WA,261661.0,146132.0,0.0,146132,0.56,Gas,2021
Goonumbla Solar Farm,F,NSW,132185.0,19.0,447.0,466,0.0,Solar,2021
Crudine Ridge Wind Farm,F,NSW,83111.0,2799.0,246.0,3045,0.03,Wind,2021
Bango Wind Farm,F,NSW,131.0,2688.0,533.0,3221,20.48,Wind,2021
Boco Rock Wind Farm,F,NSW,345129.0,182.0,902.0,1084,0.0,Wind,2021
Sapphire Wind Farm,F,NSW,810035.0,170.0,1619.0,1789,0.0,Wind,2021
Bastyan Hydro Power Station,F,TAS,308540.0,0.0,21.0,21,0.0,Hydro,2021
Butlers Gorge Hydro Power Station,F,TAS,90608.0,6.0,0.0,6,0.0,Hydro,2021
Catagunya Hydro Power Station,F,TAS,177896.0,0.0,47.0,47,0.0,Hydro,2021
Cethana Hydro Power Station,F,TAS,297797.0,0.0,866.0,866,0.0,Hydro,2021
Cluny Hydro Power Station,F,TAS,84740.0,0.0,14.0,14,0.0,Hydro,2021
Devils Gate Hydro Power Station,F,TAS,219144.0,0.0,17.0,17,0.0,Hydro,2021
Fisher Hydro Power Station,F,TAS,183625.0,1.0,0.0,1,0.0,Hydro,2021
Flinders Island Power Station,F,TAS,7016.0,1738.0,0.0,1738,0.25,Wind,2021
Gordon Hydro Power Station,F,TAS,1123581.0,45.0,34.0,79,0.0,Hydro,2021
John Butters Hydro Power Station,F,TAS,397232.0,3.0,599.0,602,0.0,Hydro,2021
King Island Power Station,F,TAS,14677.0,4508.0,0.0,4508,0.31,Wind,2021
Lake Echo Hydro Power Station,F,TAS,71176.0,0.0,33.0,33,0.0,Hydro,2021
Lake Margaret Lower Hydro Power station,F,TAS,16969.0,0.0,1.0,1,0.0,Hydro,2021
Lake Margaret Upper Hydro Power Station,F,TAS,44157.0,0.0,4.0,4,0.0,Hydro,2021
Lemonthyme Hydro Power Station,F,TAS,221899.0,0.0,47.0,47,0.0,Hydro,2021
Liapootah Hydro Power Station,F,TAS,428568.0,19.0,54.0,73,0.0,Hydro,2021
Mackintosh Hydro Power Station,F,TAS,298011.0,0.0,686.0,686,0.0,Hydro,2021
Meadowbank Hydro Power Station,F,TAS,109867.0,0.0,25.0,25,0.0,Hydro,2021
Paloona Hydro Power Station,F,TAS,84755.0,0.0,23.0,23,0.0,Hydro,2021
Parangana Hydro Power Station,F,TAS,5089.0,0.0,0.0,0,0.0,Hydro,2021
Poatina Hydro Power Station,F,TAS,1134057.0,0.0,1396.0,1396,0.0,Hydro,2021
Reece Hydro Power Station,F,TAS,780743.0,0.0,1751.0,1751,0.0,Hydro,2021
Repulse Hydro Power Station,F,TAS,138734.0,0.0,15.0,15,0.0,Hydro,2021
Rowallan Hydro Power Station,F,TAS,29798.0,0.0,0.0,0,0.0,Hydro,2021
Tamar Valley Power Station,F,TAS,86661.0,44977.0,1743.0,46720,0.52,Gas,2021
Tarraleah Hydro Power Station,F,TAS,629105.0,0.0,104.0,104,0.0,Hydro,2021
Trevallyn Hydro Power Station,F,TAS,409942.0,7.0,66.0,73,0.0,Hydro,2021
Tribute Hydro Power Station,F,TAS,212833.0,0.0,50.0,50,0.0,Hydro,2021
Tungatinah Hydro Power Station,F,TAS,464026.0,1.0,155.0,156,0.0,Hydro,2021
Wayatinah Hydro Power Station,F,TAS,250318.0,3.0,33.0,36,0.0,Hydro,2021
Wilmot Hydro Power Station,F,TAS,88664.0,2.0,70.0,72,0.0,Hydro,2021
Baking Board Solar Farm,F,QLD,37992.0,15.0,71.0,86,0.0,Solar,2021
Karratha Solar Power No 1 Pty Ltd,F,WA,1810.0,0.0,10.0,10,0.0,Solar,2021
Maryrorough Solar Farm,F,QLD,50166.0,11.0,102.0,113,0.0,Solar,2021
Mount Majura Solar Farm,F,ACT,4191.0,0.0,1.0,1,0.0,Solar,2021
Swan Hill Solar Farm,F,VIC,36584.0,2.0,65.0,67,0.0,Solar,2021
Williamsdale Solar Farm,F,ACT,20210.0,2.0,60.0,62,0.0,Solar,2021
Alinta Wind Farm,F,WA,305758.0,74.0,754.0,828,0.0,Wind,2021
Bodangora Wind Farm,F,NSW,333346.0,73.0,265.0,338,0.0,Wind,2021
Capital Wind Farm,F,NSW,355061.0,152.0,907.0,1059,0.0,Wind,2021
Lake Bonney BESS Pty Ltd,F,SA,0.0,5.0,1301.0,1306,0.0,Battery,2021
"Lake Bonney Stage 1,2 & 3 Wind Farm",F,SA,559719.0,106.0,860.0,966,0.0,Wind,2021
Smithfield Gas Turbine,F,NSW,28730.0,19049.0,1216.0,20265,0.66,Gas,2021
Woodlawn Wind Farm,F,NSW,143467.0,43.0,350.0,393,0.0,Wind,2021
Cherry Tree Wind Farm,F,VIC,196655.0,61.0,394.0,455,0.0,Wind,2021
Iberdola Australia SAGT,F,SA,4800.0,4368.0,173.0,4541,0.91,Gas,2021
Canunda Wind Farm,F,SA,111085.0,14.0,119.0,133,0.0,Wind,2021
Dry Creek Power Station,F,SA,14832.0,14022.0,364.0,14386,0.95,Gas,2021
Kwinana Cogeneration Plant,F,WA,780046.0,403342.0,15.0,403357,0.52,Gas,2021
Mintaro Power Station,F,SA,19515.0,13920.0,94.0,14014,0.71,Gas,2021
Pelican Point Power Station,F,SA,2542096.0,1005924.0,3441.0,1009365,0.4,Gas,2021
Port Lincoln Power Station,F,SA,749.0,1093.0,805.0,1898,1.46,Diesel,2021
Snuggery Power Station,F,SA,673.0,757.0,426.0,1183,1.13,Diesel,2021
Willogoleche Wind Farm,F,SA,347539.0,63.0,197.0,260,0.0,Wind,2021
KARADOC SOLAR FARM,F,VIC,186254.0,0.0,430.0,430,0.0,Solar,2021
Barcaldine Remote Community Solar Farm Pty Ltd,F,QLD,32594.0,0.0,0.0,0,0.0,Solar,2021
Bannerton Solar Farm,F,VIC,180433.0,0.0,0.0,0,0.0,Solar,2021
Kiata Wind Farm Pty Ltd,F,VIC,113829.0,33.0,316.0,349,0.0,Wind,2021
Lal Lal Wind Farm,F,VIC,552676.0,37.0,1044.0,1081,0.0,Wind,2021
Benaraby LFGE Station,F,QLD,6274.0,643.0,0.0,643,0.1,Landfill Gas,2021
Bunya LFGE Station,F,QLD,4345.0,415.0,0.0,415,0.1,Landfill Gas,2021
Caboolture LFGE Station,F,QLD,10500.0,918.0,0.0,918,0.09,Landfill Gas,2021
Dakabin LFGE Station,F,QLD,16385.0,1072.0,0.0,1072,0.07,Landfill Gas,2021
Maryborough LFGE Station,F,QLD,7503.0,714.0,0.0,714,0.1,Landfill Gas,2021
Mugga Lane LFGE Station,F,ACT,31140.0,2743.0,0.0,2743,0.09,Landfill Gas,2021
Willawong LFGE Station,F,QLD,4744.0,561.0,0.0,561,0.12,Landfill Gas,2021
Emerald Solar Park,F,QLD,154987.0,30.0,1449.0,1479,0.0,Solar,2021
Lilyvale Solar Farm,F,QLD,193763.0,54.0,622.0,676,0.0,Solar,2021
Lincoln Gap Wind Farm Operations Pty Ltd,F,SA,439607.0,0.0,320.0,320,0.0,Wind,2021
Albury Renewable Energy Facility,F,NSW,6200.0,468.0,0.0,468,0.08,Landfill Gas,2021
Albury Solar Facility,F,NSW,2060.0,0.0,0.0,0,0.0,Solar,2021
Awaba Renewable Energy Facility,F,NSW,6001.0,439.0,0.0,439,0.07,Landfill Gas,2021
Ballarat Renewable Energy Facility,F,VIC,12208.0,926.0,0.0,926,0.08,Landfill Gas,2021
Bendigo Renewable Energy Facility,F,VIC,4132.0,302.0,0.0,302,0.07,Landfill Gas,2021
Birkdale Renewable Energy Facility,F,QLD,3661.0,292.0,0.0,292,0.08,Landfill Gas,2021
Copping Renewable Energy Facility,F,TAS,8782.0,617.0,0.0,617,0.07,Landfill Gas,2021
Darwin Renewable Energy Facility,F,NT,7980.0,586.0,0.0,586,0.07,Landfill Gas,2021
Drysdale Renewable Energy Facility,F,VIC,8873.0,622.0,0.0,622,0.07,Landfill Gas,2021
Eastern Creek 2 Renewable Energy Facility,F,NSW,44725.0,3137.0,0.0,3137,0.07,Landfill Gas,2021
Hampton Park Renewable Energy Facility,F,VIC,74928.0,5274.0,0.0,5274,0.07,Landfill Gas,2021
Ipswich Renewable Energy Facility,F,QLD,4128.0,303.0,0.0,303,0.07,Landfill Gas,2021
Mornington Peninsula Renewable Energy Facility,F,VIC,4322.0,327.0,0.0,327,0.08,Landfill Gas,2021
NAWMA Renewable Energy Facility,F,SA,8774.0,660.0,0.0,660,0.08,Landfill Gas,2021
NAWMA Solar Facility,F,SA,1613.0,0.0,0.0,0,0.0,Solar,2021
Newcastle Renewable Energy Facility,F,NSW,18511.0,1276.0,0.0,1276,0.07,Landfill Gas,2021
Reedy Creek Renewable Energy Facility,F,QLD,7065.0,506.0,0.0,506,0.07,Landfill Gas,2021
Remount Renewable Energy Facility,F,TAS,9308.0,634.0,0.0,634,0.07,Landfill Gas,2021
Rochedale Renewable Energy Facility,F,QLD,46794.0,3516.0,0.0,3516,0.08,Landfill Gas,2021
Seaford Heights Renewable Energy Facility,F,SA,20750.0,1540.0,0.0,1540,0.07,Landfill Gas,2021
Shepparton Renewable Energy Facility,F,VIC,6356.0,468.0,0.0,468,0.07,Landfill Gas,2021
SIMS Gillman Solar Facility,F,SA,548.0,0.0,0.0,0,0.0,Solar,2021
South Cardup Renewable Energy Facility,F,WA,18626.0,1476.0,0.0,1476,0.08,Landfill Gas,2021
Stapylton Renewable Energy Facility,F,QLD,27478.0,1994.0,0.0,1994,0.07,Landfill Gas,2021
Swanbank Renewable Energy Facility,F,QLD,12789.0,944.0,0.0,944,0.07,Landfill Gas,2021
Wollert Renewable Energy Facility,F,VIC,66014.0,4766.0,0.0,4766,0.07,Landfill Gas,2021
Wyndham Renewable Energy Facility,F,VIC,33244.0,2394.0,0.0,2394,0.07,Landfill Gas,2021
Wyong Renewable Energy Facility,F,NSW,18972.0,1439.0,0.0,1439,0.08,Landfill Gas,2021
Caloundra Renewable Energy Facility,F,QLD,5406.0,381.0,0.0,381,0.07,Landfill Gas,2021
Seaford Heights Solar Facility,F,SA,672.0,0.0,0.0,0,0.0,Solar,2021
Longreach SF,F,QLD,32255.0,0.0,0.0,0,0.0,Solar,2021
Longreach Solar Farm,F,QLD,32255.0,0.0,0.0,0,0.0,Solar,2021
Wellington Solar Farm,F,NSW,48400.0,980.0,536.0,1516,0.02,Solar,2021
Burrinjuck Hydro,F,NSW,98043.0,14.0,64.0,78,0.0,Hydro,2021
Hume Hydro,F,NSW,147308.0,26.0,326.0,352,0.0,Hydro,2021
Keepit Hydro,F,NSW,1754.0,11.0,0.0,11,0.01,Hydro,2021
Mt Mercer Wind farm Pty Ltd,F,VIC,361086.0,50.0,0.0,50,0.0,Wind,2021
Mt Millar Wind Farm Pty Ltd,F,SA,169954.0,602.0,0.0,602,0.0,Wind,2021
Alfred Hospital Cogeneration Plant,F,VIC,11117.0,13070.0,459.0,13529,1.18,Gas,2021
Dandenong Hospital Cogeneration Plant,F,VIC,11539.0,12160.0,403.0,12563,1.05,Gas,2021
Geelong Hospital Cogeneration Plant,F,VIC,11540.0,11143.0,349.0,11492,0.97,Gas,2021
Royal Melbourne Hospital Cogeneration Plant,F,VIC,27376.0,28629.0,345.0,28974,1.05,Gas,2021
ST. Vincent's Hospital Cogeneration Plant,F,VIC,11190.0,12438.0,379.0,12817,1.11,Gas,2021
Moorabool Wind Farm Pty Ltd,F,VIC,69432.0,64.0,68044.0,68108,0.0,Wind,2021
Mortons Lane Windfarm Pty Ltd,F,VIC,59463.0,0.0,45.0,45,0.0,Wind,2021
Mumbida Wind Farm Pty Ltd,F,WA,200257.0,34.0,730.0,764,0.0,Wind,2021
Murra Warra Wind Farm,F,VIC,731187.0,52.0,509.0,561,0.0,Wind,2021
BULGANA GREEN POWER HUB,F,VIC,374906.0,142.0,1173.0,1315,0.0,Wind,2021
COLEAMBALLY SOLAR PTY LTD,F,NSW,342878.0,43.0,1295.0,1338,0.0,Solar,2021
DEGRUSSA SOLAR PROJECT PTY LTD,F,WA,21328.0,0.0,315.0,315,0.0,Solar,2021
DUBBO SOLAR HUB PTY LTD,F,NSW,58481.0,5.0,88.0,93,0.0,Solar,2021
GRIFFITH SOLAR FARM PTY LTD,F,NSW,69311.0,11.0,102.0,113,0.0,Solar,2021
HORNSDALE POWER RESERVE PTY LTD,F,SA,0.0,198.0,5466.0,5664,0.0,Battery,2021
HWF1 PTY LTD,F,SA,339278.0,28.0,99.0,127,0.0,Wind,2021
HWF2 PTY LTD,F,SA,322320.0,27.0,105.0,132,0.0,Wind,2021
HWF3 PTY LTD,F,SA,348090.0,27.0,98.0,125,0.0,Wind,2021
NUMURKAH SOLAR FARM PTY LTD,F,VIC,230544.0,41.0,1094.0,1135,0.0,Solar,2021
PARKES SOLAR FARM PTY LTD,F,NSW,125849.0,19.0,268.0,287,0.0,Solar,2021
FS NSW Project No 1 AT Pty Ltd as trustee for FS NSW Project No 1 Asset Trust,F,NSW,177813.0,0.0,669.0,669,0.0,Solar,2021
Manildra Prop Pty Ltd as trustee for Manildra Asset Trust,F,NSW,86626.0,0.0,180.0,180,0.0,Solar,2021
Kwinana Gas Fired Power Station,F,WA,2027187.0,795750.0,156.0,795906,0.39,Gas,2021
Gladstone Power Station,F,QLD,6420666.0,6269417.0,55468.0,6324885,0.98,Black Coal,2021
Oakey 1 Solar Farm,F,NSW,52050.0,0.0,0.0,0,0.0,Solar,2021
Oakey 1 Solar Farm,F,QLD,52050.0,0.0,0.0,0,0.0,Solar,2021
Ballarat Solar Park,F,VIC,336.0,0.0,1.0,1,0.0,Solar,2021
Bendigo Solar Park,F,VIC,420.0,0.0,3.0,3,0.0,Solar,2021
Bond,F,NSW,599.0,356.0,24.0,380,0.59,Gas,2021
Chifley Square,F,NSW,1075.0,585.0,44.0,629,0.54,Gas,2021
Darling Downs Power Station,F,QLD,1804295.0,784373.0,14707.0,799080,0.43,Gas,2021
Drapac,F,VIC,520.0,323.0,25.0,348,0.62,Gas,2021
Eraring Power Station,F,NSW,14509920.0,12713738.0,16072.0,12729810,0.88,Black Coal,2021
Exhibition Street,F,VIC,148.0,87.0,7.0,94,0.59,Gas,2021
Kent Street,F,NSW,3135.0,1630.0,127.0,1757,0.52,Gas,2021
La Trobe,F,VIC,159.0,111.0,8.0,119,0.7,Gas,2021
Ladbroke Grove Power Station,F,SA,84339.0,43477.0,417.0,43894,0.52,Gas,2021
Mortlake Power Station,F,VIC,521400.0,291272.0,4902.0,296174,0.56,Gas,2021
Mount,F,NSW,1562.0,893.0,63.0,956,0.57,Gas,2021
Mt Stuart Power Station,F,QLD,39142.0,42561.0,3987.0,46548,1.09,Kerosene,2021
Quarantine Power Station,F,SA,131622.0,82800.0,1385.0,84185,0.63,Gas,2021
Roma Power Station,F,QLD,48605.0,30935.0,981.0,31916,0.64,Gas,2021
Shoalhaven Scheme,F,NSW,124131.0,274.0,124058.0,124332,0.0,Hydro,2021
Stockland Headquarters,F,NSW,918.0,533.0,37.0,570,0.58,Gas,2021
University of NSW,F,NSW,2298.0,1223.0,93.0,1316,0.53,Gas,2021
Uranquinty Power Station,F,NSW,163386.0,104491.0,4737.0,109228,0.64,Gas,2021
Millmerran Power Station (facility),F,QLD,6341419.0,5257559.0,4001.0,5261560,0.83,Black Coal,2021
Granville Harbour Wind Farm,F,TAS,339618.0,283.0,210.0,493,0.0,Wind,2021
Ross River Solar Farm,F,QLD,268582.0,137.0,791.0,928,0.0,Solar,2021
Waterloo Wind Farm,F,SA,335361.0,36.0,216.0,252,0.0,Wind,2021
Bairnsdale Power Station,F,VIC,71500.0,38599.0,725.0,39324,0.54,Gas,2021
Braemar Power Station,F,QLD,366886.0,206628.0,1669.0,208297,0.56,Coal Seam Methane,2021
Loy Yang B Power Station,F,VIC,8812348.0,9701068.0,4820.0,9705888,1.1,Brown Coal,2021
Newman Power Station,F,WA,291052.0,202430.0,0.0,202430,0.7,Gas,2021
Port Hedland Power Station,F,WA,551410.0,412528.0,0.0,412528,0.75,Gas,2021
Wagerup Power Station,F,WA,334356.0,184745.0,4604.0,189349,0.55,Gas,2021
Yandin Wind Farm,F,WA,589708.0,162.0,598.0,760,0.0,Wind,2021
Alpurrurulam (Lake Nash),F,NT,1557.0,1135.0,0.0,1135,0.73,Diesel,2021
Amanbidgi (Kildurk),F,NT,239.0,235.0,0.0,235,0.98,Diesel,2021
"Ampilatwatja (Alparra, Ammaroo)",F,NT,4171.0,2481.0,0.0,2481,0.59,Diesel,2021
Amunturangu (Mount Liebig),F,NT,913.0,578.0,0.0,578,0.63,Diesel,2021
Aputula (Finke),F,NT,980.0,616.0,0.0,616,0.63,Diesel,2021
Areyonga (Utju),F,NT,1108.0,727.0,0.0,727,0.66,Diesel,2021
Atitjere (Harts Range),F,NT,935.0,560.0,0.0,560,0.6,Diesel,2021
Borroloola Generation,F,NT,5979.0,4157.0,0.0,4157,0.7,Diesel,2021
Bulla Camp,F,NT,387.0,390.0,0.0,390,1.01,Diesel,2021
Bulman,F,NT,1315.0,907.0,0.0,907,0.69,Diesel,2021
Daly Waters Generation,F,NT,1637.0,1104.0,0.0,1104,0.67,Diesel,2021
Elliot Generation,F,NT,2926.0,2155.0,0.0,2155,0.74,Gas,2021
Engawala (Alcoota),F,NT,581.0,439.0,0.0,439,0.76,Diesel,2021
Epenarra (Wutunugurra),F,NT,817.0,662.0,0.0,662,0.81,Diesel,2021
Eva Valley,F,NT,340.0,306.0,0.0,306,0.9,Diesel,2021
Galiwinku (Elcho Island),F,NT,7684.0,4727.0,0.0,4727,0.62,Diesel,2021
Gapuwiyak (Lake Evella),F,NT,3288.0,2053.0,0.0,2053,0.62,Diesel,2021
Gunbalanya (Oenpelli),F,NT,5358.0,3389.0,0.0,3389,0.63,Diesel,2021
Ikuntji (Haasts Bluff),F,NT,662.0,554.0,0.0,554,0.84,Diesel,2021
Imangara (Murray Downs),F,NT,368.0,270.0,0.0,270,0.73,Diesel,2021
Imanpa (Mount Ebenezer),F,NT,643.0,468.0,0.0,468,0.73,Diesel,2021
Kalkaringi (Wave Hill),F,NT,2950.0,2038.0,0.0,2038,0.69,Diesel,2021
Kaltukatjara (Docker River),F,NT,1528.0,900.0,0.0,900,0.59,Diesel,2021
Lajamanu (Hooker Creek),F,NT,3474.0,1985.0,0.0,1985,0.57,Diesel,2021
Laramba (Napperby),F,NT,949.0,677.0,0.0,677,0.71,Diesel,2021
Maningrida,F,NT,9871.0,5784.0,0.0,5784,0.59,Diesel,2021
Milikapiti (Snake Bay),F,NT,2327.0,1754.0,0.0,1754,0.75,Diesel,2021
Milingimbi,F,NT,4077.0,2517.0,0.0,2517,0.62,Diesel,2021
Milyakburra (Bickerton Island),F,NT,923.0,560.0,0.0,560,0.61,Diesel,2021
Minjilang (Croker Island),F,NT,1380.0,867.0,0.0,867,0.63,Diesel,2021
Minyerri (Hodgson Downs),F,NT,2429.0,1608.0,0.0,1608,0.66,Diesel,2021
Nauiyu Nambiyu (Daly River),F,NT,3361.0,1453.0,0.0,1453,0.43,Solar,2021
Nguiu (Bathurst Island),F,NT,7506.0,4783.0,0.0,4783,0.64,Diesel,2021
Ngukurr (Roper River),F,NT,4911.0,3154.0,0.0,3154,0.64,Diesel,2021
Numbulwar (Rose River),F,NT,3038.0,2107.0,0.0,2107,0.69,Diesel,2021
Nyirripi (Waite Creek),F,NT,1122.0,599.0,0.0,599,0.53,Diesel,2021
Orwaitilla (Canteen Creek),F,NT,853.0,617.0,0.0,617,0.72,Diesel,2021
Palumpa,F,NT,1536.0,1065.0,0.0,1065,0.69,Diesel,2021
Papunya,F,NT,2026.0,1451.0,0.0,1451,0.72,Diesel,2021
Peppimenarti,F,NT,1430.0,991.0,0.0,991,0.69,Diesel,2021
Pidgeon Hole,F,NT,540.0,436.0,0.0,436,0.81,Diesel,2021
Pirlangimpi (Garden Point),F,NT,2155.0,1692.0,0.0,1692,0.79,Diesel,2021
Ramingining,F,NT,3813.0,2270.0,0.0,2270,0.6,Diesel,2021
Robinson River,F,NT,1173.0,876.0,0.0,876,0.75,Diesel,2021
Tara (Neutral Junction),F,NT,341.0,264.0,0.0,264,0.77,Diesel,2021
Ti Tree Generation,F,NT,2297.0,1695.0,0.0,1695,0.74,Diesel,2021
Timber Creek,F,NT,2479.0,1796.0,0.0,1796,0.72,Diesel,2021
Titjikala (Maryvale),F,NT,1089.0,562.0,0.0,562,0.52,Diesel,2021
Umbakumba,F,NT,2781.0,2090.0,0.0,2090,0.75,Diesel,2021
Wadeye (Port Keats),F,NT,9591.0,5809.0,0.0,5809,0.61,Gas,2021
Walungurru (Kintore),F,NT,1788.0,1033.0,0.0,1033,0.58,Diesel,2021
Warruwi (Goulburn Is),F,NT,2040.0,1256.0,0.0,1256,0.62,Diesel,2021
Wilora (Stirling),F,NT,304.0,234.0,0.0,234,0.77,Diesel,2021
Wirliyatjarrayi (Willowra),F,NT,1029.0,722.0,0.0,722,0.7,Diesel,2021
Yarralin,F,NT,1602.0,1113.0,0.0,1113,0.69,Diesel,2021
Yuendumu,F,NT,5114.0,3352.0,0.0,3352,0.66,Diesel,2021
Channel Island Power Station,F,NT,729594.0,488157.0,0.0,488157,0.67,Gas,2021
Katherine Power Station,F,NT,22762.0,17981.0,0.0,17981,0.79,Gas,2021
Kings Canyon,F,NT,1169.0,866.0,0.0,866,0.74,Solar,2021
Owen Springs Power Station,F,NT,124348.0,70403.0,0.0,70403,0.57,Gas,2021
Ron Goodin Power Station,F,NT,67111.0,48927.0,0.0,48927,0.73,Gas,2021
Tennant Creek Power Station,F,NT,30790.0,19239.0,0.0,19239,0.62,Gas,2021
Weddell Power Station,F,NT,478247.0,277990.0,0.0,277990,0.58,Gas,2021
Yulara Power Station,F,NT,15369.0,9671.0,0.0,9671,0.63,Gas,2021
Visy Energy - Coolaroo Co-gen,F,VIC,20828.0,23483.0,11018.0,34501,1.13,Biofuel,2021
Condamine Power Station,F,QLD,258150.0,122294.0,4442.0,126736,0.47,Gas,2021
MSF,F,SA,7108.0,0.0,7.0,7,0.0,Solar,2021
TWWF,F,VIC,26496.0,0.0,22.0,22,0.0,Solar,2021
YWF,F,VIC,31817.0,0.0,21.0,21,0.0,Solar,2021
Kemerton Power Station,F,WA,131827.0,86004.0,2544.0,88548,0.65,Gas,2021
Starfish Hill Wind Farm,F,SA,87345.0,30.0,59.0,89,0.0,Wind,2021
Toora Wind Farm,F,VIC,55953.0,24.0,191.0,215,0.0,Wind,2021
Townsville Power Station,F,QLD,235780.0,132359.0,2810.0,135169,0.56,Coal Seam Methane,2021
Windy Hill Wind Farm,F,QLD,23134.0,21.0,23.0,44,0.0,Wind,2021
Collector Wind Farm,F,NSW,40842.0,0.0,196.0,196,0.0,Solar,2021
Mount Emerald Wind Farm,F,QLD,334281.0,49.0,2627.0,2676,0.0,Solar,2021
Ratch-Australia Collinsville Solar PV,F,QLD,124893.0,21.0,240.0,261,0.0,Solar,2021
Carnarvon Power Station & Distribution network,F,WA,38697.0,24891.0,9.0,24900,0.64,Gas,2021
Denham Power Station & Denham Distribution network,F,WA,4251.0,3042.0,0.0,3042,0.72,Diesel,2021
Kalumburu Power Station & Distribution network,F,WA,2292.0,1592.0,0.0,1592,0.69,Diesel,2021
Kununurra Power Station & Kununurra Distribution network,F,WA,400.0,401.0,56.0,457,1.0,Diesel,2021
Marble Bar Power Station & Marble Bar Distribution network,F,WA,2396.0,1424.0,0.0,1424,0.59,Diesel,2021
Murchison Radio Astronomy Power Station and Distribution Network,F,WA,2786.0,2053.0,0.0,2053,0.74,Diesel,2021
Nullagine Power Station & Nullagine Distribution network,F,WA,1263.0,741.0,0.0,741,0.59,Diesel,2021
Onslow Power Station & Onslow Distribution Network,F,WA,18909.0,9738.0,0.0,9738,0.51,Gas,2021
Wyndham Power Station & Distribution network,F,WA,69.0,53.0,0.0,53,0.76,Diesel,2021
Yungngora Power Station & Yungngora Distribution Network,F,WA,1715.0,1022.0,0.0,1022,0.6,Diesel,2021
FPC Green Energy,F,QLD,51989.0,1811.0,1422.0,3233,0.03,Bagasse,2021
Cape Lambert Power Station,F,WA,293389.0,171661.0,0.0,171661,0.59,Gas,2021
Paraburdoo Power Station,F,WA,535802.0,288095.0,0.0,288095,0.54,Gas,2021
West Angelas Power Station,F,WA,375500.0,209637.0,0.0,209637,0.56,Gas,2021
Yurralyi Maya Power Station,F,WA,497731.0,290340.0,0.0,290340,0.58,Gas,2021
Yarranlea Solar Farm,F,QLD,148896.0,0.0,0.0,0,0.0,Solar,2021
Merredin Solar Farm,F,WA,197870.0,1.0,0.0,1,0.0,Solar,2021
Limondale Solar Farm,F,NSW,210050.0,95.0,1445.0,1540,0.0,Solar,2021
Salt Creek Wind Farm,F,VIC,156467.0,45.0,271.0,316,0.0,Wind,2021
Wilga Park Power Station,F,NSW,115127.0,62633.0,10.0,62643,0.54,Coal Seam Methane,2021
Newgen Neerabup Power Station,F,WA,200465.0,121235.0,3329.0,124564,0.6,Gas,2021
Oakey Power Station,F,QLD,46365.0,33053.0,2180.0,35233,0.71,Gas,2021
Musselroe Wind Farm Pty Ltd,F,TAS,556715.0,155.0,233.0,388,0.0,Wind,2021
Woolnorth Bluff point Wind Farm Pty Ltd,F,TAS,208699.0,189.0,33.0,222,0.0,Wind,2021
Woolnorth Studland Bay Wind Farm Pty Ltd,F,TAS,263861.0,102.0,38.0,140,0.0,Wind,2021
Snowtown Wind Farm,F,SA,314593.0,147.0,289.0,436,0.0,Wind,2021
Angaston Power Station,F,SA,856.0,615.0,564.0,1179,0.72,Diesel,2021
Colongra Power Station,F,NSW,68060.0,42379.0,5805.0,48184,0.62,Gas,2021
Laverton North Power Station,F,VIC,52094.0,33179.0,3517.0,36696,0.64,Gas,2021
Lonsdale/Port Stanvac Power Station,F,SA,1639.0,1175.0,848.0,2023,0.72,Diesel,2021
Snowy Hydro Ltd,F,NSW,4766882.0,2253.0,208172.0,210425,0.0,Hydro,2021
Valley Power,F,VIC,8380.0,6816.0,2406.0,9222,0.81,Gas,2021
Moree Solar Farm,F,NSW,134662.0,15.0,680.0,695,0.0,Solar,2021
Bomen Solar Farm,F,NSW,200788.0,34.0,636.0,670,0.0,Solar,2021
Challicum Hills Wind Farm,F,VIC,136448.0,31.0,201.0,232,0.0,Wind,2021
Clements Gap Wind Farm,F,SA,167083.0,58.0,173.0,231,0.0,Wind,2021
Codrington Wind Farm,F,VIC,41615.0,23.0,57.0,80,0.0,Wind,2021
Crowlands Wind Farm,F,VIC,273897.0,51.0,350.0,401,0.0,Wind,2021
Eildon Pondage Hydro,F,VIC,8528.0,5.0,20.0,25,0.0,Hydro,2021
Glenmaggie Hydro,F,VIC,10903.0,4.0,0.0,4,0.0,Hydro,2021
Haughton Solar Farm,F,QLD,168178.0,139.0,916.0,1055,0.0,Solar,2021
Ord Hydro,F,WA,127962.0,25.0,37.0,62,0.0,Hydro,2021
Portland Wind Farms,F,VIC,458710.0,85.0,224.0,309,0.0,Wind,2021
Taralga Wind Farm,F,NSW,291725.0,87.0,422.0,509,0.0,Wind,2021
The Drop Hydro,F,NSW,3360.0,0.0,0.0,0,0.0,Hydro,2021
William Hovell Hydro,F,VIC,4694.0,0.0,0.0,0,0.0,Hydro,2021
Yaloak South Wind Farm,F,VIC,80006.0,21.0,70.0,91,0.0,Wind,2021
Yambuk Wind Farm,F,VIC,91843.0,28.0,199.0,227,0.0,Wind,2021
Albany Windfarm,F,WA,57682.0,24.0,9.0,33,0.0,Wind,2021
Mackay Gas Turbine,F,QLD,32.0,46.0,0.0,46,1.44,Diesel,2021
Mica Creek Power Station,F,QLD,229753.0,109653.0,0.0,109653,0.48,Gas,2021
Stanwell Power Station,F,QLD,8144140.0,6916480.0,5464.0,6921944,0.85,Black Coal,2021
Tarong Power Stations,F,QLD,11983433.0,10635060.0,51362.0,10686422,0.89,Black Coal,2021
Sunraysia Solar Farm,F,NSW,87835.0,0.0,1969.0,1969,0.0,Solar,2021
Coopers Cogeneration,F,SA,24513.0,18674.0,0.0,18674,0.76,Gas,2021
Glenorchy Landfill,F,TAS,7943.0,490.0,0.0,490,0.06,Landfill Gas,2021
Hobart Landfill,F,TAS,5315.0,386.0,0.0,386,0.07,Landfill Gas,2021
Kemps Creek Landfill,F,NSW,2.0,0.0,0.0,0,0.0,Landfill Gas,2021
Kincumber Landfill,F,NSW,1565.0,117.0,0.0,117,0.07,Landfill Gas,2021
Moranbah Power Station,F,QLD,51517.0,28705.0,0.0,28705,0.56,Coal Seam Methane,2021
Rockingham Landfill,F,WA,11434.0,1384.0,0.0,1384,0.12,Landfill Gas,2021
Werribee Biogas,F,VIC,37299.0,2343.0,0.0,2343,0.06,Sludge Biogas,2021
Woy Woy Landfill,F,NSW,4897.0,318.0,0.0,318,0.06,Landfill Gas,2021
Greenough River Solar Farm,F,WA,83503.0,132.0,192.0,324,0.0,Solar,2021
Warwick Solar Farm,F,QLD,20398.0,45.0,360.0,405,0.0,Solar,2021
Snowtown South Wind Farm Pty Ltd,F,SA,412883.0,65.0,100.0,165,0.0,Wind,2021
Snowtown Wind Farm Stage 2 Pty Ltd,F,SA,424178.0,76.0,143.0,219,0.0,Wind,2021
Kalgoorlie Power Station,F,WA,279941.0,156822.0,0.0,156822,0.56,Gas,2021
Kambalda Power Station,F,WA,284226.0,155829.0,0.0,155829,0.55,Gas,2021
Leinster Power Station,F,WA,271879.0,151147.0,0.0,151147,0.56,Gas,2021
Mt Keith Power Station,F,WA,314526.0,189293.0,0.0,189293,0.6,Gas,2021
South Hedland Power Station,F,WA,422105.0,220840.0,0.0,220840,0.52,Gas,2021
Tailem Bend Solar farm,F,SA,172776.0,78.0,740.0,818,0.0,Solar,2021
Cocos Keeling Islands - Home Island Generation,F,WA,2531.0,1815.0,0.0,1815,0.72,Diesel,2021
Cocos Keeling Islands - West Island Generation,F,WA,2578.0,2054.0,0.0,2054,0.8,Diesel,2021
Clermont Solar Farm,F,QLD,177529.0,46.0,3424.0,3470,0.0,Solar,2021
Wemen Solar Farm,F,VIC,185049.0,39.0,1778.0,1817,0.0,Solar,2021
White Rock Solar Farm Pty Ltd,F,NSW,37538.0,0.0,51.0,51,0.0,Solar,2021
Wild Cattle Hill Wind Farm,F,TAS,434124.0,64.0,175.0,239,0.0,Wind,2021
YPF UTILITIES PRODUCTION AND SUPPLY,F,WA,32127.0,24350.0,0.0,24350,0.76,Gas,2021
YATPOOL SOLAR FARM,F,VIC,50253.0,0.0,610.0,610,0.0,Solar,2021
Cathedral Rocks Wind Farm,F,SA,144896.0,56.0,156.0,212,0.0,Wind,2022
Gunning Wind Farm,F,NSW,157848.0,54.0,199.0,253,0.0,Wind,2022
Mt Gellibrand Wind Farm,F,VIC,292697.0,81.0,726.0,807,0.0,Wind,2022
Waubra Wind Farm,F,VIC,649896.0,172.0,851.0,1023,0.0,Wind,2022
Adani Rugby Run Solar Farm,F,QLD,171045.0,1.0,577.0,578,0.0,Solar,2022
Banimboola Hydro,F,VIC,3733.0,0.0,25.0,25,0.0,Hydro,2022
Barker Inlet Power Station,F,SA,308759.0,175223.0,2543.0,177766,0.57,Gas,2022
Bayswater Power Station,F,NSW,14861932.0,13215259.0,34798.0,13250057,0.89,Black Coal,2022
Bogong Power Station,F,VIC,109151.0,82.0,681.0,763,0.0,Hydro,2022
Broken Hill Solar Plant,F,NSW,108242.0,82.0,334.0,416,0.0,Solar,2022
Burrendong Hydro,F,NSW,16290.0,1.0,37.0,38,0.0,Hydro,2022
Clover Hydro,F,VIC,51252.0,2.0,218.0,220,0.0,Hydro,2022
Copeton Hydro,F,NSW,20485.0,1.0,56.0,57,0.0,Hydro,2022
Dartmouth Hydro,F,VIC,54868.0,0.0,276.0,276,0.0,Hydro,2022
Eildon Hydro,F,VIC,90384.0,20.0,80.0,100,0.0,Hydro,2022
Glenbawn Hydro,F,NSW,0.0,0.0,9.0,9,0.0,Hydro,2022
Hallett (Stage 1) Wind Farm,F,SA,305348.0,109.0,180.0,289,0.0,Wind,2022
Hallett (Stage 2) Wind Farm,F,SA,227274.0,76.0,124.0,200,0.0,Wind,2022
Hallett (Stage 4) Wind Farm,F,SA,420527.0,161.0,255.0,416,0.0,Wind,2022
Hallett (Stage 5) Wind Farm,F,SA,134853.0,64.0,129.0,193,0.0,Wind,2022
Kwinana Swift Power Station,F,WA,53629.0,31283.0,244.0,31527,0.58,Gas,2022
Liddell Power Station,F,NSW,8106435.0,7658316.0,41284.0,7699600,0.94,Black Coal,2022
Loy Yang Power Station and Mine,F,VIC,15143831.0,17701028.0,247304.0,17948332,1.17,Brown Coal,2022
Macarthur Wind Farm,F,VIC,815888.0,5169.0,2128.0,7297,0.01,Wind,2022
McKay Creek Hydro,F,VIC,133407.0,0.0,2117.0,2117,0.0,Hydro,2022
Nyngan Solar Plant,F,NSW,209127.0,154.0,693.0,847,0.0,Solar,2022
Oaklands Hill Wind Farm,F,VIC,187344.0,65.0,379.0,444,0.0,Wind,2022
Pindari Hydro,F,NSW,1902.0,0.0,17.0,17,0.0,Hydro,2022
Rubicon Hydro Scheme,F,VIC,0.0,0.0,21.0,21,0.0,Hydro,2022
Silverton Wind Farm,F,NSW,701074.0,75.0,572.0,647,0.0,Wind,2022
Somerton Power Station,F,VIC,62912.0,46089.0,1634.0,47723,0.73,Gas,2022
Torrens Island Power Station,F,SA,1074133.0,637005.0,9800.0,646805,0.59,Gas,2022
Wattle Point Wind Farm,F,SA,275837.0,89.0,85.0,174,0.0,Wind,2022
West Kiewa Hydro,F,VIC,214157.0,0.0,502.0,502,0.0,Hydro,2022
Yarrawonga Hydro,F,VIC,40340.0,0.0,45.0,45,0.0,Hydro,2022
Alinta Pinjarra Generation Facility,F,WA,1243558.0,921917.0,402.0,922319,0.74,Gas,2022
Hillston Sun Farm,F,NSW,77372.0,4.0,657.0,661,0.0,Solar,2022
Molong Solar Farm,F,NSW,37481.0,4.0,345.0,349,0.0,Solar,2022
Badgingarra Solar Farm,F,WA,43894.0,8.0,48.0,56,0.0,Solar,2022
Badgingarra Wind Farm,F,WA,531338.0,28.0,273.0,301,0.0,Wind,2022
Darling Downs Solar Farm,F,QLD,187182.0,4.0,649.0,653,0.0,Wind,2022
Diamantina Power Station,F,QLD,2058598.0,865523.0,98.0,865621,0.42,Gas,2022
Emu Downs Solar Farm,F,WA,46406.0,2.0,153.0,155,0.0,Solar,2022
Emu Downs Wind Farm,F,WA,236591.0,45.0,153.0,198,0.0,Wind,2022
Willogoleche Wind Farm,F,SA,380113.0,59.0,175.0,234,0.0,Wind,2022
Braemar 2 Power Station,F,QLD,554431.0,341822.0,4036.0,345858,0.62,Coal Seam Methane,2022
Karratha Power Station,F,WA,95521.0,66290.0,147.0,66437,0.69,Gas,2022
Osborne facility,F,SA,627640.0,260263.0,2737.0,263000,0.41,Gas,2022
Facility,F,VIC,543107.0,101.0,1159.0,1260,0.0,Wind,2022
Bald Hills Wind Farm Pty Ltd,F,VIC,363678.0,83.0,610.0,693,0.0,Wind,2022
Beryl Solar Farm,F,NSW,165510.0,172.0,641.0,813,0.0,Solar,2022
Manildra Solar Farm,F,NSW,53815.0,7.0,203.0,210,0.0,Solar,2022
Warradarge Wind Farm,F,WA,667225.0,250.0,464.0,714,0.0,Wind,2022
Gullen Solar Pty Ltd,F,NSW,16754.0,2.0,42.0,44,0.0,Solar,2022
New Gullen Range Wind Farm Pty Ltd,F,NSW,494844.0,58.0,320.0,378,0.0,Wind,2022
Newtricity Developments Biala Pty Ltd,F,NSW,251207.0,25.0,643.0,668,0.0,Wind,2022
Yarnima Power Station,F,WA,795663.0,340554.0,0.0,340554,0.43,Gas,2022
Bluewaters Power 1,F,WA,1636138.0,1190420.0,1529.0,1191949,0.73,Black Coal,2022
Bluewaters Power 2,F,WA,1494658.0,1124051.0,1859.0,1125910,0.75,Black Coal,2022
Callide B Power Station,F,QLD,4293525.0,4048111.0,36782.0,4084893,0.94,Black Coal,2022
Kogan Creek Power Station,F,QLD,5541077.0,4776040.0,2077.0,4778117,0.86,Black Coal,2022
Broadwater Power Plant,F,NSW,134196.0,3749.0,940.0,4689,0.03,Bagasse,2022
Condong Power Plant,F,NSW,121913.0,3915.0,4526.0,8441,0.03,Bagasse,2022
Facility,F,VIC,82022.0,27.0,85.0,112,0.0,Wind,2022
White Rock Wind Farm Pty Ltd,F,NSW,531910.0,64.0,352.0,416,0.0,Wind,2022
Cherry Tree Wind Farm Pty Ltd,F,VIC,172488.0,44.0,398.0,442,0.0,Wind,2022
Childers Solar Farm,F,QLD,111058.0,14.0,306.0,320,0.0,Solar,2022
Appin CSM Power Station,F,NSW,227615.0,181045.0,12.0,181057,0.8,Waste Coal Mine Gas,2022
Ardyaloon Facility,F,WA,2070.0,1496.0,0.0,1496,0.72,Diesel,2022
Beagle Bay Facility,F,WA,1869.0,1363.0,0.0,1363,0.73,Diesel,2022
Belrose LFG Power Station,F,NSW,0.0,23.0,0.0,23,0.0,Landfill Gas,2022
Berwick LFG Power Station,F,VIC,3185.0,248.0,36.0,284,0.08,Landfill Gas,2022
Bidyadanga Facility,F,WA,2952.0,2161.0,0.0,2161,0.73,Diesel,2022
Broadmeadows LFG Power Station,F,VIC,10460.0,805.0,10.0,815,0.08,Landfill Gas,2022
Brooklyn LFG Power Station,F,VIC,7355.0,538.0,2.0,540,0.07,Landfill Gas,2022
Broome LNG Power Station,F,WA,146298.0,81956.0,24.0,81980,0.56,Gas,2022
Browns Plains LFG Power Station,F,QLD,14862.0,1130.0,1.0,1131,0.08,Landfill Gas,2022
Clayton LFG Power Station,F,VIC,70043.0,4579.0,3.0,4582,0.07,Landfill Gas,2022
Coober Pedy Facility,F,SA,16079.0,2110.0,0.0,2110,0.13,Wind,2022
Corio LFG Power Station,F,VIC,4453.0,350.0,9.0,359,0.08,Landfill Gas,2022
Cullerin Range Wind Farm,F,NSW,96817.0,14.0,73.0,87,0.0,Wind,2022
Derby LNG Power Station,F,WA,35448.0,20815.0,0.0,20815,0.59,Gas,2022
Djarindjin Facility,F,WA,1917.0,1392.0,0.0,1392,0.73,Diesel,2022
Eastern Creek LFG Power Station,F,NSW,5475.0,388.0,12.0,400,0.07,Landfill Gas,2022
Fitzroy Crossing LNG Power Station,F,WA,14132.0,8751.0,0.0,8751,0.62,Gas,2022
Gascoyne Facility,F,WA,239.0,190.0,0.0,190,0.8,Diesel,2022
German Creek CMM Power Station,F,QLD,249668.0,140265.0,25.0,140290,0.56,Waste Coal Mine Gas,2022
Glennies Creek WCMG Power Station,F,NSW,89249.0,46924.0,1.0,46925,0.53,Waste Coal Mine Gas,2022
Grange Avenue LFG Power Station,F,NSW,3981.0,284.0,6.0,290,0.07,Landfill Gas,2022
Grosvenor 1 WCMG Power Station,F,QLD,97657.0,55605.0,4.0,55609,0.57,Waste Coal Mine Gas,2022
Grosvenor 2 WCMG Power Station,F,QLD,76964.0,44540.0,3.0,44543,0.58,Waste Coal Mine Gas,2022
Halls Creek LNG Power Station,F,WA,12209.0,7943.0,0.0,7943,0.65,Gas,2022
Jack's Gully LFG Power Station,F,NSW,8283.0,642.0,3.0,645,0.08,Landfill Gas,2022
Kalamunda Power Station,F,WA,10.0,9.0,1.0,10,0.93,Diesel,2022
Laverton Facility,F,WA,1575.0,1068.0,0.0,1068,0.68,Diesel,2022
Leonora Facility,F,WA,7904.0,5826.0,0.0,5826,0.74,Gas,2022
Looma NGD Power Station,F,WA,2565.0,1993.0,0.0,1993,0.78,Diesel,2022
Lucas Heights 1 LFG Power Station,F,NSW,14754.0,1151.0,4.0,1155,0.08,Landfill Gas,2022
Lucas Heights 2 LFG Power Station,F,NSW,118260.0,9631.0,1.0,9632,0.08,Landfill Gas,2022
McArthur River Power Station,F,NT,285247.0,135796.0,0.0,135796,0.48,Gas,2022
Menzies Facility,F,WA,284.0,229.0,0.0,229,0.81,Diesel,2022
Moranbah North CMM Power Station,F,QLD,280510.0,188209.0,8.0,188217,0.67,Waste Coal Mine Gas,2022
Oaky Creek II WCMG Power Station,F,QLD,110378.0,62695.0,8.0,62703,0.57,Waste Coal Mine Gas,2022
Oaky Creek WCMG Power Station,F,QLD,79395.0,41220.0,8.0,41228,0.52,Waste Coal Mine Gas,2022
Pine Creek A Power Station,F,NT,213458.0,102018.0,0.0,102018,0.48,Gas,2022
Red Hill LFG Power Station,F,WA,23867.0,1836.0,3.0,1839,0.08,Landfill Gas,2022
Springvale LFG Power Station,F,VIC,4975.0,390.0,12.0,402,0.08,Landfill Gas,2022
Tahmoor WCMG Power Station,F,NSW,44723.0,25441.0,4.0,25445,0.57,Waste Coal Mine Gas,2022
Tamala Park LFG Power Station,F,WA,34066.0,2622.0,1.0,2623,0.08,Landfill Gas,2022
Tower CSM Power Station,F,NSW,170341.0,110119.0,2.0,110121,0.65,Waste Coal Mine Gas,2022
Warmun Facility,F,WA,2764.0,2081.0,0.0,2081,0.75,Diesel,2022
Weipa Solar Power Station,F,QLD,2421.0,0.0,9.0,9,0.0,Solar,2022
Wingfield 1 LFG Power Station,F,SA,4816.0,656.0,8.0,664,0.14,Landfill Gas,2022
Wingfield 2 LFG Power Station,F,SA,16008.0,1217.0,2.0,1219,0.08,Landfill Gas,2022
Wonthaggi Wind Farm,F,VIC,28017.0,4.0,43.0,47,0.0,Wind,2022
Clare Solar Farm,F,QLD,205677.0,133.0,814.0,947,0.0,Solar,2022
Barron Gorge Power Station,F,QLD,230944.0,239.0,486.0,725,0.0,Hydro,2022
Kareeya Power Station,F,QLD,475360.0,78.0,1249.0,1327,0.0,Hydro,2022
Swanbank E Power Station,F,QLD,226785.0,89348.0,3391.0,92739,0.39,Gas,2022
Wivenhoe Power Station,F,QLD,399881.0,23.0,452492.0,452515,0.0,Hydro,2022
Collgar Wind Farm,F,WA,697310.0,226.0,1610.0,1836,0.0,Wind,2022
Vales Point Power Station,F,NSW,6728193.0,6356146.0,79485.0,6435631,0.94,Black Coal,2022
Royalla Solar Farm,F,ACT,32197.0,0.0,191.0,191,0.0,Solar,2022
Dundonnell Wind Farm,F,VIC,1103976.0,198.0,1487.0,1685,0.0,Wind,2022
Darlington Point Solar Farm Pty Ltd,F,NSW,458252.0,208.0,0.0,208,0.0,Solar,2022
Gannawarra Solar Farm Pty Ltd,F,VIC,103260.0,26.0,0.0,26,0.0,Solar,2022
GESS ProjectCo Pty Ltd,F,VIC,0.0,15.0,2447.0,2462,0.0,Battery,2022
Hamilton Solar Farm Pty Ltd,F,QLD,121705.0,32.0,0.0,32,0.0,Solar,2022
The Daydream Solar Farm Trust,F,QLD,331228.0,68.0,0.0,68,0.0,Solar,2022
The Hayman Solar Farm Trust,F,QLD,103916.0,34.0,0.0,34,0.0,Solar,2022
Whitsunday Solar Farm Pty,F,QLD,107991.0,31.0,0.0,31,0.0,Solar,2022
Bremer Bay Wind Diesel Power Station,F,WA,1898.0,2.0,3.0,5,0.0,Wind,2022
Cockburn Power Station,F,WA,488247.0,188178.0,0.0,188178,0.39,Gas,2022
Collie Power Station,F,WA,1248208.0,1136165.0,2687.0,1138852,0.91,Black Coal,2022
Coral Bay Wind Diesel Power Station,F,WA,3757.0,1455.0,0.0,1455,0.39,Diesel,2022
Esperance Wind Farm,F,WA,4200.0,1.0,11.0,12,0.0,Wind,2022
Hopetoun Wind Diesel Power Station,F,WA,5459.0,2561.0,0.0,2561,0.47,Diesel,2022
Kalbarri Wind Farm,F,WA,1386.0,0.0,20.0,20,0.0,Wind,2022
Kalgoorlie Gas Turbine Station,F,WA,5321.0,5287.0,0.0,5287,0.99,Gas,2022
Kwinana Power Station,F,WA,771763.0,422639.0,463.0,423102,0.55,Gas,2022
Muja Power Station,F,WA,4113587.0,3663805.0,2112.0,3665917,0.89,Black Coal,2022
Mungarra Gas Turbine Station,F,WA,3418.0,2473.0,0.0,2473,0.72,Gas,2022
Pinjar Gas Turbine Station,F,WA,455871.0,419994.0,0.0,419994,0.92,Gas,2022
Ravensthorpe Power Station,F,WA,310.0,142.0,0.0,142,0.46,Diesel,2022
Bungala One Solar Farm,F,SA,234059.0,0.0,0.0,0,0.0,Solar,2022
Bungala Two Solar Farm,F,SA,239404.0,0.0,0.0,0,0.0,Solar,2022
Aurukun Remote generation,F,QLD,6836.0,4525.0,0.0,4525,0.66,Diesel,2022
Badu Island Remote Generation,F,QLD,3503.0,2367.0,0.0,2367,0.68,Diesel,2022
Bamaga Remote Generation,F,QLD,16539.0,11243.0,0.0,11243,0.68,Diesel,2022
Barcaldine Power Station Facility,F,QLD,9084.0,7206.0,429.0,7635,0.79,Gas,2022
Bedourie Remote Generation,F,QLD,1343.0,886.0,0.0,886,0.66,Diesel,2022
Birdsville Remote Generation,F,QLD,1514.0,995.0,0.0,995,0.66,Diesel,2022
Boigu Island Remote Generation,F,QLD,1498.0,1063.0,0.0,1063,0.71,Diesel,2022
Boulia Remote Generation,F,QLD,2953.0,2061.0,0.0,2061,0.7,Diesel,2022
Burketown Remote Generation,F,QLD,2463.0,1647.0,0.0,1647,0.67,Diesel,2022
Camooweal Remote Generation,F,QLD,2174.0,1584.0,0.0,1584,0.73,Diesel,2022
Coconut Island Remote Generation,F,QLD,1258.0,889.0,0.0,889,0.71,Diesel,2022
Coen Remote Generation,F,QLD,1936.0,1326.0,0.0,1326,0.69,Diesel,2022
Darnley Island Remote Generation,F,QLD,1713.0,1225.0,0.0,1225,0.71,Diesel,2022
Dauan Island Remote Generation,F,QLD,999.0,742.0,0.0,742,0.74,Diesel,2022
Domain Shopping centre Solar Farm,F,QLD,2272.0,0.0,0.0,0,0.0,Solar,2022
Doomadgee Remote Generation,F,QLD,8102.0,4766.0,0.0,4766,0.59,Diesel,2022
Energy Impact - Bromelton Peak Generation Plant - Facility,F,QLD,4581.0,2737.0,308.0,3045,0.6,Diesel,2022
Energy Impact - Generation - Facility,F,QLD,3727.0,2626.0,0.0,2626,0.7,Diesel,2022
Grand Central Shopping Centre Solar Farm,F,QLD,1010.0,0.0,0.0,0,0.0,Solar,2022
Gununa Remote Generation,F,QLD,6765.0,4674.0,0.0,4674,0.69,Diesel,2022
Hammond Island,F,QLD,952.0,718.0,0.0,718,0.75,Diesel,2022
Jundah Remote Generation,F,QLD,1274.0,843.0,0.0,843,0.66,Diesel,2022
Kowanyama Remote Generation,F,QLD,5712.0,3839.0,0.0,3839,0.67,Diesel,2022
Kubin Island Remote Generation,F,QLD,2468.0,1711.0,0.0,1711,0.69,Diesel,2022
Lockhart River Remote Generation,F,QLD,3098.0,2148.0,0.0,2148,0.69,Diesel,2022
Logan Hyperdome Solar Farm,F,QLD,2126.0,0.0,0.0,0,0.0,Solar,2022
Mabuig Island Remote Generation,F,QLD,1248.0,912.0,0.0,912,0.73,Diesel,2022
Mapoon Remote Generation,F,QLD,1890.0,1246.0,0.0,1246,0.66,Diesel,2022
Murray Island Remote Generation,F,QLD,2058.0,1417.0,0.0,1417,0.69,Diesel,2022
Palm Island Remote Generation,F,QLD,8945.0,6305.0,0.0,6305,0.7,Diesel,2022
Pormpuraaw,F,QLD,3389.0,2358.0,0.0,2358,0.7,Diesel,2022
Robina Shopping Centre Solar Farm,F,QLD,5712.0,0.0,0.0,0,0.0,Solar,2022
Sabai Island Remote Generation,F,QLD,1964.0,1377.0,0.0,1377,0.7,Diesel,2022
Stephen Island Remote Generation,F,QLD,505.0,367.0,0.0,367,0.73,Diesel,2022
Thursday Island Remote Generation,F,QLD,27856.0,18332.0,0.0,18332,0.66,Diesel,2022
Warraber Island Remote Generation,F,QLD,1610.0,1137.0,0.0,1137,0.71,Diesel,2022
Wasaga Remote Generation,F,QLD,4967.0,3427.0,0.0,3427,0.69,Diesel,2022
Water Gardens Shopping Centre Solar Farm,F,VIC,2981.0,0.0,0.0,0,0.0,Solar,2022
Windorah Remote Generation,F,QLD,1283.0,833.0,0.0,833,0.65,Diesel,2022
Yam Island,F,QLD,1868.0,1283.0,0.0,1283,0.69,Diesel,2022
York Island,F,QLD,1651.0,1208.0,0.0,1208,0.73,Diesel,2022
Hallett Power Station,F,SA,66026.0,42432.0,796.0,43228,0.64,Gas,2022
Jeeralang Power Station,F,VIC,93930.0,71195.0,5671.0,76866,0.76,Gas,2022
Mt Piper Power Station,F,NSW,5475212.0,4386545.0,23284.0,4409829,0.8,Black Coal,2022
Newport Power Station,F,VIC,598318.0,318630.0,24555.0,343185,0.53,Gas,2022
Tallawarra Power Station,F,NSW,1596830.0,592378.0,4794.0,597172,0.37,Gas,2022
Virtual Power Plant,F,VIC,270.0,0.0,0.0,0,0.0,Solar,2022
Yallourn Power Station,F,VIC,8363016.0,10759872.0,136931.0,10896803,1.29,Brown Coal,2022
Esperance Power Station,F,WA,42113.0,32942.0,0.0,32942,0.78,Gas,2022
Essential Energy Generation Facility - Broken Hill Gas Turbine,F,NSW,10.0,0.0,240.0,240,0.0,Diesel,2022
Exmouth Power Station Pty Ltd,F,WA,26994.0,18784.0,0.0,18784,0.7,Gas,2022
Ferguson Wind Farm,F,VIC,46984.0,0.0,54.0,54,0.0,Wind,2022
Finley Solar Farm,F,NSW,250296.0,0.0,1010.0,1010,0.0,Solar,2022
Solomon Power Station,F,WA,286032.0,176950.0,0.0,176950,0.62,Gas,2022
Oakey 2 Solar Farm,F,QLD,95711.0,0.0,0.0,0,0.0,Solar,2022
Jemalong PV Asset Pty Ltd as Trustee for the Jemalong PV Asset Trust,F,NSW,109377.0,0.0,717.0,717,0.0,Solar,2022
Kidston Solar One - Solar - Qld,F,QLD,118896.0,0.0,1181.0,1181,0.0,Solar,2022
Berrybank Wind farm,F,VIC,607765.0,121.0,579.0,700,0.0,Wind,2022
Crookwell 2 Wind farm,F,NSW,296608.0,64.0,186.0,250,0.0,Wind,2022
Queanbeyan Battery Energy Storage System,F,ACT,0.0,55.0,78.0,133,0.0,Battery,2022
Parkeston Power Station,F,WA,146804.0,82021.0,0.0,82021,0.56,Gas,2022
Goonumbla Solar Farm,F,NSW,137396.0,35.0,455.0,490,0.0,Solar,2022
Bango Wind Farm,F,NSW,140808.0,106.0,667.0,773,0.0,Wind,2022
Boco Rock Wind Farm,F,NSW,304520.0,118.0,765.0,883,0.0,Wind,2022
Crudine Ridge Wind Farm,F,NSW,389476.0,77.0,334.0,411,0.0,Wind,2022
Sapphire Wind Farm,F,NSW,871907.0,167.0,1597.0,1764,0.0,Wind,2022
Wyangala A,F,NSW,85978.0,0.0,0.0,0,0.0,Hydro,2022
Wyangala B,F,NSW,17252.0,0.0,0.0,0,0.0,Hydro,2022
Bastyan Hydro Power Station,F,TAS,324817.0,0.0,30.0,30,0.0,Hydro,2022
Butlers Gorge Hydro Power Station,F,TAS,81487.0,1.0,0.0,1,0.0,Hydro,2022
Catagunya Hydro Power Station,F,TAS,175511.0,0.0,40.0,40,0.0,Hydro,2022
Cethana Hydro Power Station,F,TAS,377885.0,0.0,793.0,793,0.0,Hydro,2022
Cluny Hydro Power Station,F,TAS,88826.0,0.0,17.0,17,0.0,Hydro,2022
Devils Gate Hydro Power Station,F,TAS,271516.0,0.0,15.0,15,0.0,Hydro,2022
Fisher Hydro Power Station,F,TAS,242758.0,1.0,0.0,1,0.0,Hydro,2022
Flinders Island Power Station,F,TAS,6173.0,1699.0,123.0,1822,0.28,Wind,2022
Gordon Hydro Power Station,F,TAS,1636687.0,9.0,74.0,83,0.0,Hydro,2022
John Butters Hydro Power Station,F,TAS,501195.0,0.0,757.0,757,0.0,Hydro,2022
King Island Power Station,F,TAS,14428.0,4681.0,345.0,5026,0.32,Wind,2022
Lake Echo Hydro Power Station,F,TAS,720.0,2.0,56.0,58,0.0,Hydro,2022
Lake Margaret Lower Hydro Power station,F,TAS,5018.0,0.0,5.0,5,0.0,Hydro,2022
Lake Margaret Upper Hydro Power Station,F,TAS,32975.0,0.0,38.0,38,0.0,Hydro,2022
Lemonthyme Hydro Power Station,F,TAS,262904.0,0.0,47.0,47,0.0,Hydro,2022
Liapootah Hydro Power Station,F,TAS,408909.0,7.0,57.0,64,0.0,Hydro,2022
Mackintosh Hydro Power Station,F,TAS,319809.0,0.0,756.0,756,0.0,Hydro,2022
Meadowbank Hydro Power Station,F,TAS,185519.0,0.0,15.0,15,0.0,Hydro,2022
Paloona Hydro Power Station,F,TAS,124830.0,0.0,13.0,13,0.0,Hydro,2022
Parangana Hydro Power Station,F,TAS,5132.0,0.0,0.0,0,0.0,Hydro,2022
Poatina Hydro Power Station,F,TAS,1466368.0,1.0,1053.0,1054,0.0,Hydro,2022
Reece Hydro Power Station,F,TAS,867803.0,0.0,2239.0,2239,0.0,Hydro,2022
Repulse Hydro Power Station,F,TAS,145876.0,0.0,13.0,13,0.0,Hydro,2022
Rowallan Hydro Power Station,F,TAS,41043.0,1.0,1.0,2,0.0,Hydro,2022
Tamar Valley Power Station,F,TAS,57338.0,35479.0,4121.0,39600,0.62,Gas,2022
Tarraleah Hydro Power Station,F,TAS,593425.0,0.0,98.0,98,0.0,Hydro,2022
Tods Corner Hydro Power Station,F,TAS,705.0,0.0,9.0,9,0.0,Hydro,2022
Trevallyn Hydro Power Station,F,TAS,458755.0,6.0,66.0,72,0.0,Hydro,2022
Tribute Hydro Power Station,F,TAS,212305.0,0.0,41.0,41,0.0,Hydro,2022
Tungatinah Hydro Power Station,F,TAS,489989.0,0.0,142.0,142,0.0,Hydro,2022
Wayatinah Hydro Power Station,F,TAS,251710.0,1.0,29.0,30,0.0,Hydro,2022
Wilmot Hydro Power Station,F,TAS,135149.0,0.0,36.0,36,0.0,Hydro,2022
Alinta Wind Farm,F,WA,310273.0,77.0,737.0,814,0.0,Wind,2022
Bodangora Wind Farm,F,NSW,362831.0,74.0,388.0,462,0.0,Wind,2022
Capital Wind Farm,F,NSW,369897.0,160.0,779.0,939,0.0,Wind,2022
Iberdola Australia SAGT,F,SA,6029.0,5502.0,498.0,6000,0.91,Gas,2022
Lake Bonney BESS Pty Ltd,F,SA,0.0,5.0,1138.0,1143,0.0,Battery,2022
"Lake Bonney Stage 1,2 & 3 Wind Farm",F,SA,614013.0,99.0,533.0,632,0.0,Wind,2022
PAREP Wind,F,SA,23157.0,2459.0,1112.0,3571,0.11,Wind,2022
Smithfield Gas Turbine,F,NSW,54696.0,38559.0,1186.0,39745,0.7,Gas,2022
Woodlawn Wind Farm,F,NSW,154922.0,47.0,294.0,341,0.0,Wind,2022
Canunda Wind Farm,F,SA,117559.0,14.0,103.0,117,0.0,Wind,2022
Dry Creek Power Station,F,SA,27168.0,24239.0,302.0,24541,0.89,Gas,2022
Kwinana Cogeneration Plant,F,WA,171241.0,86259.0,174.0,86433,0.5,Gas,2022
Mintaro Power Station,F,SA,2369.0,1643.0,45.0,1688,0.69,Gas,2022
Pelican Point Power Station,F,SA,1846900.0,739220.0,3463.0,742683,0.4,Gas,2022
Port Lincoln Power Station,F,SA,4779.0,6378.0,1370.0,7748,1.33,Diesel,2022
Snuggery Power Station,F,SA,3752.0,4153.0,337.0,4490,1.11,Diesel,2022
KARADOC SOLAR FARM,F,VIC,167492.0,0.0,429.0,429,0.0,Solar,2022
Kennedy Energy Park Pty Ltd,F,QLD,59666.0,53.0,194.0,247,0.0,Wind,2022
Barcaldine Remote Community Solar Farm Pty Ltd,F,QLD,29735.0,0.0,0.0,0,0.0,Solar,2022
Bannerton Solar Farm,F,VIC,140583.0,0.0,0.0,0,0.0,Solar,2022
Kiata Wind Farm Pty Ltd,F,VIC,127305.0,47.0,269.0,316,0.0,Wind,2022
Lal Lal Wind Farm,F,VIC,483188.0,115.0,1346.0,1461,0.0,Wind,2022
Benaraby LFGE Station,F,QLD,7467.0,667.0,0.0,667,0.09,Landfill Gas,2022
Bunya LFGE Station,F,QLD,5345.0,476.0,0.0,476,0.09,Landfill Gas,2022
Caboolture LFGE Station,F,QLD,14839.0,1417.0,0.0,1417,0.1,Landfill Gas,2022
Dakabin LFGE Station,F,QLD,15053.0,1192.0,0.0,1192,0.08,Landfill Gas,2022
Maryborough LFGE Station,F,QLD,11285.0,1173.0,0.0,1173,0.1,Landfill Gas,2022
Mugga Lane LFGE Station,F,ACT,32587.0,3401.0,0.0,3401,0.1,Landfill Gas,2022
Willawong LFGE Station,F,QLD,5057.0,495.0,0.0,495,0.1,Landfill Gas,2022
Emerald Solar Park,F,QLD,153686.0,33.0,1196.0,1229,0.0,Solar,2022
Lilyvale Solar Farm,F,QLD,206829.0,54.0,638.0,692,0.0,Solar,2022
Lincoln Gap Wind Farm Operations Pty Ltd,F,SA,541630.0,0.0,6532.0,6532,0.0,Wind,2022
Albury Renewable Energy Facility,F,NSW,7943.0,464.0,0.0,464,0.06,Landfill Gas,2022
Albury Solar Facility,F,NSW,1817.0,0.0,0.0,0,0.0,Solar,2022
Awaba Renewable Energy Facility,F,NSW,6310.0,449.0,0.0,449,0.07,Landfill Gas,2022
Ballarat Renewable Energy Facility,F,VIC,11896.0,938.0,0.0,938,0.08,Landfill Gas,2022
Bendigo Renewable Energy Facility,F,VIC,4008.0,286.0,0.0,286,0.07,Landfill Gas,2022
Birkdale Renewable Energy Facility,F,QLD,3404.0,270.0,0.0,270,0.08,Landfill Gas,2022
Caloundra Renewable Energy Facility,F,QLD,6893.0,488.0,0.0,488,0.07,Landfill Gas,2022
Copping Renewable Energy Facility,F,TAS,13470.0,958.0,0.0,958,0.07,Landfill Gas,2022
Darwin Renewable Energy Facility,F,NT,5976.0,462.0,0.0,462,0.08,Landfill Gas,2022
Drysdale Renewable Energy Facility,F,VIC,8782.0,632.0,0.0,632,0.07,Landfill Gas,2022
Eastern Creek 2 Renewable Energy Facility,F,NSW,43271.0,3064.0,0.0,3064,0.07,Landfill Gas,2022
Glenorchy Renewable Energy Facility,F,TAS,3060.0,172.0,0.0,172,0.06,Gas,2022
Hampton Park Renewable Energy Facility,F,VIC,75278.0,5087.0,0.0,5087,0.07,Landfill Gas,2022
Ipswich Renewable Energy Facility,F,QLD,3633.0,265.0,0.0,265,0.07,Landfill Gas,2022
Mc Robies Gully Renewable Energy Facility,F,TAS,1622.0,102.0,0.0,102,0.06,Landfill Gas,2022
Mornington Peninsula Renewable Energy Facility,F,VIC,5567.0,413.0,0.0,413,0.07,Landfill Gas,2022
NAWMA Renewable Energy Facility,F,SA,9943.0,617.0,0.0,617,0.06,Landfill Gas,2022
NAWMA Solar Facility,F,SA,1390.0,0.0,0.0,0,0.0,Solar,2022
Newcastle Renewable Energy Facility,F,NSW,18164.0,1297.0,0.0,1297,0.07,Landfill Gas,2022
Reedy Creek Renewable Energy Facility,F,QLD,6794.0,506.0,0.0,506,0.07,Landfill Gas,2022
Remount Renewable Energy Facility,F,TAS,9243.0,632.0,0.0,632,0.07,Landfill Gas,2022
Rochedale Renewable Energy Facility,F,QLD,51654.0,3861.0,0.0,3861,0.07,Landfill Gas,2022
Rockingham Renewable Energy Facility,F,WA,3625.0,224.0,0.0,224,0.06,Landfill Gas,2022
Seaford Heights Renewable Energy Facility,F,SA,19616.0,1542.0,0.0,1542,0.08,Landfill Gas,2022
Seaford Heights Solar Facility,F,SA,920.0,0.0,0.0,0,0.0,Solar,2022
Shepparton Renewable Energy Facility,F,VIC,5845.0,436.0,0.0,436,0.07,Landfill Gas,2022
SIMS Gillman Solar Facility,F,SA,540.0,0.0,0.0,0,0.0,Solar,2022
South Cardup Renewable Energy Facility,F,WA,15594.0,1228.0,0.0,1228,0.08,Landfill Gas,2022
Stapylton Renewable Energy Facility,F,QLD,28051.0,2004.0,0.0,2004,0.07,Landfill Gas,2022
Swanbank Renewable Energy Facility,F,QLD,12661.0,930.0,0.0,930,0.07,Landfill Gas,2022
Wollert Renewable Energy Facility,F,VIC,64571.0,4699.0,0.0,4699,0.07,Landfill Gas,2022
Woy Woy Renewable Energy Facility,F,NSW,2458.0,157.0,0.0,157,0.06,Landfill Gas,2022
Wyndham Renewable Energy Facility,F,VIC,35373.0,2592.0,0.0,2592,0.07,Landfill Gas,2022
Wyong Renewable Energy Facility,F,NSW,18630.0,1429.0,0.0,1429,0.08,Landfill Gas,2022
Longreach Solar Farm,F,QLD,32558.0,0.0,0.0,0,0.0,Solar,2022
Wellington Solar Farm,F,NSW,318901.0,45.0,1238.0,1283,0.0,Solar,2022
Maroona Wind Farm,F,VIC,29902.0,0.0,25.0,25,0.0,Wind,2022
Corowa Solar Farm,F,NSW,48656.0,0.0,153.0,153,0.0,Solar,2022
Junee Solar Farm,F,NSW,29109.0,0.0,144.0,144,0.0,Solar,2022
Wagga Wagga North Solar Farm,F,NSW,28784.0,0.0,217.0,217,0.0,Solar,2022
Alfred Hospital Cogeneration Plant,F,VIC,5326.0,6886.0,264.0,7150,1.29,Gas,2022
Dandenong Hospital Cogeneration Plant,F,VIC,5555.0,5932.0,226.0,6158,1.07,Gas,2022
Geelong Hospital Cogeneration Plant,F,VIC,4469.0,5150.0,254.0,5404,1.15,Gas,2022
Royal Melbourne Hospital Cogeneration Plant,F,VIC,11953.0,16435.0,183.0,16618,1.37,Gas,2022
ST. Vincent's Hospital Cogeneration Plant,F,VIC,5359.0,6579.0,206.0,6785,1.23,Gas,2022
Moorabool Wind Farm Pty Ltd,F,VIC,215933.0,38.0,701.0,739,0.0,Wind,2022
Moree Solar Farm from 15 June 2022,F,NSW,4541.0,1.0,30.0,31,0.0,Solar,2022
Mortons Lane Windfarm Pty Ltd,F,VIC,63335.0,0.0,37.0,37,0.0,Wind,2022
Mumbida Wind Farm Pty Ltd,F,WA,205557.0,32.0,357.0,389,0.0,Wind,2022
Murra Warra Wind Farm,F,VIC,592805.0,46.0,357.0,403,0.0,Wind,2022
BULGANA GREEN POWER HUB,F,VIC,509543.0,88.0,2041.0,2129,0.0,Wind,2022
COLEAMBALLY SOLAR PTY LTD,F,NSW,298996.0,56.0,1234.0,1290,0.0,Solar,2022
DEGRUSSA SOLAR PROJECT PTY LTD,F,WA,20525.0,0.0,264.0,264,0.0,Solar,2022
DUBBO SOLAR HUB PTY LTD,F,NSW,51917.0,8.0,82.0,90,0.0,Solar,2022
GRIFFITH SOLAR FARM PTY LTD,F,NSW,64958.0,11.0,102.0,113,0.0,Solar,2022
HORNSDALE POWER RESERVE PTY LTD,F,SA,0.0,198.0,4815.0,5013,0.0,Battery,2022
HWF1 PTY LTD,F,SA,355515.0,26.0,66.0,92,0.0,Wind,2022
HWF2 PTY LTD,F,SA,334697.0,26.0,84.0,110,0.0,Wind,2022
HWF3 PTY LTD,F,SA,357621.0,27.0,74.0,101,0.0,Wind,2022
NUMURKAH SOLAR FARM PTY LTD,F,VIC,184390.0,41.0,1166.0,1207,0.0,Solar,2022
PARKES SOLAR FARM PTY LTD,F,NSW,103813.0,20.0,266.0,286,0.0,Solar,2022
VICTORIAN BIG BATTERY PTY LTD,F,VIC,0.0,574.0,15174.0,15748,0.0,Battery,2022
WESTERN DOWNS GREEN POWER HUB PTY LTD,F,QLD,10182.0,156.0,1082.0,1238,0.02,Solar,2022
Nevertire Solar Farm,F,NSW,233562.0,23.0,620.0,643,0.0,Solar,2022
Kwinana Gas Fired Power Station,F,WA,1920475.0,760427.0,643.0,761070,0.4,Gas,2022
Gladstone Power Station,F,QLD,5911241.0,5827328.0,51559.0,5878887,0.99,Black Coal,2022
Oakey 1 Solar Farm,F,QLD,45636.0,0.0,0.0,0,0.0,Solar,2022
Ballarat Solar Park,F,VIC,341.0,0.0,0.0,0,0.0,Solar,2022
Bendigo Solar Park,F,VIC,303.0,0.0,3.0,3,0.0,Solar,2022
Bond,F,NSW,337.0,201.0,13.0,214,0.6,Gas,2022
Chifley Square,F,NSW,977.0,534.0,39.0,573,0.55,Gas,2022
Darling Downs Power Station,F,QLD,2012664.0,846663.0,13845.0,860508,0.42,Gas,2022
Drapac,F,VIC,25.0,16.0,1.0,17,0.65,Gas,2022
Eraring Power Station,F,NSW,12011901.0,10557716.0,10769.0,10568485,0.88,Black Coal,2022
Exhibition Street,F,VIC,1.0,1.0,0.0,1,1.29,Gas,2022
Kent Street,F,NSW,2653.0,1397.0,105.0,1502,0.53,Gas,2022
La Trobe,F,VIC,114.0,71.0,5.0,76,0.62,Gas,2022
Ladbroke Grove Power Station,F,SA,42374.0,21875.0,339.0,22214,0.52,Gas,2022
Mortlake Power Station,F,VIC,509544.0,238014.0,8595.0,246609,0.47,Gas,2022
Mount,F,NSW,1485.0,889.0,59.0,948,0.6,Gas,2022
Mt Stuart Power Station,F,QLD,75434.0,75557.0,3951.0,79508,1.0,Kerosene,2022
Quarantine Power Station,F,SA,95959.0,57957.0,1147.0,59104,0.6,Gas,2022
Roma Power Station,F,QLD,55621.0,36148.0,831.0,36979,0.65,Gas,2022
Shoalhaven Scheme,F,NSW,156888.0,2.0,128282.0,128284,0.0,Hydro,2022
University of NSW,F,NSW,920.0,482.0,36.0,518,0.52,Gas,2022
Uranquinty Power Station,F,NSW,348040.0,196371.0,4772.0,201143,0.56,Gas,2022
Millmerran Power Station (facility),F,QLD,6458570.0,5329934.0,3222.0,5333156,0.83,Black Coal,2022
Cue Town Powerstation,F,WA,3504.0,2441.0,0.0,2441,0.7,Diesel,2022
Esperance Town Powerstation,F,WA,36532.0,21682.0,0.0,21682,0.59,Gas,2022
Meekatharra Town Powerstation,F,WA,6041.0,4154.0,0.0,4154,0.69,Diesel,2022
Mt Magnet Town Powerstation,F,WA,4050.0,2516.0,0.0,2516,0.62,Gas,2022
Norseman Gold Power Station,F,WA,3720.0,2693.0,0.0,2693,0.72,Diesel,2022
Sandstone Town Powerstation,F,WA,692.0,530.0,0.0,530,0.77,Diesel,2022
Wiluna Town Powerstation,F,WA,2480.0,1763.0,0.0,1763,0.71,Diesel,2022
Yalgoo Town Powerstation,F,WA,988.0,800.0,0.0,800,0.81,Diesel,2022
Granville Harbour Wind Farm,F,TAS,383458.0,74.0,115.0,189,0.0,Wind,2022
Ross River Solar Farm,F,QLD,276873.0,241.0,777.0,1018,0.0,Solar,2022
Waterloo Wind Farm,F,SA,369448.0,32.0,174.0,206,0.0,Wind,2022
Burrinjuck Hydro,F,NSW,208983.0,15.0,2.0,17,0.0,Hydro,2022
Hume Hydro,F,NSW,202909.0,42.0,155.0,197,0.0,Hydro,2022
Keepit Hydro,F,NSW,20348.0,10.0,0.0,10,0.0,Hydro,2022
Mt Mercer Wind farm Pty Ltd,F,VIC,317574.0,65.0,0.0,65,0.0,Wind,2022
Mt Millar Wind Farm Pty Ltd,F,SA,162469.0,93.0,0.0,93,0.0,Wind,2022
Bairnsdale Power Station,F,VIC,60771.0,32637.0,706.0,33343,0.54,Gas,2022
Braemar Power Station,F,QLD,528818.0,307417.0,1793.0,309210,0.58,Coal Seam Methane,2022
Loy Yang B Power Station,F,VIC,9051049.0,10057098.0,1142.0,10058240,1.11,Brown Coal,2022
Newman Power Station,F,WA,673796.0,389496.0,0.0,389496,0.58,Gas,2022
Port Hedland Power Station,F,WA,507307.0,389478.0,0.0,389478,0.77,Gas,2022
Wagerup Power Station,F,WA,60462.0,34659.0,5254.0,39913,0.57,Gas,2022
Yandin Wind Farm,F,WA,831114.0,172.0,583.0,755,0.0,Wind,2022
Alpurrurulam (Lake Nash),F,NT,1554.0,1148.0,0.0,1148,0.74,Diesel,2022
Amanbidgi (Kildurk),F,NT,320.0,307.0,0.0,307,0.96,Diesel,2022
"Ampilatwatja (Alparra, Ammaroo)",F,NT,4244.0,2636.0,0.0,2636,0.62,Diesel,2022
Amunturangu (Mount Liebig),F,NT,918.0,586.0,0.0,586,0.64,Diesel,2022
Aputula (Finke),F,NT,992.0,627.0,0.0,627,0.63,Diesel,2022
Areyonga (Utju),F,NT,1016.0,653.0,0.0,653,0.64,Diesel,2022
Atitjere (Harts Range),F,NT,982.0,588.0,0.0,588,0.6,Diesel,2022
Borroloola Generation,F,NT,7078.0,4296.0,0.0,4296,0.61,Diesel,2022
Bulla Camp,F,NT,339.0,339.0,0.0,339,1.0,Diesel,2022
Bulman,F,NT,1354.0,908.0,0.0,908,0.67,Diesel,2022
Daly Waters Generation,F,NT,1858.0,1257.0,0.0,1257,0.68,Diesel,2022
Elliot Generation,F,NT,3238.0,2345.0,0.0,2345,0.72,Gas,2022
Engawala (Alcoota),F,NT,566.0,428.0,0.0,428,0.76,Diesel,2022
Epenarra (Wutunugurra),F,NT,827.0,664.0,0.0,664,0.8,Diesel,2022
Eva Valley,F,NT,381.0,321.0,0.0,321,0.84,Diesel,2022
Galiwinku (Elcho Island),F,NT,8543.0,5293.0,0.0,5293,0.62,Diesel,2022
Gapuwiyak (Lake Evella),F,NT,3645.0,2252.0,0.0,2252,0.62,Diesel,2022
Gunbalanya (Oenpelli),F,NT,5781.0,3571.0,0.0,3571,0.62,Diesel,2022
Ikuntji (Haasts Bluff),F,NT,584.0,519.0,0.0,519,0.89,Diesel,2022
Imangara (Murray Downs),F,NT,332.0,267.0,0.0,267,0.8,Diesel,2022
Imanpa (Mount Ebenezer),F,NT,636.0,463.0,0.0,463,0.73,Diesel,2022
Kalkaringi (Wave Hill),F,NT,3036.0,2100.0,0.0,2100,0.69,Diesel,2022
Kaltukatjara (Docker River),F,NT,1469.0,914.0,0.0,914,0.62,Diesel,2022
Lajamanu (Hooker Creek),F,NT,3605.0,2120.0,0.0,2120,0.59,Diesel,2022
Laramba (Napperby),F,NT,923.0,661.0,0.0,661,0.72,Diesel,2022
Maningrida,F,NT,10257.0,6013.0,0.0,6013,0.59,Diesel,2022
Milikapiti (Snake Bay),F,NT,2529.0,1942.0,0.0,1942,0.77,Diesel,2022
Milingimbi,F,NT,4117.0,2542.0,0.0,2542,0.62,Diesel,2022
Milyakburra (Bickerton Island),F,NT,916.0,561.0,0.0,561,0.61,Diesel,2022
Minjilang (Croker Island),F,NT,1451.0,908.0,0.0,908,0.63,Diesel,2022
Minyerri (Hodgson Downs),F,NT,2446.0,1595.0,0.0,1595,0.65,Diesel,2022
Nauiyu Nambiyu (Daly River),F,NT,3478.0,1344.0,0.0,1344,0.39,Solar,2022
Nguiu (Bathurst Island),F,NT,7726.0,4898.0,0.0,4898,0.63,Diesel,2022
Ngukurr (Roper River),F,NT,5573.0,3626.0,0.0,3626,0.65,Diesel,2022
Numbulwar (Rose River),F,NT,3110.0,2171.0,0.0,2171,0.7,Diesel,2022
Nyirripi (Waite Creek),F,NT,1132.0,623.0,0.0,623,0.55,Diesel,2022
Orwaitilla (Canteen Creek),F,NT,858.0,641.0,0.0,641,0.75,Diesel,2022
Palumpa,F,NT,1709.0,1176.0,0.0,1176,0.69,Diesel,2022
Papunya,F,NT,1917.0,1371.0,0.0,1371,0.72,Diesel,2022
Peppimenarti,F,NT,1397.0,959.0,0.0,959,0.69,Diesel,2022
Pidgeon Hole,F,NT,593.0,457.0,0.0,457,0.77,Diesel,2022
Pirlangimpi (Garden Point),F,NT,2200.0,1733.0,0.0,1733,0.79,Diesel,2022
Ramingining,F,NT,4226.0,2567.0,0.0,2567,0.61,Diesel,2022
Robinson River,F,NT,1236.0,910.0,0.0,910,0.74,Diesel,2022
Tara (Neutral Junction),F,NT,326.0,265.0,0.0,265,0.81,Diesel,2022
Ti Tree Generation,F,NT,2441.0,1790.0,0.0,1790,0.73,Diesel,2022
Timber Creek,F,NT,3017.0,1933.0,0.0,1933,0.64,Diesel,2022
Titjikala (Maryvale),F,NT,1008.0,357.0,0.0,357,0.35,Diesel,2022
Umbakumba,F,NT,2918.0,2175.0,0.0,2175,0.75,Diesel,2022
Wadeye (Port Keats),F,NT,9804.0,6237.0,0.0,6237,0.64,Gas,2022
Walungurru (Kintore),F,NT,1871.0,1091.0,0.0,1091,0.58,Diesel,2022
Warruwi (Goulburn Is),F,NT,2154.0,1352.0,0.0,1352,0.63,Diesel,2022
Wilora (Stirling),F,NT,287.0,265.0,0.0,265,0.92,Diesel,2022
Wirliyatjarrayi (Willowra),F,NT,1038.0,717.0,0.0,717,0.69,Diesel,2022
Yarralin,F,NT,1658.0,1150.0,0.0,1150,0.69,Diesel,2022
Yuendumu,F,NT,5165.0,3158.0,0.0,3158,0.61,Diesel,2022
Channel Island Power Station,F,NT,847896.0,498511.0,0.0,498511,0.59,Gas,2022
Katherine Power Station,F,NT,10415.0,5459.0,0.0,5459,0.52,Gas,2022
Kings Canyon,F,NT,1638.0,1184.0,0.0,1184,0.72,Solar,2022
Owen Springs Power Station,F,NT,136199.0,72365.0,0.0,72365,0.53,Gas,2022
Ron Goodin Power Station,F,NT,51145.0,28051.0,0.0,28051,0.55,Gas,2022
Tennant Creek Power Station,F,NT,31775.0,18296.0,0.0,18296,0.58,Gas,2022
Weddell Power Station,F,NT,461133.0,264059.0,0.0,264059,0.57,Gas,2022
Yulara Power Station,F,NT,16470.0,10751.0,0.0,10751,0.65,Gas,2022
Visy Energy - Coolaroo Co-gen,F,VIC,22580.0,24082.0,10143.0,34225,1.07,Biofuel,2022
Condamine Power Station,F,QLD,234391.0,105190.0,4858.0,110048,0.45,Gas,2022
MSF,F,SA,11753.0,0.0,9.0,9,0.0,Solar,2022
PAP1,F,SA,279.0,0.0,0.0,0,0.0,Solar,2022
TWWF,F,VIC,26930.0,0.0,27.0,27,0.0,Solar,2022
YWF,F,VIC,32260.0,0.0,27.0,27,0.0,Solar,2022
Collector Wind Farm,F,NSW,550518.0,10.0,1376.0,1386,0.0,Solar,2022
Kemerton Power Station,F,WA,174175.0,109305.0,2372.0,111677,0.63,Gas,2022
Mount Emerald Wind Farm,F,QLD,419115.0,43.0,1493.0,1536,0.0,Solar,2022
Ratch-Australia Collinsville Solar PV,F,QLD,80922.0,36.0,154.0,190,0.0,Solar,2022
Starfish Hill Wind Farm,F,SA,96241.0,21.0,36.0,57,0.0,Wind,2022
Toora Wind Farm,F,VIC,58149.0,21.0,238.0,259,0.0,Wind,2022
Townsville Power Station,F,QLD,124984.0,71467.0,2129.0,73596,0.57,Coal Seam Methane,2022
Windy Hill Wind Farm,F,QLD,19235.0,14.0,24.0,38,0.0,Wind,2022
Carnarvon Power Station & Distribution network,F,WA,40015.0,23521.0,19.0,23540,0.59,Gas,2022
Denham Power Station & Denham Distribution network,F,WA,5863.0,4020.0,0.0,4020,0.69,Diesel,2022
Gascoyne Junction Power Station & Distribution network,F,WA,493.0,488.0,0.0,488,0.99,Diesel,2022
Kalumburu Power Station & Distribution network,F,WA,2368.0,1859.0,0.0,1859,0.79,Diesel,2022
Kununurra Power Station & Kununurra Distribution network,F,WA,97.0,179.0,0.0,179,1.84,Diesel,2022
Laverton Power Station & Distribution Network,F,WA,2362.0,1890.0,0.0,1890,0.8,Diesel,2022
Marble Bar Power Station & Marble Bar Distribution network,F,WA,2234.0,1244.0,0.0,1244,0.56,Diesel,2022
Menzies Power Station & Distribution Network,F,WA,405.0,351.0,0.0,351,0.87,Diesel,2022
Murchison Radio Astronomy Power Station and Distribution Network,F,WA,3207.0,2232.0,0.0,2232,0.7,Diesel,2022
Nullagine Power Station & Nullagine Distribution network,F,WA,1165.0,777.0,0.0,777,0.67,Diesel,2022
Onslow Power Station & Onslow Distribution Network,F,WA,19694.0,9437.0,0.0,9437,0.48,Gas,2022
Wyndham Power Station & Distribution network,F,WA,12.0,12.0,0.0,12,1.01,Diesel,2022
Yungngora Power Station & Yungngora Distribution Network,F,WA,1866.0,1219.0,0.0,1219,0.65,Diesel,2022
FPC Green Energy,F,QLD,33198.0,1339.0,0.0,1339,0.04,Bagasse,2022
Cape Lambert Power Station,F,WA,225685.0,136501.0,0.0,136501,0.6,Gas,2022
Paraburdoo Power Station,F,WA,549118.0,283941.0,0.0,283941,0.52,Gas,2022
West Angelas Power Station,F,WA,389140.0,208101.0,0.0,208101,0.53,Gas,2022
Yurralyi Maya Power Station,F,WA,593694.0,353910.0,0.0,353910,0.6,Gas,2022
Merredin Solar Farm,F,WA,265581.0,1.0,0.0,1,0.0,Solar,2022
Yarranlea Solar Farm,F,QLD,200368.0,0.0,0.0,0,0.0,Solar,2022
Limondale Solar Farm,F,NSW,505573.0,105.0,1967.0,2072,0.0,Solar,2022
Salt Creek Wind Farm,F,VIC,154211.0,51.0,341.0,392,0.0,Wind,2022
Wilga Park Power Station,F,NSW,130091.0,74304.0,5.0,74309,0.57,Coal Seam Methane,2022
Sebastopol Solar Farm,F,NSW,82873.0,9.0,0.0,9,0.0,Solar,2022
Baking Board Solar Farm,F,QLD,36823.0,19.0,71.0,90,0.0,Solar,2022
Karratha Solar Farm,F,WA,1676.0,0.0,12.0,12,0.0,Solar,2022
Maryrorough Solar Farm,F,QLD,59545.0,25.0,97.0,122,0.0,Solar,2022
Mount Majura Solar Farm,F,ACT,3796.0,0.0,1.0,1,0.0,Solar,2022
Swan Hill Solar Farm,F,VIC,31582.0,2.0,63.0,65,0.0,Solar,2022
Williamsdale Solar Farm,F,ACT,15847.0,2.0,58.0,60,0.0,Solar,2022
Newgen Neerabup Power Station,F,WA,228112.0,138811.0,3225.0,142036,0.61,Gas,2022
Oakey Power Station,F,QLD,107146.0,71111.0,2191.0,73302,0.66,Gas,2022
Musselroe Wind Farm Pty Ltd,F,TAS,564258.0,168.0,182.0,350,0.0,Wind,2022
Woolnorth Bluff point Wind Farm Pty Ltd,F,TAS,145604.0,859.0,32.0,891,0.01,Wind,2022
Woolnorth Studland Bay Wind Farm Pty Ltd,F,TAS,252355.0,108.0,35.0,143,0.0,Wind,2022
Snowtown Wind Farm,F,SA,317745.0,125.0,253.0,378,0.0,Wind,2022
Angaston Power Station,F,SA,11122.0,7627.0,520.0,8147,0.69,Diesel,2022
Colongra Power Station,F,NSW,295706.0,184949.0,5497.0,190446,0.63,Gas,2022
Laverton North Power Station,F,VIC,179371.0,114471.0,3277.0,117748,0.64,Gas,2022
Lonsdale/Port Stanvac Power Station,F,SA,18736.0,12328.0,791.0,13119,0.66,Diesel,2022
Snowy Hydro Ltd,F,NSW,4583245.0,2204.0,470528.0,472732,0.0,Hydro,2022
Valley Power,F,VIC,77666.0,62582.0,2502.0,65084,0.81,Gas,2022
Moree Solar Farm,F,NSW,115414.0,20.0,650.0,670,0.0,Solar,2022
Bomen Solar Farm,F,NSW,203300.0,49.0,655.0,704,0.0,Solar,2022
Challicum Hills Wind Farm,F,VIC,139776.0,67.0,165.0,232,0.0,Wind,2022
Clements Gap Wind Farm,F,SA,177662.0,36.0,164.0,200,0.0,Wind,2022
Codrington Wind Farm,F,VIC,44971.0,36.0,56.0,92,0.0,Wind,2022
Crowlands Wind Farm,F,VIC,273956.0,56.0,525.0,581,0.0,Wind,2022
Eildon Pondage Hydro,F,VIC,7904.0,4.0,2.0,6,0.0,Hydro,2022
Glenmaggie Hydro,F,VIC,17639.0,8.0,0.0,8,0.0,Hydro,2022
Haughton Solar Farm,F,QLD,230566.0,90.0,1295.0,1385,0.0,Solar,2022
Ord Hydro,F,WA,76475.0,28.0,38.0,66,0.0,Hydro,2022
Portland Wind Farms,F,VIC,492775.0,111.0,211.0,322,0.0,Wind,2022
Taralga Wind Farm,F,NSW,298101.0,44.0,251.0,295,0.0,Wind,2022
The Drop Hydro,F,NSW,3676.0,0.0,0.0,0,0.0,Hydro,2022
William Hovell Hydro,F,VIC,5757.0,6.0,0.0,6,0.0,Hydro,2022
Yaloak South Wind Farm,F,VIC,83269.0,23.0,68.0,91,0.0,Wind,2022
Yambuk Wind Farm,F,VIC,93111.0,33.0,147.0,180,0.0,Wind,2022
Albany Windfarm,F,WA,58187.0,23.0,16.0,39,0.0,Wind,2022
Mica Creek Power Station,F,QLD,381.0,309.0,0.0,309,0.81,Gas,2022
Stanwell Power Station,F,QLD,8616485.0,7440001.0,10935.0,7450936,0.86,Black Coal,2022
Tarong Power Stations,F,QLD,11095509.0,9837276.0,48396.0,9885672,0.89,Black Coal,2022
Stockyard Wind Farm,F,VIC,928901.0,152.0,3477.0,3629,0.0,Wind,2022
Sunraysia Solar Farm,F,NSW,366388.0,5.0,4620.0,4625,0.0,Solar,2022
Susan River Solar Farm,F,QLD,149808.0,17.0,387.0,404,0.0,Solar,2022
Coopers Cogeneration,F,SA,15949.0,12802.0,0.0,12802,0.8,Gas,2022
Glenorchy Landfill,F,TAS,2992.0,169.0,0.0,169,0.06,Landfill Gas,2022
Hobart Landfill,F,TAS,2168.0,166.0,0.0,166,0.08,Landfill Gas,2022
Kincumber Landfill,F,NSW,0.0,56.0,0.0,56,0.0,Landfill Gas,2022
Moranbah Power Station,F,QLD,17180.0,7166.0,0.0,7166,0.42,Coal Seam Methane,2022
Rockingham Landfill,F,WA,4180.0,303.0,0.0,303,0.07,Landfill Gas,2022
Woy Woy Landfill,F,NSW,1655.0,133.0,0.0,133,0.08,Landfill Gas,2022
Greenough River Solar Farm,F,WA,100353.0,5.0,202.0,207,0.0,Solar,2022
Snowtown South Wind Farm Pty Ltd,F,SA,438240.0,45.0,84.0,129,0.0,Wind,2022
Snowtown Wind Farm Stage 2 Pty Ltd,F,SA,448638.0,52.0,122.0,174,0.0,Wind,2022
Kalgoorlie Power Station,F,WA,270677.0,150503.0,0.0,150503,0.56,Gas,2022
Kambalda Power Station,F,WA,271580.0,148645.0,0.0,148645,0.55,Gas,2022
Leinster Power Station,F,WA,251323.0,139326.0,0.0,139326,0.55,Gas,2022
Mt Keith Power Station,F,WA,307253.0,185892.0,0.0,185892,0.61,Gas,2022
South Hedland Power Station,F,WA,525337.0,257766.0,0.0,257766,0.49,Gas,2022
Tailem Bend Solar farm,F,SA,176587.0,60.0,601.0,661,0.0,Solar,2022
Cocos Keeling Islands - Home Island Generation,F,WA,2437.0,1703.0,0.0,1703,0.7,Diesel,2022
Cocos Keeling Islands - West Island Generation,F,WA,2669.0,2150.0,0.0,2150,0.81,Diesel,2022
Clermont Solar Farm,F,QLD,149078.0,325.0,3080.0,3405,0.0,Solar,2022
Wemen Solar Farm,F,VIC,104761.0,65.0,1679.0,1744,0.0,Solar,2022
White Rock Solar Farm Pty Ltd,F,NSW,33086.0,0.0,51.0,51,0.0,Solar,2022
Wild Cattle Hill Wind Farm,F,TAS,433196.0,64.0,189.0,253,0.0,Wind,2022
Winton Solar Farm,F,VIC,156523.0,31.0,0.0,31,0.0,Solar,2022
Glenrowan West Solar Farm,F,VIC,206679.0,234.0,609.0,843,0.0,Solar,2022
YPF UTILITIES PRODUCTION AND SUPPLY,F,WA,26605.0,18073.0,0.0,18073,0.68,Gas,2022
YATPOOL SOLAR FARM,F,VIC,138160.0,0.0,392.0,392,0.0,Solar,2022
Cathedral Rocks Wind Farm,F,SA,137592.0,72.0,103.0,175,0.0,Wind,2023
Gunning Wind Farm,F,NSW,139793.0,55.0,336.0,391,0.0,Wind,2023
Mortlake South Wind Farm,F,VIC,102651.0,73.0,634.0,707,0.0,Wind,2023
Mt Gellibrand Wind Farm,F,VIC,278639.0,92.0,872.0,964,0.0,Wind,2023
Waubra Wind Farm,F,VIC,580257.0,146.0,993.0,1139,0.0,Wind,2023
Adani Rugby Run Solar Farm,F,QLD,162229.0,0.0,505.0,505,0.0,Solar,2023
Banimboola Hydro,F,VIC,29714.0,0.0,7.0,7,0.0,Hydro,2023
Barker Inlet Power Station,F,SA,293867.0,173299.0,2011.0,175310,0.59,Gas,2023
Bayswater Power Station,F,NSW,14092594.0,12569420.0,28937.0,12598357,0.89,Black Coal,2023
Bogong Power Station,F,VIC,109585.0,82.0,636.0,718,0.0,Hydro,2023
Broken Hill Solar Plant,F,NSW,103997.0,82.0,316.0,398,0.0,Solar,2023
Burrendong Hydro,F,NSW,4624.0,1.0,30.0,31,0.0,Hydro,2023
Clover Hydro,F,VIC,56335.0,2.0,162.0,164,0.0,Hydro,2023
Coopers Gap Wind Farm,F,QLD,1425167.0,160.0,1185.0,1345,0.0,Wind,2023
Copeton Hydro,F,NSW,46275.0,1.0,46.0,47,0.0,Hydro,2023
Dartmouth Hydro,F,VIC,284447.0,0.0,319.0,319,0.0,Hydro,2023
Eildon Hydro,F,VIC,291020.0,2.0,37.0,39,0.0,Hydro,2023
Glenbawn Hydro,F,NSW,0.0,0.0,9.0,9,0.0,Hydro,2023
Hallett (Stage 1) Wind Farm,F,SA,285233.0,97.0,158.0,255,0.0,Wind,2023
Hallett (Stage 2) Wind Farm,F,SA,217349.0,66.0,105.0,171,0.0,Wind,2023
Hallett (Stage 4) Wind Farm,F,SA,426178.0,141.0,232.0,373,0.0,Wind,2023
Hallett (Stage 5) Wind Farm,F,SA,140048.0,53.0,111.0,164,0.0,Wind,2023
Kwinana Swift Power Station,F,WA,106642.0,62098.0,129.0,62227,0.58,Gas,2023
Liddell Power Station,F,NSW,5527506.0,5239346.0,26357.0,5265703,0.95,Black Coal,2023
Loy Yang Power Station and Mine,F,VIC,13929522.0,16170571.0,189860.0,16360431,1.16,Brown Coal,2023
Macarthur Wind Farm,F,VIC,672232.0,9566.0,2444.0,12010,0.01,Wind,2023
McKay Creek Hydro,F,VIC,131565.0,0.0,1230.0,1230,0.0,Hydro,2023
Nyngan Solar Plant,F,NSW,218247.0,156.0,620.0,776,0.0,Solar,2023
Oaklands Hill Wind Farm,F,VIC,174417.0,68.0,366.0,434,0.0,Wind,2023
Pindari Hydro,F,NSW,15428.0,0.0,17.0,17,0.0,Hydro,2023
Rubicon Hydro Scheme,F,VIC,2.0,0.0,30.0,30,0.0,Hydro,2023
Silverton Wind Farm,F,NSW,685199.0,89.0,786.0,875,0.0,Wind,2023
Somerton Power Station,F,VIC,80692.0,59598.0,1429.0,61027,0.74,Gas,2023
Torrens Island Power Station,F,SA,766715.0,441439.0,6196.0,447635,0.58,Gas,2023
Wattle Point Wind Farm,F,SA,240286.0,127.0,106.0,233,0.0,Wind,2023
West Kiewa Hydro,F,VIC,319785.0,0.0,302.0,302,0.0,Hydro,2023
Yarrawonga Hydro,F,VIC,29465.0,2.0,44.0,46,0.0,Hydro,2023
Alinta Pinjarra Generation Facility,F,WA,1636746.0,1299678.0,268.0,1299946,0.79,Gas,2023
Hillston Sun Farm,F,NSW,206516.0,22.0,962.0,984,0.0,Solar,2023
Molong Solar Farm,F,NSW,36969.0,20.0,397.0,417,0.0,Solar,2023
Badgingarra Solar Farm,F,WA,43092.0,2.0,28.0,30,0.0,Solar,2023
Badgingarra Wind Farm,F,WA,444705.0,35.0,160.0,195,0.0,Wind,2023
Darling Downs Solar Farm,F,QLD,199249.0,62.0,628.0,690,0.0,Wind,2023
Diamantina Power Station,F,QLD,1882190.0,780863.0,94.0,780957,0.41,Gas,2023
Dugald River Solar Farm,F,QLD,11750.0,0.0,0.0,0,0.0,Solar,2023
Emu Downs Solar Farm,F,WA,44072.0,5.0,113.0,118,0.0,Solar,2023
Emu Downs Wind Farm,F,WA,239254.0,61.0,118.0,179,0.0,Wind,2023
Willogoleche Wind Farm,F,SA,352394.0,63.0,155.0,218,0.0,Wind,2023
Braemar 2 Power Station,F,QLD,600905.0,348883.0,3819.0,352702,0.58,Coal Seam Methane,2023
Karratha Power Station,F,WA,102091.0,76416.0,139.0,76555,0.75,Gas,2023
Osborne facility,F,SA,440638.0,182619.0,2400.0,185019,0.41,Gas,2023
Childers Solar Farm,F,QLD,106254.0,18.0,285.0,303,0.0,Solar,2023
Susan River Solar Farm,F,QLD,145610.0,24.0,352.0,376,0.0,Solar,2023
Kiata Wind Farm,F,VIC,125252.0,42.0,185.0,227,0.0,Wind,2023
Nevertire Solar Farm,F,NSW,241826.0,35.0,577.0,612,0.0,Solar,2023
Facility,F,VIC,437699.0,101.0,859.0,960,0.0,Wind,2023
Bald Hills Wind Farm Pty Ltd,F,VIC,344993.0,83.0,646.0,729,0.0,Wind,2023
Beryl Solar Farm,F,NSW,181801.0,36.0,602.0,638,0.0,Solar,2023
Manildra Solar Farm,F,NSW,43023.0,12.0,159.0,171,0.0,Solar,2023
Warradarge Wind Farm,F,WA,582602.0,180.0,485.0,665,0.0,Wind,2023
Gullen Solar Pty Ltd,F,NSW,17705.0,3.0,39.0,42,0.0,Solar,2023
New Gullen Range Wind Farm Pty Ltd,F,NSW,478918.0,56.0,350.0,406,0.0,Wind,2023
Newtricity Developments Biala Pty Ltd,F,NSW,384239.0,24.0,1011.0,1035,0.0,Wind,2023
Yarnima Power Station,F,WA,782093.0,336179.0,0.0,336179,0.43,Gas,2023
Bluewaters Power 1,F,WA,1002337.0,707580.0,6090.0,713670,0.71,Black Coal,2023
Bluewaters Power 2,F,WA,1375069.0,964833.0,736.0,965569,0.7,Black Coal,2023
Callide B Power Station,F,QLD,4203742.0,4016935.0,14881.0,4031816,0.96,Black Coal,2023
Kogan Creek Power Station,F,QLD,4491560.0,3789148.0,2795.0,3791943,0.84,Black Coal,2023
Broadwater Power Plant,F,NSW,153323.0,4431.0,1145.0,5576,0.03,Bagasse,2023
Condong Power Plant,F,NSW,121915.0,4465.0,3541.0,8006,0.04,Bagasse,2023
Facility,F,VIC,73343.0,26.0,73.0,99,0.0,Wind,2023
White Rock Wind Farm Pty Ltd,F,NSW,494774.0,61.0,410.0,471,0.0,Wind,2023
Cherry Tree Wind Farm Pty Ltd,F,VIC,169580.0,49.0,301.0,350,0.0,Wind,2023
Appin CSM Power Station,F,NSW,227989.0,185261.0,8.0,185269,0.81,Waste Coal Mine Gas,2023
Ardyaloon Facility,F,WA,1902.0,1390.0,0.0,1390,0.73,Diesel,2023
Beagle Bay Facility,F,WA,1712.0,1257.0,0.0,1257,0.73,Diesel,2023
Belrose LFG Power Station,F,NSW,0.0,17.0,0.0,17,0.0,Landfill Gas,2023
Berwick LFG Power Station,F,VIC,0.0,1.0,0.0,1,0.0,Landfill Gas,2023
Bidyadanga Facility,F,WA,3039.0,2227.0,0.0,2227,0.73,Diesel,2023
Broadmeadows LFG Power Station,F,VIC,5059.0,396.0,11.0,407,0.08,Landfill Gas,2023
Brooklyn LFG Power Station,F,VIC,5531.0,408.0,4.0,412,0.07,Landfill Gas,2023
Broome LNG Power Station,F,WA,132226.0,75453.0,20.0,75473,0.57,Gas,2023
Browns Plains LFG Power Station,F,QLD,13639.0,1039.0,3.0,1042,0.08,Landfill Gas,2023
Clayton LFG Power Station,F,VIC,59126.0,3865.0,2.0,3867,0.07,Landfill Gas,2023
Coober Pedy Facility,F,SA,15174.0,2523.0,0.0,2523,0.17,Wind,2023
Corio LFG Power Station,F,VIC,0.0,6.0,0.0,6,0.0,Landfill Gas,2023
Cullerin Range Wind Farm,F,NSW,72162.0,14.0,190.0,204,0.0,Wind,2023
Derby LNG Power Station,F,WA,31405.0,19128.0,0.0,19128,0.61,Gas,2023
Djarindjin Facility,F,WA,1941.0,1415.0,0.0,1415,0.73,Diesel,2023
Eastern Creek LFG Power Station,F,NSW,4980.0,358.0,8.0,366,0.07,Landfill Gas,2023
Fitzroy Crossing LNG Power Station,F,WA,13036.0,7535.0,0.0,7535,0.58,Gas,2023
German Creek CMM Power Station,F,QLD,141624.0,80118.0,60.0,80178,0.57,Waste Coal Mine Gas,2023
Glennies Creek WCMG Power Station,F,NSW,59186.0,31132.0,2.0,31134,0.53,Waste Coal Mine Gas,2023
Grange Avenue LFG Power Station,F,NSW,1757.0,136.0,18.0,154,0.08,Landfill Gas,2023
Grosvenor 1 WCMG Power Station,F,QLD,132427.0,73663.0,12.0,73675,0.56,Waste Coal Mine Gas,2023
Grosvenor 2 WCMG Power Station,F,QLD,93648.0,53543.0,7.0,53550,0.57,Waste Coal Mine Gas,2023
Halls Creek LNG Power Station,F,WA,11753.0,7494.0,0.0,7494,0.64,Gas,2023
Jabiru Power Station,F,NT,5918.0,5207.0,0.0,5207,0.88,Diesel,2023
Jack's Gully LFG Power Station,F,NSW,8070.0,628.0,4.0,632,0.08,Landfill Gas,2023
Kalamunda Power Station,F,WA,0.0,1.0,0.0,1,0.0,Diesel,2023
Leonora Facility,F,WA,7666.0,6316.0,0.0,6316,0.82,Gas,2023
Looma NGD power Station,F,WA,2469.0,1831.0,0.0,1831,0.74,Diesel,2023
Lucas Heights 1 LFG Power Station,F,NSW,20809.0,1610.0,4.0,1614,0.08,Landfill Gas,2023
Lucas Heights 2 LFG Power Station,F,NSW,114956.0,9043.0,4.0,9047,0.08,Landfill Gas,2023
McArthur River Power Station,F,NT,293703.0,141369.0,0.0,141369,0.48,Gas,2023
Moranbah North CMM Power Station,F,QLD,385077.0,245586.0,7.0,245593,0.64,Waste Coal Mine Gas,2023
Oaky Creek II WCMG Power Station,F,QLD,98994.0,56230.0,15.0,56245,0.57,Waste Coal Mine Gas,2023
Oaky Creek WCMG Power Station,F,QLD,93442.0,48500.0,26.0,48526,0.52,Waste Coal Mine Gas,2023
Pine Creek A Power Station,F,NT,196221.0,91717.0,0.0,91717,0.47,Gas,2023
Red Hill LFG Power Station,F,WA,25375.0,1952.0,2.0,1954,0.08,Landfill Gas,2023
Springvale LFG Power Station,F,VIC,4495.0,353.0,9.0,362,0.08,Landfill Gas,2023
Tahmoor WCMG Power Station,F,NSW,44379.0,25246.0,10.0,25256,0.57,Waste Coal Mine Gas,2023
Tamala Park LFG Power Station,F,WA,33084.0,2547.0,2.0,2549,0.08,Landfill Gas,2023
Tower CSM Power Station,F,NSW,164117.0,114966.0,5.0,114971,0.7,Waste Coal Mine Gas,2023
Warmun Facility,F,WA,2638.0,1980.0,0.0,1980,0.75,Diesel,2023
Weipa Solar Power Station,F,QLD,2163.0,0.0,8.0,8,0.0,Solar,2023
Wingfield 1 LFG Power Station,F,SA,3714.0,531.0,5.0,536,0.14,Landfill Gas,2023
Wingfield 2 LFG Power Station,F,SA,16424.0,1253.0,3.0,1256,0.08,Landfill Gas,2023
Wonthaggi Wind Farm,F,VIC,25200.0,4.0,39.0,43,0.0,Wind,2023
Clare Solar Farm,F,QLD,181824.0,114.0,90.0,204,0.0,Solar,2023
Barron Gorge Power Station,F,QLD,335420.0,249.0,342.0,591,0.0,Hydro,2023
Kareeya Power Station,F,QLD,402310.0,83.0,3545.0,3628,0.0,Hydro,2023
Swanbank E Power Station,F,QLD,839557.0,336668.0,3823.0,340491,0.4,Gas,2023
Wivenhoe Power Station,F,QLD,502177.0,714.0,515482.0,516196,0.0,Hydro,2023
Collgar Wind Farm,F,WA,669912.0,163.0,1077.0,1240,0.0,Wind,2023
Royalla Solar Farm,F,ACT,32482.0,0.0,159.0,159,0.0,Solar,2023
Dundonnell Wind Farm,F,VIC,1026461.0,227.0,1531.0,1758,0.0,Wind,2023
Darlington Point Solar Farm Pty Ltd,F,NSW,521021.0,203.0,0.0,203,0.0,Solar,2023
Gannawarra Solar Farm Pty Ltd,F,VIC,104644.0,26.0,0.0,26,0.0,Solar,2023
GESS ProjectCo Pty Ltd,F,VIC,0.0,15.0,2430.0,2445,0.0,Battery,2023
Hamilton Solar Farm Pty Ltd,F,NT,114610.0,31.0,0.0,31,0.0,Solar,2023
The Daydream Solar Farm Trust,F,QLD,319719.0,79.0,0.0,79,0.0,Solar,2023
The Hayman Solar Farm Trust,F,QLD,93913.0,34.0,0.0,34,0.0,Solar,2023
Alkimos Beach Community Battery,F,WA,0.0,1.0,20.0,21,0.0,Battery,2023
Bremer Bay Wind Diesel Power Station,F,WA,1772.0,5.0,0.0,5,0.0,Wind,2023
Cockburn Power Station,F,WA,1306506.0,487712.0,0.0,487712,0.37,Gas,2023
Collie Power Station,F,WA,817477.0,776663.0,1381.0,778044,0.95,Black Coal,2023
Coral Bay Wind Diesel Power Station,F,WA,3462.0,1204.0,0.0,1204,0.35,Diesel,2023
Hopetoun Wind Diesel Power Station,F,WA,5504.0,2691.0,0.0,2691,0.49,Diesel,2023
Kalbarri Wind Farm,F,WA,2641.0,0.0,0.0,0,0.0,Wind,2023
Kalgoorlie Gas Turbine Station,F,WA,4465.0,4655.0,0.0,4655,1.04,Gas,2023
Kwinana Battery Energy Storage Site,F,WA,0.0,280.0,200.0,480,0.0,Battery,2023
Kwinana Power Station,F,WA,1070204.0,542823.0,312.0,543135,0.51,Gas,2023
Muja Power Station,F,WA,3033023.0,2868892.0,856.0,2869748,0.95,Black Coal,2023
Mungarra Gas Turbine Station,F,WA,5255.0,4687.0,0.0,4687,0.89,Gas,2023
Pinjar Gas Turbine Station,F,WA,718062.0,669979.0,0.0,669979,0.93,Gas,2023
VPP4S,F,WA,0.0,0.0,78.0,78,0.0,Battery,2023
Ravensthorpe Power Station,F,WA,423.0,331.0,0.0,331,0.78,Diesel,2023
Bungala One Solar Farm,F,SA,231834.0,0.0,0.0,0,0.0,Solar,2023
Bungala Two Solar Farm,F,SA,237371.0,0.0,0.0,0,0.0,Solar,2023
Cohuna Solar Farm,F,VIC,36796.0,0.0,0.0,0,0.0,Solar,2023
Aurukun Remote generation,F,QLD,6634.0,4365.0,0.0,4365,0.66,Diesel,2023
Badu Island Remote Generation,F,QLD,3549.0,2421.0,0.0,2421,0.68,Diesel,2023
Bamaga Remote Generation,F,QLD,16781.0,11256.0,0.0,11256,0.67,Diesel,2023
Barcaldine Power Station Facility,F,QLD,5486.0,6667.0,365.0,7032,1.22,Gas,2023
Bedourie Remote Generation,F,QLD,1171.0,781.0,0.0,781,0.67,Diesel,2023
Birdsville Remote Generation,F,QLD,1502.0,973.0,0.0,973,0.65,Diesel,2023
Boigu Island Remote Generation,F,QLD,1446.0,1034.0,0.0,1034,0.72,Diesel,2023
Boulia Remote Generation,F,QLD,2803.0,1926.0,0.0,1926,0.69,Diesel,2023
Burketown Remote Generation,F,QLD,2309.0,1440.0,0.0,1440,0.62,Diesel,2023
Camooweal Remote Generation,F,QLD,2215.0,1557.0,0.0,1557,0.7,Diesel,2023
Coconut Island Remote Generation,F,QLD,1185.0,853.0,0.0,853,0.72,Diesel,2023
Coen Remote Generation,F,QLD,1942.0,1292.0,0.0,1292,0.67,Diesel,2023
Darnley Island Remote Generation,F,QLD,1681.0,1199.0,0.0,1199,0.71,Diesel,2023
Dauan Island Remote Generation,F,QLD,1066.0,784.0,0.0,784,0.74,Diesel,2023
Domain Shopping centre Solar Farm,F,QLD,2183.0,0.0,0.0,0,0.0,Solar,2023
Doomadgee Remote Generation,F,QLD,7161.0,4634.0,0.0,4634,0.65,Diesel,2023
Energy Impact - Bromelton Peak Generation Plant - Facility,F,QLD,844.0,404.0,309.0,713,0.48,Diesel,2023
Energy Impact - Generation - Facility,F,QLD,703.0,495.0,0.0,495,0.7,Diesel,2023
Grand Central Shopping Centre Solar Farm,F,QLD,1288.0,0.0,0.0,0,0.0,Solar,2023
Gununa Remote Generation,F,QLD,6395.0,4510.0,0.0,4510,0.71,Diesel,2023
Hammond Island,F,QLD,971.0,724.0,0.0,724,0.75,Diesel,2023
Jundah Remote Generation,F,QLD,1101.0,732.0,0.0,732,0.66,Diesel,2023
Kowanyama Remote Generation,F,QLD,5684.0,3754.0,0.0,3754,0.66,Diesel,2023
Kubin Island Remote Generation,F,QLD,2482.0,1678.0,0.0,1678,0.68,Diesel,2023
Lockhart River Remote Generation,F,QLD,3311.0,2209.0,0.0,2209,0.67,Diesel,2023
Logan Hyperdome Solar Farm,F,QLD,6157.0,0.0,0.0,0,0.0,Solar,2023
Mabuig Island Remote Generation,F,QLD,1164.0,858.0,0.0,858,0.74,Diesel,2023
Mapoon Remote Generation,F,QLD,1927.0,1217.0,0.0,1217,0.63,Diesel,2023
Murray Island Remote Generation,F,QLD,2077.0,1433.0,0.0,1433,0.69,Diesel,2023
Palm Island Remote Generation,F,QLD,9257.0,6399.0,0.0,6399,0.69,Diesel,2023
Pormpuraaw,F,QLD,3397.0,2294.0,0.0,2294,0.68,Diesel,2023
Robina Shopping Centre Solar Farm,F,QLD,7096.0,0.0,0.0,0,0.0,Solar,2023
Sabai Island Remote Generation,F,QLD,1827.0,1283.0,0.0,1283,0.7,Diesel,2023
Stephen Island Remote Generation,F,QLD,527.0,385.0,0.0,385,0.73,Diesel,2023
Thursday Island Remote Generation,F,QLD,28643.0,18418.0,0.0,18418,0.64,Diesel,2023
Warraber Island Remote Generation,F,QLD,1507.0,1069.0,0.0,1069,0.71,Diesel,2023
Wasaga Remote Generation,F,QLD,4802.0,3396.0,0.0,3396,0.71,Diesel,2023
Water Gardens Shopping Centre Solar Farm,F,VIC,2707.0,0.0,0.0,0,0.0,Solar,2023
Windorah Remote Generation,F,QLD,1278.0,823.0,0.0,823,0.64,Diesel,2023
Yam Island,F,QLD,1787.0,1205.0,0.0,1205,0.67,Diesel,2023
York Island,F,QLD,1559.0,1093.0,0.0,1093,0.7,Diesel,2023
EnergyAustralia Virtual Power Plant (EA VPP),F,VIC,0.0,0.0,0.0,0,0.0,Battery,2023
Hallett Power Station,F,SA,70602.0,51466.0,579.0,52045,0.73,Gas,2023
Jeeralang Power Station,F,VIC,51904.0,41995.0,4750.0,46745,0.81,Gas,2023
Mt Piper Power Station,F,NSW,5896325.0,5124791.0,16531.0,5141322,0.87,Black Coal,2023
Newport Power Station,F,VIC,432895.0,235076.0,22482.0,257558,0.54,Gas,2023
Tallawarra Power Station,F,NSW,1216119.0,452109.0,5873.0,457982,0.37,Gas,2023
Virtual Power Plant,F,VIC,982.0,0.0,0.0,0,0.0,Solar,2023
Yallourn Power Station,F,VIC,8830350.0,11478271.0,131437.0,11609708,1.3,Brown Coal,2023
Essential Energy Generation Facility - Broken Hill Gas Turbine,F,NSW,0.0,0.0,0.0,0,0.0,Diesel,2023
Columboola Solar Farm Hold Co Pty Ltd,F,QLD,213748.0,67.0,1972.0,2039,0.0,Solar,2023
Exmouth Power Station Pty Ltd,F,WA,25443.0,17643.0,0.0,17643,0.69,Gas,2023
Finley Solar Farm,F,NSW,287056.0,0.0,897.0,897,0.0,Solar,2023
PEG Power Station,F,WA,0.0,7649.0,0.0,7649,0.0,Gas,2023
Solomon Power Station,F,WA,331917.0,206715.0,0.0,206715,0.62,Gas,2023
Oakey 2 Solar Farm,F,QLD,108954.0,0.0,0.0,0,0.0,Solar,2023
Jemalong PV Asset Pty Ltd as Trustee for the Jemalong PV Asset Trust,F,NSW,105215.0,0.0,675.0,675,0.0,Solar,2023
Kidston Solar One - Solar - Qld,F,QLD,117811.0,0.0,962.0,962,0.0,Solar,2023
Clermont Solar Farm,F,QLD,160735.0,334.0,3396.0,3730,0.0,Solar,2023
Wemen Solar Farm,F,VIC,159357.0,46.0,1546.0,1592,0.0,Solar,2023
Millmerran Power Station (facility),F,QLD,5983007.0,5009858.0,722.0,5010580,0.84,Black Coal,2023
Mica Creek Power Station,F,QLD,149476.0,49174.0,0.0,49174,0.33,Gas,2023
Berrybank 2 Wind farm,F,VIC,84681.0,278.0,775.0,1053,0.0,Wind,2023
Berrybank Wind farm,F,VIC,550190.0,136.0,797.0,933,0.0,Wind,2023
Crookwell 2 Wind farm,F,NSW,297312.0,61.0,196.0,257,0.0,Wind,2023
Crookwell 3 Windfarm,F,NSW,0.0,1945.0,0.0,1945,0.0,Wind,2023
Cunderdin Solar/BESS,F,WA,0.0,61.0,0.0,61,0.0,Solar,2023
Queanbeyan Battery Energy Storage System,F,ACT,0.0,62.0,818.0,880,0.0,Battery,2023
Ryans Corner Windfarm,F,VIC,0.0,2599.0,0.0,2599,0.0,Wind,2023
Parkeston Power Station,F,WA,75554.0,43918.0,0.0,43918,0.58,Gas,2023
Goonumbla Solar Farm,F,NSW,117347.0,16.0,381.0,397,0.0,Solar,2023
Bango Wind Farm,F,NSW,479072.0,93.0,954.0,1047,0.0,Wind,2023
Boco Rock Wind Farm,F,NSW,338073.0,20.0,792.0,812,0.0,Wind,2023
Clarke Creek Wind Farm,F,QLD,0.0,7381.0,0.0,7381,0.0,Wind,2023
Crudine Ridge Wind Farm,F,NSW,385612.0,72.0,285.0,357,0.0,Wind,2023
Sapphire Wind Farm,F,NSW,813915.0,166.0,1363.0,1529,0.0,Wind,2023
HUGHENDEN SOLAR FARM,F,QLD,34117.0,0.0,442.0,442,0.0,Solar,2023
Wyangala A,F,NSW,69370.0,0.0,0.0,0,0.0,Hydro,2023
Wyangala B,F,NSW,14162.0,0.0,0.0,0,0.0,Hydro,2023
Hydro Power Station - Bastyan,F,TAS,323677.0,7.0,32.0,39,0.0,Hydro,2023
Hydro Power Station - Butlers Gorge inc Nieterana,F,TAS,60309.0,6.0,226.0,232,0.0,Hydro,2023
Hydro Power Station - Catagunya,F,TAS,188665.0,14.0,30.0,44,0.0,Hydro,2023
Hydro Power Station - Cethana,F,TAS,381322.0,5.0,686.0,691,0.0,Hydro,2023
Hydro Power Station - Cluny,F,TAS,67203.0,2.0,17.0,19,0.0,Hydro,2023
Hydro Power Station - Devils Gate,F,TAS,276879.0,6.0,16.0,22,0.0,Hydro,2023
Hydro Power Station - Fisher & Rowallan,F,TAS,268247.0,45.0,114.0,159,0.0,Hydro,2023
Hydro Power Station - Gordon,F,TAS,561649.0,14.0,30.0,44,0.0,Hydro,2023
Hydro Power Station - John Butters,F,TAS,437997.0,28.0,593.0,621,0.0,Hydro,2023
Hydro Power Station - Lake Echo,F,TAS,46078.0,6.0,40.0,46,0.0,Hydro,2023
Hydro Power Station - Lake Margaret Lower,F,TAS,10862.0,0.0,1.0,1,0.0,Hydro,2023
Hydro Power Station - Lake Margaret Upper,F,TAS,35689.0,0.0,30.0,30,0.0,Hydro,2023
Hydro Power Station - Lemonthyme,F,TAS,254842.0,9.0,61.0,70,0.0,Hydro,2023
Hydro Power Station - Liapootah,F,TAS,370579.0,25.0,62.0,87,0.0,Hydro,2023
Hydro Power Station - Mackintosh,F,TAS,318827.0,6.0,670.0,676,0.0,Hydro,2023
Hydro Power Station - Meadowbank,F,TAS,149788.0,6.0,20.0,26,0.0,Hydro,2023
Hydro Power Station - Paloona,F,TAS,126200.0,8.0,24.0,32,0.0,Hydro,2023
Hydro Power Station - Parangana,F,TAS,5291.0,0.0,0.0,0,0.0,Hydro,2023
Hydro Power Station - Poatina,F,TAS,1450760.0,0.0,1418.0,1418,0.0,Hydro,2023
Hydro Power Station - Reece,F,TAS,855497.0,121.0,2833.0,2954,0.0,Hydro,2023
Hydro Power Station - Repulse,F,TAS,117953.0,7.0,14.0,21,0.0,Hydro,2023
Hydro Power Station - Tarraleah,F,TAS,472659.0,551.0,103.0,654,0.0,Hydro,2023
Hydro Power Station - Tods Corner,F,TAS,163.0,0.0,15.0,15,0.0,Hydro,2023
Hydro Power Station - Trevallyn,F,TAS,558880.0,0.0,42.0,42,0.0,Hydro,2023
Hydro Power Station - Tribute,F,TAS,243717.0,24.0,51.0,75,0.0,Hydro,2023
Hydro Power Station - Tungatinah,F,TAS,429594.0,28.0,134.0,162,0.0,Hydro,2023
Hydro Power Station - Wayatinah,F,TAS,219153.0,8.0,30.0,38,0.0,Hydro,2023
Hydro Power Station - Wilmot,F,TAS,127351.0,6.0,34.0,40,0.0,Hydro,2023
Power Station - Flinders Island,F,TAS,6047.0,1860.0,220.0,2080,0.31,Wind,2023
Power Station - King Island,F,TAS,14507.0,6674.0,521.0,7195,0.46,Wind,2023
Power Station - Tamar Valley,F,TAS,81038.0,49574.0,1679.0,51253,0.61,Gas,2023
Alinta Wind Farm,F,WA,266793.0,114.0,522.0,636,0.0,Wind,2023
Bodangora Wind Farm,F,NSW,332858.0,78.0,598.0,676,0.0,Wind,2023
Bolivar Power Station,F,SA,12358.0,9854.0,86.0,9940,0.8,Gas,2023
Capital Wind Farm,F,NSW,368042.0,145.0,758.0,903,0.0,Wind,2023
Lake Bonney BESS Pty Ltd,F,SA,0.0,5.0,691.0,696,0.0,Battery,2023
"Lake Bonney Stage 1,2 & 3 Wind Farm",F,SA,543619.0,100.0,532.0,632,0.0,Wind,2023
PAREP Wind,F,SA,662397.0,229.0,299.0,528,0.0,Wind,2023
Smithfield Gas Turbine,F,NSW,32085.0,22960.0,1100.0,24060,0.72,Gas,2023
Woodlawn Wind Farm,F,NSW,148161.0,45.0,267.0,312,0.0,Wind,2023
Canunda Wind Farm,F,SA,109698.0,12.0,78.0,90,0.0,Wind,2023
Dry Creek Power Station,F,SA,32641.0,28044.0,228.0,28272,0.86,Gas,2023
Mintaro Power Station,F,SA,50144.0,43066.0,33.0,43099,0.86,Gas,2023
Pelican Point Power Station,F,SA,1710400.0,687219.0,2673.0,689892,0.4,Gas,2023
Port Lincoln Power Station,F,SA,4743.0,6587.0,520.0,7107,1.39,Diesel,2023
Snuggery Power Station,F,SA,5045.0,5378.0,236.0,5614,1.07,Diesel,2023
KARADOC SOLAR FARM,F,VIC,182007.0,0.0,384.0,384,0.0,Solar,2023
Kennedy Energy Park Pty Ltd,F,QLD,154995.0,54.0,84.0,138,0.0,Wind,2023
Barcaldine Remote Community Solar Farm Pty Ltd,F,QLD,32655.0,0.0,0.0,0,0.0,Solar,2023
Bannerton Solar Farm,F,VIC,149100.0,0.0,0.0,0,0.0,Solar,2023
Lal Lal Wind Farm,F,VIC,543976.0,136.0,1905.0,2041,0.0,Wind,2023
Benaraby LFGE Station,F,QLD,7320.0,646.0,3.0,649,0.09,Landfill Gas,2023
Bunya LFGE Station,F,QLD,4986.0,672.0,9.0,681,0.13,Landfill Gas,2023
Caboolture LFGE Station,F,QLD,14744.0,1394.0,2.0,1396,0.09,Landfill Gas,2023
Dakabin LFGE Station,F,QLD,15427.0,1141.0,3.0,1144,0.07,Landfill Gas,2023
Maryborough LFGE Station,F,QLD,12252.0,1297.0,1.0,1298,0.11,Landfill Gas,2023
Mugga Lane LFGE Station,F,ACT,34600.0,4065.0,2.0,4067,0.12,Landfill Gas,2023
Willawong LFGE Station,F,QLD,4797.0,493.0,2.0,495,0.1,Landfill Gas,2023
Emerald Solar Park,F,QLD,134533.0,24.0,1103.0,1127,0.0,Solar,2023
Lilyvale Solar Farm,F,QLD,185624.0,53.0,585.0,638,0.0,Solar,2023
Lincoln Gap Wind Farm Operations Pty Ltd,F,SA,731752.0,42.0,4207.0,4249,0.0,Wind,2023
Albury Renewable Energy Facility,F,NSW,9297.0,598.0,1.0,599,0.06,Landfill Gas,2023
Albury Solar Facility,F,NSW,1445.0,0.0,0.0,0,0.0,Solar,2023
Awaba Renewable Energy Facility,F,NSW,4923.0,365.0,3.0,368,0.07,Landfill Gas,2023
Ballarat Renewable Energy Facility,F,VIC,10853.0,841.0,0.0,841,0.08,Landfill Gas,2023
Bendigo Renewable Energy Facility,F,VIC,3396.0,247.0,1.0,248,0.07,Landfill Gas,2023
Birkdale Renewable Energy Facility,F,QLD,981.0,76.0,3.0,79,0.08,Landfill Gas,2023
Caloundra Renewable Energy Facility,F,QLD,6414.0,458.0,1.0,459,0.07,Landfill Gas,2023
Copping Renewable Energy Facility,F,TAS,16170.0,1147.0,0.0,1147,0.07,Landfill Gas,2023
Darwin Renewable Energy Facility,F,NT,8988.0,656.0,5.0,661,0.07,Landfill Gas,2023
Drysdale Renewable Energy Facility,F,VIC,8886.0,624.0,1.0,625,0.07,Landfill Gas,2023
Eastern Creek 2 Renewable Energy Facility,F,NSW,41388.0,2965.0,1.0,2966,0.07,Landfill Gas,2023
Glenorchy Renewable Energy Facility,F,TAS,5724.0,386.0,2.0,388,0.07,Gas,2023
Hampton Park Renewable Energy Facility,F,VIC,72081.0,5166.0,4.0,5170,0.07,Landfill Gas,2023
Henderson Renewable Energy Facility,F,WA,13960.0,908.0,8.0,916,0.07,Landfill Gas,2023
Ipswich Renewable Energy Facility,F,QLD,3273.0,250.0,1.0,251,0.08,Landfill Gas,2023
Mc Robies Gully Renewable Energy Facility,F,TAS,3700.0,254.0,0.0,254,0.07,Landfill Gas,2023
Mornington Peninsula Renewable Energy Facility,F,VIC,4616.0,348.0,3.0,351,0.08,Landfill Gas,2023
NAWMA Renewable Energy Facility,F,SA,8943.0,571.0,0.0,571,0.06,Landfill Gas,2023
NAWMA Solar Facility,F,SA,1082.0,0.0,0.0,0,0.0,Solar,2023
Newcastle Renewable Energy Facility,F,NSW,19096.0,1415.0,1.0,1416,0.07,Landfill Gas,2023
Raymond Terrace Renewable Energy Facility,F,NSW,165.0,12.0,1.0,13,0.07,Landfill Gas,2023
Reedy Creek Renewable Energy Facility,F,QLD,5861.0,414.0,15.0,429,0.07,Landfill Gas,2023
Remount Renewable Energy Facility,F,TAS,5772.0,441.0,0.0,441,0.08,Landfill Gas,2023
Rochedale Renewable Energy Facility,F,QLD,65206.0,5001.0,1.0,5002,0.08,Landfill Gas,2023
Rockingham Renewable Energy Facility,F,WA,9867.0,716.0,21.0,737,0.07,Landfill Gas,2023
Seaford Heights Renewable Energy Facility,F,SA,19575.0,1520.0,4.0,1524,0.08,Landfill Gas,2023
Seaford Heights Solar Facility,F,SA,726.0,0.0,0.0,0,0.0,Solar,2023
Shepparton Renewable Energy Facility,F,VIC,5776.0,432.0,1.0,433,0.07,Landfill Gas,2023
SIMS Gillman Solar Facility,F,SA,473.0,0.0,0.0,0,0.0,Solar,2023
South Cardup Renewable Energy Facility,F,WA,14802.0,1187.0,0.0,1187,0.08,Landfill Gas,2023
Stapylton Renewable Energy Facility,F,QLD,26768.0,2008.0,2.0,2010,0.08,Landfill Gas,2023
Swanbank Renewable Energy Facility,F,QLD,12717.0,948.0,0.0,948,0.07,Landfill Gas,2023
Wollert Renewable Energy Facility,F,VIC,64321.0,4617.0,5.0,4622,0.07,Landfill Gas,2023
Woy Woy Renewable Energy Facility,F,NSW,6078.0,423.0,4.0,427,0.07,Landfill Gas,2023
Wyndham Renewable Energy Facility,F,VIC,39135.0,2999.0,3.0,3002,0.08,Landfill Gas,2023
Wyong Renewable Energy Facility,F,NSW,15593.0,1162.0,1.0,1163,0.07,Landfill Gas,2023
Wellington Solar Farm,F,NSW,355053.0,100.0,1129.0,1229,0.0,Solar,2023
Corowa Solar Farm,F,NSW,56132.0,0.0,133.0,133,0.0,Solar,2023
Junee Solar Farm,F,NSW,62913.0,0.0,217.0,217,0.0,Solar,2023
Wagga Wagga North Solar Farm,F,NSW,54337.0,0.0,256.0,256,0.0,Solar,2023
Metz Solar Farm,F,NSW,236886.0,75.0,1205.0,1280,0.0,Solar,2023
Moorabool South Wind Farm Pty Ltd,F,VIC,438890.0,25.0,843.0,868,0.0,Wind,2023
Moorabool Wind Farm Pty Ltd,F,VIC,414478.0,23.0,790.0,813,0.0,Wind,2023
Moree Solar Farm,F,SA,135232.0,28.0,625.0,653,0.0,Solar,2023
MOURA SOLAR FARM SPV PTY LTD,F,QLD,75600.0,105.0,736.0,841,0.0,Solar,2023
Mumbida Wind Farm Pty Ltd,F,WA,223597.0,55.0,187.0,242,0.0,Wind,2023
Murra Warra II Wind Farm,F,VIC,561125.0,184.0,1112.0,1296,0.0,Wind,2023
Murra Warra Wind Farm,F,VIC,595993.0,171.0,562.0,733,0.0,Wind,2023
BULGANA GREEN POWER HUB,F,VIC,517570.0,173.0,4830.0,5003,0.0,Wind,2023
COLEAMBALLY SOLAR PTY LTD,F,NSW,312806.0,66.0,1143.0,1209,0.0,Solar,2023
DEGRUSSA SOLAR PROJECT PTY LTD,F,WA,9912.0,0.0,228.0,228,0.0,Solar,2023
DUBBO SOLAR HUB PTY LTD,F,NSW,54988.0,6.0,79.0,85,0.0,Solar,2023
GRIFFITH SOLAR FARM PTY LTD,F,NSW,64553.0,5.0,95.0,100,0.0,Solar,2023
HORNSDALE POWER RESERVE PTY LTD,F,SA,0.0,204.0,2995.0,3199,0.0,Battery,2023
HWF1 Pty Ltd,F,SA,365329.0,26.0,52.0,78,0.0,Wind,2023
HWF2 Pty Ltd,F,SA,344521.0,26.0,66.0,92,0.0,Wind,2023
HWF3 PTY LTD,F,SA,369154.0,27.0,58.0,85,0.0,Wind,2023
KABAN WIND FARM PTY LTD,F,QLD,116984.0,791.0,407.0,1198,0.01,Wind,2023
NUMURKAH SOLAR FARM PTY LTD,F,VIC,147668.0,41.0,1009.0,1050,0.0,Solar,2023
PARKES SOLAR FARM PTY LTD,F,NSW,98933.0,21.0,246.0,267,0.0,Solar,2023
VICTORIAN BIG BATTERY PTY LTD,F,VIC,0.0,574.0,19522.0,20096,0.0,Battery,2023
WESTERN DOWNS GREEN POWER HUB PTY LTD,F,QLD,572142.0,164.0,2493.0,2657,0.0,Solar,2023
Kwinana Gas Fired Power Station,F,WA,1458348.0,583120.0,911.0,584031,0.4,Gas,2023
Gladstone Power Station,F,QLD,6593095.0,6433252.0,48193.0,6481445,0.98,Black Coal,2023
Oakey 1 Solar Farm,F,QLD,49001.0,0.0,0.0,0,0.0,Solar,2023
Ballarat Solar Park,F,VIC,339.0,0.0,0.0,0,0.0,Solar,2023
Bendigo Solar Park,F,VIC,368.0,0.0,3.0,3,0.0,Solar,2023
Darling Downs Power Station,F,QLD,1230329.0,535063.0,13936.0,548999,0.43,Gas,2023
Eraring Power Station,F,NSW,13301178.0,11864260.0,9389.0,11873649,0.89,Black Coal,2023
Exhibition Street,F,VIC,5.0,3.0,0.0,3,0.6,Gas,2023
La Trobe,F,VIC,1.0,1.0,0.0,1,1.0,Gas,2023
Ladbroke Grove Power Station,F,SA,63771.0,32380.0,238.0,32618,0.51,Gas,2023
Mortlake Power Station,F,VIC,441440.0,243575.0,4599.0,248174,0.55,Gas,2023
Mount,F,NSW,35.0,22.0,1.0,23,0.63,Gas,2023
Mt Stuart Power Station,F,QLD,17160.0,18015.0,3263.0,21278,1.05,Kerosene,2023
Quarantine Power Station,F,SA,197794.0,125318.0,737.0,126055,0.63,Gas,2023
Roma Power Station,F,QLD,21838.0,16736.0,810.0,17546,0.77,Gas,2023
Shoalhaven Scheme,F,NSW,218877.0,3.0,200074.0,200077,0.0,Hydro,2023
Uranquinty Power Station,F,NSW,153013.0,86313.0,4336.0,90649,0.56,Gas,2023
Granville Harbour Wind Farm,F,TAS,366746.0,28.0,125.0,153,0.0,Wind,2023
Ross River Solar Farm,F,QLD,243779.0,49.0,629.0,678,0.0,Solar,2023
Waterloo Wind Farm,F,SA,363337.0,38.0,143.0,181,0.0,Wind,2023
Burrinjuck Hydro,F,NSW,140272.0,19.0,27.0,46,0.0,Hydro,2023
Hume Hydro,F,NSW,295200.0,41.0,64.0,105,0.0,Hydro,2023
Keepit Hydro,F,NSW,25305.0,20.0,0.0,20,0.0,Hydro,2023
Mt Mercer Wind farm Pty Ltd,F,VIC,319753.0,60.0,0.0,60,0.0,Wind,2023
Mt Millar Wind Farm Pty Ltd,F,SA,143855.0,38.0,0.0,38,0.0,Wind,2023
Bairnsdale Power Station,F,VIC,64227.0,34564.0,589.0,35153,0.54,Gas,2023
Braemar Power Station,F,QLD,303187.0,179574.0,1815.0,181389,0.59,Coal Seam Methane,2023
Loy Yang B Power Station,F,VIC,8741384.0,9810602.0,1656.0,9812258,1.12,Brown Coal,2023
Newman Power Station,F,WA,798399.0,379196.0,0.0,379196,0.47,Gas,2023
Port Hedland Power Station,F,WA,461349.0,352397.0,0.0,352397,0.76,Gas,2023
Wagerup Power Station,F,WA,167155.0,97524.0,3843.0,101367,0.58,Gas,2023
Yandin Wind Farm,F,WA,772393.0,167.0,401.0,568,0.0,Wind,2023
Snapper Point Power Station,F,SA,25039.0,18439.0,635.0,19074,0.74,Diesel,2023
Alpurrurulam (Lake Nash),F,NT,1475.0,1072.0,0.0,1072,0.73,Diesel,2023
Amanbidgi (Kildurk),F,NT,400.0,364.0,0.0,364,0.91,Diesel,2023
"Ampilatwatja (Alparra, Ammaroo)",F,NT,4183.0,2612.0,0.0,2612,0.62,Diesel,2023
Amunturangu (Mount Liebig),F,NT,839.0,542.0,0.0,542,0.65,Diesel,2023
Aputula (Finke),F,NT,1040.0,650.0,0.0,650,0.63,Diesel,2023
Areyonga (Utju),F,NT,1003.0,624.0,0.0,624,0.62,Diesel,2023
Atitjere (Harts Range),F,NT,880.0,531.0,0.0,531,0.6,Diesel,2023
Borroloola Generation,F,NT,6459.0,3890.0,0.0,3890,0.6,Diesel,2023
Bulla Camp,F,NT,281.0,311.0,0.0,311,1.11,Diesel,2023
Bulman,F,NT,1378.0,944.0,0.0,944,0.69,Diesel,2023
Daly Waters Generation,F,NT,1802.0,1276.0,0.0,1276,0.71,Diesel,2023
Elliot Generation,F,NT,3116.0,2218.0,0.0,2218,0.71,Gas,2023
Engawala (Alcoota),F,NT,606.0,454.0,0.0,454,0.75,Diesel,2023
Epenarra (Wutunugurra),F,NT,727.0,601.0,0.0,601,0.83,Diesel,2023
Eva Valley,F,NT,326.0,266.0,0.0,266,0.82,Diesel,2023
Galiwinku (Elcho Island),F,NT,8481.0,5312.0,0.0,5312,0.63,Diesel,2023
Gapuwiyak (Lake Evella),F,NT,3697.0,2267.0,0.0,2267,0.61,Diesel,2023
Gunbalanya (Oenpelli),F,NT,5549.0,3547.0,0.0,3547,0.64,Diesel,2023
Ikuntji (Haasts Bluff),F,NT,615.0,534.0,0.0,534,0.87,Diesel,2023
Imangara (Murray Downs),F,NT,299.0,246.0,0.0,246,0.82,Diesel,2023
Imanpa (Mount Ebenezer),F,NT,619.0,459.0,0.0,459,0.74,Diesel,2023
Kalkaringi (Wave Hill),F,NT,2601.0,1821.0,0.0,1821,0.7,Diesel,2023
Kaltukatjara (Docker River),F,NT,1523.0,916.0,0.0,916,0.6,Diesel,2023
Lajamanu (Hooker Creek),F,NT,3331.0,1891.0,0.0,1891,0.57,Diesel,2023
Laramba (Napperby),F,NT,988.0,697.0,0.0,697,0.71,Diesel,2023
Maningrida,F,NT,10237.0,6064.0,0.0,6064,0.59,Diesel,2023
Milikapiti (Snake Bay),F,NT,2502.0,1985.0,0.0,1985,0.79,Diesel,2023
Milingimbi,F,NT,3969.0,2480.0,0.0,2480,0.62,Diesel,2023
Milyakburra (Bickerton Island),F,NT,902.0,575.0,0.0,575,0.64,Diesel,2023
Minjilang (Croker Island),F,NT,1355.0,862.0,0.0,862,0.64,Diesel,2023
Minyerri (Hodgson Downs),F,NT,2379.0,1533.0,0.0,1533,0.64,Diesel,2023
Nauiyu Nambiyu (Daly River),F,NT,3242.0,1202.0,0.0,1202,0.37,Solar,2023
Nguiu (Bathurst Island),F,NT,7634.0,4798.0,0.0,4798,0.63,Diesel,2023
Ngukurr (Roper River),F,NT,5564.0,3626.0,0.0,3626,0.65,Diesel,2023
Numbulwar (Rose River),F,NT,3063.0,2157.0,0.0,2157,0.7,Diesel,2023
Nyirripi (Waite Creek),F,NT,974.0,532.0,0.0,532,0.55,Diesel,2023
Orwaitilla (Canteen Creek),F,NT,754.0,559.0,0.0,559,0.74,Diesel,2023
Palumpa,F,NT,1635.0,1119.0,0.0,1119,0.68,Diesel,2023
Papunya,F,NT,1941.0,1384.0,0.0,1384,0.71,Diesel,2023
Peppimenarti,F,NT,1253.0,858.0,0.0,858,0.68,Diesel,2023
Pidgeon Hole,F,NT,403.0,319.0,0.0,319,0.79,Diesel,2023
Pirlangimpi (Garden Point),F,NT,2241.0,1776.0,0.0,1776,0.79,Diesel,2023
Ramingining,F,NT,4553.0,2871.0,0.0,2871,0.63,Diesel,2023
Robinson River,F,NT,1131.0,825.0,0.0,825,0.73,Diesel,2023
Tara (Neutral Junction),F,NT,330.0,266.0,0.0,266,0.81,Diesel,2023
Ti Tree Generation,F,NT,2469.0,1784.0,0.0,1784,0.72,Diesel,2023
Timber Creek,F,NT,2737.0,1787.0,0.0,1787,0.65,Diesel,2023
Titjikala (Maryvale),F,NT,958.0,306.0,0.0,306,0.32,Diesel,2023
Umbakumba,F,NT,2996.0,2199.0,0.0,2199,0.73,Diesel,2023
Wadeye (Port Keats),F,NT,9507.0,6377.0,0.0,6377,0.67,Gas,2023
Walungurru (Kintore),F,NT,1791.0,1082.0,0.0,1082,0.6,Diesel,2023
Warruwi (Goulburn Is),F,NT,2149.0,1348.0,0.0,1348,0.63,Diesel,2023
Wilora (Stirling),F,NT,271.0,227.0,0.0,227,0.84,Diesel,2023
Wirliyatjarrayi (Willowra),F,NT,942.0,686.0,0.0,686,0.73,Diesel,2023
Yarralin,F,NT,1453.0,996.0,0.0,996,0.69,Diesel,2023
Yuendumu,F,NT,4682.0,2869.0,0.0,2869,0.61,Diesel,2023
Channel Island Power Station,F,NT,768011.0,471504.0,0.0,471504,0.61,Gas,2023
Katherine Power Station,F,NT,25984.0,19337.0,0.0,19337,0.74,Gas,2023
Kings Canyon,F,NT,1850.0,1359.0,0.0,1359,0.73,Solar,2023
Owen Springs Power Station,F,NT,132669.0,71828.0,0.0,71828,0.54,Gas,2023
Ron Goodin Power Station,F,NT,51868.0,40570.0,0.0,40570,0.78,Gas,2023
Tennant Creek Power Station,F,NT,29546.0,20485.0,0.0,20485,0.69,Gas,2023
Weddell Power Station,F,NT,447740.0,251486.0,0.0,251486,0.56,Gas,2023
Yulara Power Station,F,NT,17784.0,13560.0,0.0,13560,0.76,Gas,2023
Visy Energy - Coolaroo Co-gen,F,VIC,20822.0,19184.0,9431.0,28615,0.92,Biofuel,2023
Chepstowe Wind Farm,F,ACT,16331.0,0.0,11.0,11,0.0,Wind,2023
Diapur Wind Farm,F,ACT,38935.0,0.0,23.0,23,0.0,Wind,2023
Ferguson Wind Farm,F,ACT,43566.0,0.0,50.0,50,0.0,Wind,2023
Maroona Wind Farm,F,VIC,26006.0,0.0,23.0,23,0.0,Wind,2023
Mortons Lane Wind Farm,F,ACT,59940.0,0.0,40.0,40,0.0,Wind,2023
Condamine Power Station,F,QLD,105522.0,47941.0,4452.0,52393,0.45,Gas,2023
Blue Rock,F,VIC,12256.0,0.0,0.0,0,0.0,Hydro,2023
Cardinia,F,VIC,14857.0,0.0,14.0,14,0.0,Hydro,2023
Cue Town Power Station,F,WA,3373.0,2347.0,0.0,2347,0.7,Diesel,2023
Esperance Town Power Station,F,WA,89275.0,32534.0,0.0,32534,0.36,Gas,2023
Meekatharra Solar Farm,F,WA,400.0,0.0,0.0,0,0.0,Solar,2023
Meekatharra Town Power Station,F,WA,6312.0,4361.0,0.0,4361,0.69,Diesel,2023
Mt Magnet Town Power Station,F,WA,4162.0,2560.0,0.0,2560,0.62,Gas,2023
Norseman Power Station,F,WA,32158.0,22210.0,0.0,22210,0.69,Diesel,2023
Nova Power Station,F,VIC,9743.0,5260.0,0.0,5260,0.54,Gas,2023
Sandstone Town Power Station,F,WA,737.0,563.0,0.0,563,0.76,Diesel,2023
Wiluna Town Power Station,F,WA,2402.0,1536.0,0.0,1536,0.64,Diesel,2023
Yalgoo Town Power Station,F,WA,981.0,791.0,0.0,791,0.81,Diesel,2023
MSF,F,SA,10598.0,0.0,7.0,7,0.0,Solar,2023
PAP1,F,SA,1630.0,0.0,75.0,75,0.0,Solar,2023
TWWF,F,VIC,26106.0,0.0,26.0,26,0.0,Solar,2023
YWF,F,VIC,29378.0,0.0,32.0,32,0.0,Solar,2023
Collector Wind Farm,F,NSW,549463.0,28.0,1323.0,1351,0.0,Solar,2023
Kemerton Power Station,F,WA,694109.0,462989.0,1393.0,464382,0.67,Gas,2023
Mount Emerald Wind Farm,F,QLD,435664.0,28.0,1307.0,1335,0.0,Wind,2023
Ratch-Australia Collinsville Solar PV,F,QLD,87052.0,36.0,144.0,180,0.0,Solar,2023
Starfish Hill Wind Farm,F,SA,80582.0,24.0,109.0,133,0.0,Wind,2023
Toora Wind Farm,F,VIC,48484.0,21.0,354.0,375,0.0,Wind,2023
Townsville Power Station,F,QLD,152348.0,92105.0,1782.0,93887,0.6,Coal Seam Methane,2023
Windy Hill Wind Farm,F,QLD,20086.0,21.0,22.0,43,0.0,Wind,2023
Carnarvon Power Station & Distribution network,F,WA,39595.0,23374.0,11.0,23385,0.59,Gas,2023
Denham Power Station & Denham Distribution network,F,WA,5778.0,2402.0,0.0,2402,0.42,Diesel,2023
Gascoyne Junction Power Station & Distribution network,F,WA,735.0,614.0,0.0,614,0.84,Diesel,2023
Kalumburu Power Station & Distribution network,F,WA,2427.0,874.0,0.0,874,0.36,Diesel,2023
Karratha Temporary Generation Power Station,F,WA,432.0,601.0,0.0,601,1.39,Gas,2023
Kununurra Power Station & Kununurra Distribution network,F,WA,12.0,67.0,0.0,67,5.58,Diesel,2023
Lake Argyle Power Station & Lake Argyle Distribution Network,F,WA,0.0,0.0,0.0,0,0.0,Hydro,2023
Laverton Power Station & Distribution Network,F,WA,4128.0,2725.0,0.0,2725,0.66,Diesel,2023
Marble Bar Power Station & Marble Bar Distribution network,F,WA,2115.0,1144.0,0.0,1144,0.54,Diesel,2023
Menzies Power Station & Distribution Network,F,WA,725.0,547.0,0.0,547,0.75,Diesel,2023
Murchison Radio Astronomy Power Station and Distribution Network,F,WA,3136.0,2209.0,0.0,2209,0.7,Diesel,2023
Nullagine Power Station & Nullagine Distribution network,F,WA,1183.0,657.0,0.0,657,0.56,Diesel,2023
Onslow Power Station & Onslow Distribution Network,F,WA,19595.0,9533.0,0.0,9533,0.49,Gas,2023
Wyndham Power Station & Distribution network,F,WA,36.0,26.0,0.0,26,0.72,Diesel,2023
Yungngora Power Station & Yungngora Distribution Network,F,WA,1837.0,1186.0,0.0,1186,0.65,Diesel,2023
Cape Lambert Power Station,F,WA,233360.0,141935.0,0.0,141935,0.61,Gas,2023
Paraburdoo Power Station,F,WA,541351.0,270649.0,0.0,270649,0.5,Gas,2023
West Angelas Power Station,F,WA,400678.0,211291.0,0.0,211291,0.53,Gas,2023
Yurralyi Maya Power Station,F,WA,661895.0,388022.0,0.0,388022,0.59,Gas,2023
Yarranlea Solar Farm,F,QLD,217176.0,35.0,0.0,35,0.0,Solar,2023
Limondale Solar Farm,F,NSW,443762.0,101.0,2306.0,2407,0.0,Solar,2023
Salt Creek Wind Farm,F,VIC,142497.0,37.0,361.0,398,0.0,Wind,2023
Wilga Park Power Station,F,NSW,143670.0,81776.0,4.0,81780,0.57,Coal Seam Methane,2023
Sebastopol Solar Farm,F,NSW,196991.0,18.0,0.0,18,0.0,Solar,2023
Baking Board Solar Farm,F,QLD,35416.0,16.0,65.0,81,0.0,Solar,2023
Karratha Solar Farm,F,WA,1768.0,0.0,6.0,6,0.0,Solar,2023
Maryrorough Solar Farm,F,QLD,59887.0,15.0,92.0,107,0.0,Solar,2023
Mount Majura Solar Farm,F,ACT,3941.0,0.0,1.0,1,0.0,Solar,2023
Swan Hill Solar Farm,F,VIC,30760.0,2.0,55.0,57,0.0,Solar,2023
Williamsdale Solar Farm,F,ACT,16771.0,2.0,54.0,56,0.0,Solar,2023
Vales Point Power Station,F,NSW,6991533.0,6905352.0,69283.0,6974635,0.99,Black Coal,2023
Gangarri Solar Farm,F,QLD,176158.0,192.0,639.0,831,0.0,Solar,2023
Newgen Neerabup Power Station,F,WA,338730.0,233084.0,2138.0,235222,0.69,Gas,2023
Oakey Power Station,F,QLD,113377.0,72058.0,2075.0,74133,0.64,Gas,2023
Musselroe Wind Farm Pty LTd,F,TAS,510078.0,163.0,176.0,339,0.0,Wind,2023
Woolnorth Bluff Point Wind Farm Pty Ltd,F,TAS,240044.0,79.0,83.0,162,0.0,Wind,2023
Woolnorth Studland Bay Wind Farm Pty Ltd,F,TAS,252212.0,175.0,86.0,261,0.0,Wind,2023
Snowtown Wind Farm,F,SA,309976.0,126.0,207.0,333,0.0,Wind,2023
Angaston Power Station,F,SA,6704.0,4429.0,315.0,4744,0.66,Diesel,2023
Colongra Power Station,F,NSW,212154.0,130638.0,5465.0,136103,0.62,Gas,2023
HEZ Power Station,F,NSW,727.0,403.0,581.0,984,0.55,Gas,2023
Laverton North Power Station,F,VIC,106312.0,69967.0,3059.0,73026,0.66,Gas,2023
Lonsdale/Port Stanvac Power Station,F,SA,8886.0,5997.0,438.0,6435,0.67,Diesel,2023
Snowy Hydro Ltd,F,NSW,4750644.0,2983.0,497837.0,500820,0.0,Hydro,2023
Valley Power,F,VIC,29621.0,27872.0,2129.0,30001,0.94,Gas,2023
Bomen Solar Farm,F,NSW,195470.0,11.0,615.0,626,0.0,Solar,2023
Challicum Hills Wind Farm,F,VIC,130041.0,115.0,158.0,273,0.0,Wind,2023
Clements Gap Wind Farm,F,SA,177986.0,40.0,111.0,151,0.0,Wind,2023
Codrington Wind Farm,F,VIC,43225.0,44.0,57.0,101,0.0,Wind,2023
Crowlands Wind Farm,F,VIC,243244.0,65.0,600.0,665,0.0,Wind,2023
Eildon Pondage Hydro,F,VIC,12658.0,5.0,2.0,7,0.0,Hydro,2023
Glenmaggie Hydro,F,VIC,13483.0,8.0,2.0,10,0.0,Hydro,2023
Haughton Solar Farm,F,QLD,234832.0,110.0,1661.0,1771,0.0,Solar,2023
Ord Hydro,F,WA,71316.0,39.0,26.0,65,0.0,Hydro,2023
Portland Wind Farms,F,VIC,492638.0,164.0,221.0,385,0.0,Wind,2023
Taralga Wind Farm,F,NSW,243134.0,96.0,697.0,793,0.0,Wind,2023
The Drop Hydro,F,NSW,4594.0,4.0,9.0,13,0.0,Hydro,2023
William Hovell Hydro,F,VIC,7193.0,7.0,6.0,13,0.0,Hydro,2023
Yaloak South Wind Farm,F,VIC,73492.0,40.0,70.0,110,0.0,Wind,2023
Yambuk Wind Farm,F,VIC,94452.0,48.0,158.0,206,0.0,Wind,2023
Albany Windfarm,F,WA,85783.0,22.0,47.0,69,0.0,Wind,2023
Mackay Gas Turbine,F,QLD,0.0,0.0,0.0,0,0.0,Diesel,2023
Stanwell Power Station,F,QLD,9370552.0,8031094.0,7975.0,8039069,0.86,Black Coal,2023
Tarong Power Stations,F,QLD,11604514.0,10255194.0,43054.0,10298248,0.88,Black Coal,2023
Stockyard Wind Farm,F,VIC,1517912.0,160.0,4896.0,5056,0.0,Wind,2023
Merredin Solar Farm,F,WA,236233.0,30.0,324.0,354,0.0,Solar,2023
Sunraysia Solar Farm,F,NSW,371814.0,30.0,4301.0,4331,0.0,Solar,2023
Moranbah Power Station,F,QLD,26451.0,14816.0,0.0,14816,0.56,Coal Seam Methane,2023
Greenough River Solar Farm,F,WA,95299.0,7.0,150.0,157,0.0,Solar,2023
Gunnedah Solar Farm,F,NSW,180000.0,0.0,0.0,0,0.0,Solar,2023
Suntop Solar Farm,F,NSW,299000.0,0.0,0.0,0,0.0,Solar,2023
Snowtown South Wind Farm Pty Ltd,F,SA,436857.0,29.0,70.0,99,0.0,Wind,2023
Snowtown Wind Farm Stage 2 Pty Ltd,F,SA,435030.0,33.0,98.0,131,0.0,Wind,2023
Kiamal Solar Farm,F,VIC,261488.0,145.0,4083.0,4228,0.0,Solar,2023
Kalgoorlie Power Station,F,WA,245295.0,137865.0,0.0,137865,0.56,Gas,2023
Kambalda Power Station,F,WA,262980.0,146527.0,0.0,146527,0.56,Gas,2023
Leinster Power Station,F,WA,246261.0,135634.0,0.0,135634,0.55,Gas,2023
Mt Keith Power Station,F,WA,289042.0,165136.0,0.0,165136,0.57,Gas,2023
South Hedland Power Station,F,WA,554563.0,270158.0,0.0,270158,0.49,Gas,2023
Tailem Bend Solar farm,F,SA,162613.0,75.0,366.0,441,0.0,Solar,2023
Rocky Point Sugar Mill Cogeneration,F,QLD,32467.0,1439.0,1099.0,2538,0.04,Bagasse,2023
Cocos Keeling Islands - Home Island Generation,F,WA,2278.0,1596.0,0.0,1596,0.7,Diesel,2023
Cocos Keeling Islands - West Island Generation,F,WA,2632.0,2433.0,0.0,2433,0.92,Diesel,2023
West Wyalong SF,F,NSW,61261.0,234.0,388.0,622,0.0,Solar,2023
Wild Cattle Hill Wind Farm,F,TAS,428260.0,110.0,158.0,268,0.0,Wind,2023
Winton Solar Farm,F,VIC,150661.0,33.0,0.0,33,0.0,Solar,2023
Glenrowan West Solar Farm,F,VIC,215292.0,60.0,573.0,633,0.0,Solar,2023
Woolooga SF,F,QLD,212328.0,240.0,2151.0,2391,0.0,Solar,2023
YPF UTILITIES PRODUCTION AND SUPPLY,F,WA,22122.0,15999.0,0.0,15999,0.72,Gas,2023
YATPOOL SOLAR FARM,F,VIC,153049.0,0.0,387.0,387,0.0,Solar,2023
Cathedral Rocks Wind Farm,F,SA,133874.0,57.0,127.0,184,0.0,Wind,2024
Gunning Wind Farm,F,NSW,136502.0,50.0,218.0,268,0.0,Wind,2024
Mortlake South Wind Farm,F,VIC,283153.0,202.0,1128.0,1330,0.0,Wind,2024
Mt Gellibrand Wind Farm,F,VIC,284847.0,99.0,1273.0,1372,0.0,Wind,2024
Waubra Wind Farm,F,VIC,543046.0,186.0,1114.0,1300,0.0,Wind,2024
New England Solar Farm,F,NSW,822340.0,53.0,4108.0,4161,0.0,Solar,2024
Adani Rugby Run Solar Farm,F,QLD,158387.0,0.0,515.0,515,0.0,Solar,2024
Banimboola Hydro,F,VIC,25490.0,0.0,13.0,13,0.0,Hydro,2024
Barker Inlet Power Station,F,SA,284769.0,163814.0,1911.0,165725,0.58,Gas,2024
Bayswater Power Station,F,NSW,15546296.0,13678909.0,33810.0,13712719,0.88,Black Coal,2024
Bogong Power Station,F,VIC,53819.0,0.0,698.0,698,0.0,Hydro,2024
Broken Hill Solar Plant,F,NSW,107412.0,83.0,283.0,366,0.0,Solar,2024
Burrendong Hydro,F,NSW,44754.0,0.0,48.0,48,0.0,Hydro,2024
Clover Hydro,F,VIC,43317.0,0.0,197.0,197,0.0,Hydro,2024
Coopers Gap Wind Farm,F,QLD,1285781.0,152.0,1045.0,1197,0.0,Wind,2024
Copeton Hydro,F,NSW,50533.0,0.0,39.0,39,0.0,Hydro,2024
Dartmouth Hydro,F,VIC,275462.0,0.0,120.0,120,0.0,Hydro,2024
Eildon Hydro,F,VIC,228691.0,0.0,28.0,28,0.0,Hydro,2024
Glenbawn Hydro,F,NSW,0.0,0.0,8.0,8,0.0,Hydro,2024
Hallett (Stage 1) Wind Farm,F,SA,205313.0,56.0,168.0,224,0.0,Wind,2024
Hallett (Stage 2) Wind Farm,F,SA,176306.0,96.0,133.0,229,0.0,Wind,2024
Hallett (Stage 4) Wind Farm,F,SA,342845.0,163.0,259.0,422,0.0,Wind,2024
Hallett (Stage 5) Wind Farm,F,SA,98273.0,42.0,139.0,181,0.0,Wind,2024
Kwinana Swift Power Station,F,WA,111225.0,64886.0,72.0,64958,0.58,Gas,2024
Loy Yang Power Station and Mine,F,VIC,15689642.0,18531075.0,192632.0,18723707,1.18,Brown Coal,2024
Macarthur Wind Farm,F,VIC,654584.0,4369.0,2771.0,7140,0.01,Wind,2024
McKay Creek Hydro,F,VIC,81944.0,0.0,1291.0,1291,0.0,Hydro,2024
Nyngan Solar Plant,F,NSW,227900.0,156.0,580.0,736,0.0,Solar,2024
Oaklands Hill Wind Farm,F,VIC,123933.0,73.0,438.0,511,0.0,Wind,2024
Pindari Hydro,F,NSW,7775.0,0.0,0.0,0,0.0,Hydro,2024
Rubicon Hydro Scheme,F,VIC,2655.0,0.0,173.0,173,0.0,Hydro,2024
Silverton Wind Farm,F,NSW,597643.0,80.0,472.0,552,0.0,Wind,2024
Somerton Power Station,F,VIC,34463.0,26395.0,1244.0,27639,0.77,Gas,2024
Torrens Island Power Station,F,SA,626192.0,370328.0,5859.0,376187,0.59,Gas,2024
Wattle Point Wind Farm,F,SA,226774.0,61.0,97.0,158,0.0,Wind,2024
West Kiewa Hydro,F,VIC,173373.0,0.0,427.0,427,0.0,Hydro,2024
Yarrawonga Hydro,F,VIC,45107.0,0.0,12.0,12,0.0,Hydro,2024
Alinta Pinjarra Generation Facility,F,WA,1519509.0,1191948.0,229.0,1192177,0.78,Gas,2024
Bairnsdale Power Station,F,VIC,62804.0,33601.0,529.0,34130,0.54,Gas,2024
Braemar Power Station,F,QLD,294334.0,171732.0,1803.0,173535,0.58,Coal Seam Methane,2024
Loy Yang B Power Station,F,VIC,8477005.0,9642473.0,1482.0,9643955,1.14,Brown Coal,2024
Wagerup Power Station,F,WA,812326.0,483711.0,2495.0,486206,0.6,Gas,2024
Yandin Wind Farm,F,WA,834082.0,153.0,463.0,616,0.0,Wind,2024
Hillston Sun Farm,F,NSW,192986.0,75.0,902.0,977,0.0,Solar,2024
Molong Solar Farm,F,NSW,31963.0,37.0,458.0,495,0.0,Solar,2024
Badgingarra Solar Farm,F,WA,40736.0,2.0,42.0,44,0.0,Solar,2024
Badgingarra Wind Farm,F,WA,489173.0,25.0,239.0,264,0.0,Wind,2024
Darling Downs Solar Farm,F,QLD,210437.0,12.0,608.0,620,0.0,Solar,2024
Diamantina Power Station,F,QLD,1507037.0,644543.0,149.0,644692,0.43,Gas,2024
Dugald River Solar Farm,F,QLD,141825.0,0.0,0.0,0,0.0,Solar,2024
Emu Downs Solar Farm,F,WA,47385.0,6.0,52.0,58,0.0,Solar,2024
Emu Downs Wind Farm,F,WA,249647.0,47.0,214.0,261,0.0,Wind,2024
Newman Power Station,F,WA,860703.0,376230.0,0.0,376230,0.44,Gas,2024
Port Hedland Power Station,F,WA,449612.0,340466.0,0.0,340466,0.76,Gas,2024
Braemar 2 Power Station,F,QLD,360156.0,209697.0,4459.0,214156,0.58,Coal Seam Methane,2024
Karratha Power Station,F,WA,75862.0,53106.0,170.0,53276,0.7,Gas,2024
Osborne facility,F,SA,376204.0,156932.0,2527.0,159459,0.42,Gas,2024
Childers Solar Farm,F,QLD,97246.0,14.0,262.0,276,0.0,Solar,2024
Susan River Solar Farm,F,QLD,133683.0,20.0,341.0,361,0.0,Solar,2024
The Daydream Solar Farm Trust,F,QLD,331828.0,184.0,414.0,598,0.0,Solar,2024
The Hayman Solar Farm Trust,F,QLD,96991.0,19.0,149.0,168,0.0,Solar,2024
KARADOC SOLAR FARM,F,VIC,127782.0,67.0,299.0,366,0.0,Solar,2024
Kiata Wind Farm,F,VIC,101050.0,21.0,393.0,414,0.0,Wind,2024
Nevertire Solar Farm,F,NSW,244086.0,15.0,550.0,565,0.0,Solar,2024
Facility,F,VIC,468930.0,101.0,787.0,888,0.0,Wind,2024
Bald Hills Wind Farm Pty Ltd,F,VIC,320783.0,40.0,619.0,659,0.0,Wind,2024
Beryl Solar Farm,F,NSW,192828.0,52.0,563.0,615,0.0,Solar,2024
Manildra Solar Farm,F,NSW,47546.0,21.0,148.0,169,0.0,Solar,2024
Warradarge Wind Farm,F,WA,629934.0,178.0,522.0,700,0.0,Wind,2024
Gullen Solar Pty Ltd,F,NSW,19818.0,3.0,34.0,37,0.0,Solar,2024
New Gullen Range Wind Farm Pty Ltd,F,NSW,400938.0,56.0,421.0,477,0.0,Wind,2024
Newtricity Developments Biala Pty Ltd,F,NSW,325153.0,24.0,1232.0,1256,0.0,Wind,2024
Yarnima Power Station,F,WA,805805.0,347643.0,0.0,347643,0.43,Gas,2024
Bluewaters Power 1,F,WA,1517623.0,1352311.0,900.0,1353211,0.89,Black Coal,2024
Bluewaters Power 2,F,WA,1370375.0,1238252.0,1835.0,1240087,0.9,Black Coal,2024
Callide B Power Station,F,QLD,4273452.0,4004358.0,23803.0,4028161,0.94,Black Coal,2024
Chinchilla BESS,F,QLD,0.0,0.0,0.0,0,0.0,Battery,2024
Kogan Creek Power Station,F,QLD,5478078.0,4520575.0,1897.0,4522472,0.83,Black Coal,2024
Canunda Wind Farm,F,SA,97427.0,17.0,95.0,112,0.0,Wind,2024
Broadwater Power Plant,F,NSW,154431.0,4722.0,1676.0,6398,0.03,Wood,2024
Condong Power Plant,F,NSW,145472.0,3943.0,1607.0,5550,0.03,Wood,2024
Facility,F,VIC,73823.0,27.0,83.0,110,0.0,Wind,2024
White Rock Wind Farm Pty Ltd,F,NSW,433264.0,58.0,398.0,456,0.0,Wind,2024
Cherry Tree Wind Farm Pty Ltd,F,VIC,176338.0,20.0,451.0,471,0.0,Wind,2024
Glenrowan Solar Farm Pty Ltd,F,VIC,86505.0,5.0,838.0,843,0.0,Solar,2024
Clare Solar Farm,F,QLD,151781.0,65.0,706.0,771,0.0,Solar,2024
Barron Gorge Power Station,F,QLD,93871.0,239.0,614.0,853,0.0,Hydro,2024
Kareeya Power Station,F,QLD,587254.0,101.0,1402.0,1503,0.0,Hydro,2024
Swanbank E Power Station,F,QLD,649465.0,253770.0,4340.0,258110,0.39,Gas,2024
Wivenhoe Power Station,F,QLD,632159.0,16.0,684673.0,684689,0.0,Hydro,2024
Cullerin Range Wind Farm,F,NSW,87240.0,14.0,82.0,96,0.0,Wind,2024
Collgar Wind Farm,F,WA,640602.0,164.0,821.0,985,0.0,Wind,2024
Royalla Solar Farm,F,ACT,34132.0,0.0,148.0,148,0.0,Solar,2024
Dundonnell Wind Farm,F,VIC,879789.0,222.0,2334.0,2556,0.0,Wind,2024
Darlington Point Solar Farm Pty Ltd,F,NSW,587100.0,151.0,0.0,151,0.0,Solar,2024
Gannawarra Solar Farm Pty Ltd,F,VIC,106076.0,25.0,0.0,25,0.0,Solar,2024
GESS ProjectCo Pty Ltd,F,VIC,0.0,15.0,2264.0,2279,0.0,Battery,2024
Hamilton Solar Farm Pty Ltd,F,NT,116555.0,31.0,0.0,31,0.0,Solar,2024
The DPESS Trust,F,NSW,0.0,2.0,1302.0,1304,0.0,Battery,2024
The RESS 1 Trust,F,NSW,0.0,7.0,3725.0,3732,0.0,Battery,2024
The RESS 2 Trust,F,NSW,0.0,7.0,3647.0,3654,0.0,Battery,2024
Glennies Creek WCMG Power Station,F,NSW,40816.0,21468.0,7.0,21475,0.53,Waste Coal Mine Gas,2024
Oaky Creek II WCMG Power Station,F,QLD,93833.0,53297.0,11.0,53308,0.57,Waste Coal Mine Gas,2024
Oaky Creek WCMG Power Station,F,QLD,108262.0,56189.0,38.0,56227,0.52,Waste Coal Mine Gas,2024
Tahmoor WCMG Power Station,F,NSW,35919.0,20435.0,14.0,20449,0.57,Waste Coal Mine Gas,2024
Appin CSM Power Station,F,NSW,228314.0,146960.0,8.0,146968,0.64,Waste Coal Mine Gas,2024
Tower CSM Power Station,F,NSW,137884.0,91695.0,49.0,91744,0.67,Waste Coal Mine Gas,2024
German Creek CMM Power Station,F,QLD,143637.0,80445.0,27.0,80472,0.56,Waste Coal Mine Gas,2024
Jabiru Power Station,F,NT,13897.0,4960.0,0.0,4960,0.36,Diesel,2024
Eastern Creek LFG Power Station,F,NSW,3907.0,288.0,15.0,303,0.07,Landfill Gas,2024
Grange Avenue LFG Power Station,F,NSW,780.0,75.0,17.0,92,0.1,Landfill Gas,2024
Jack's Gully LFG Power Station,F,NSW,6097.0,483.0,8.0,491,0.08,Landfill Gas,2024
Lucas Heights 1 LFG Power Station,F,NSW,21514.0,1673.0,3.0,1676,0.08,Landfill Gas,2024
Lucas Heights 2 LFG Power Station,F,NSW,117953.0,9589.0,4.0,9593,0.08,Landfill Gas,2024
Browns Plains LFG Power Station,F,QLD,15223.0,1161.0,1.0,1162,0.08,Landfill Gas,2024
Wingfield 1 LFG Power Station,F,SA,4037.0,785.0,3.0,788,0.19,Landfill Gas,2024
Wingfield 2 LFG Power Station,F,SA,16006.0,1222.0,1.0,1223,0.08,Landfill Gas,2024
Berwick LFG Power Station,F,VIC,0.0,0.0,0.0,0,0.0,Landfill Gas,2024
Broadmeadows LFG Power Station,F,VIC,214.0,19.0,4.0,23,0.09,Landfill Gas,2024
Brooklyn LFG Power Station,F,VIC,4729.0,363.0,5.0,368,0.08,Landfill Gas,2024
Clayton LFG Power Station,F,VIC,53413.0,3519.0,3.0,3522,0.07,Landfill Gas,2024
Corio LFG Power Station,F,VIC,0.0,0.0,0.0,0,0.0,Landfill Gas,2024
Springvale LFG Power Station,F,VIC,0.0,0.0,4.0,4,0.0,Landfill Gas,2024
McArthur River Power Station,F,NT,292912.0,153074.0,0.0,153074,0.52,Gas,2024
Pine Creek A Power Station,F,NT,215646.0,100836.0,0.0,100836,0.47,Gas,2024
Broome LNG Power Station,F,WA,142676.0,80902.0,20.0,80922,0.57,Gas,2024
Derby LNG Power Station,F,WA,34510.0,21034.0,0.0,21034,0.61,Gas,2024
Fitzroy Crossing LNG Power Station,F,WA,14956.0,9331.0,0.0,9331,0.62,Gas,2024
Halls Creek LNG Power Station,F,WA,11484.0,7543.0,0.0,7543,0.66,Gas,2024
Looma NGD power Station,F,WA,2867.0,2123.0,0.0,2123,0.74,Diesel,2024
Grosvenor 1 WCMG Power Station,F,QLD,130160.0,72247.0,16.0,72263,0.56,Waste Coal Mine Gas,2024
Grosvenor 2 WCMG Power Station,F,QLD,88294.0,50317.0,7.0,50324,0.57,Waste Coal Mine Gas,2024
Moranbah North CMM Power Station,F,QLD,419434.0,242988.0,6.0,242994,0.58,Waste Coal Mine Gas,2024
Alkimos Beach Community Battery,F,WA,0.0,1.0,17.0,18,0.0,Battery,2024
Bremer Bay Wind Diesel Power Station,F,WA,1773.0,33.0,0.0,33,0.02,Wind,2024
Cockburn Power Station,F,WA,807311.0,307892.0,0.0,307892,0.38,Gas,2024
Collie Power Station,F,WA,966990.0,920053.0,2651.0,922704,0.95,Black Coal,2024
Coral Bay Wind Diesel Power Station,F,WA,3214.0,1264.0,0.0,1264,0.39,Diesel,2024
Hopetoun Wind Diesel Power Station,F,WA,5405.0,2434.0,0.0,2434,0.45,Diesel,2024
Kalbarri Wind Farm,F,WA,2144.0,0.0,0.0,0,0.0,Wind,2024
Kalgoorlie Gas Turbine Station,F,WA,8621.0,8159.0,0.0,8159,0.95,Gas,2024
Kwinana Battery Energy Storage Site,F,WA,0.0,609.0,5789.0,6398,0.0,Battery,2024
Kwinana Power Station,F,WA,861203.0,455259.0,281.0,455540,0.53,Gas,2024
Muja Power Station,F,WA,3200546.0,3091936.0,864.0,3092800,0.97,Black Coal,2024
Mungarra Gas Turbine Station,F,WA,5988.0,4537.0,0.0,4537,0.76,Gas,2024
Pinjar Gas Turbine Station,F,WA,551162.0,569715.0,0.0,569715,1.03,Gas,2024
VPP4S,F,WA,0.0,0.0,73.0,73,0.0,Battery,2024
Ravensthorpe Power Station,F,WA,503.0,363.0,0.0,363,0.72,Diesel,2024
Bungala One Solar Farm,F,SA,211796.0,14.0,0.0,14,0.0,Solar,2024
Bungala Two Solar Farm,F,SA,228342.0,14.0,0.0,14,0.0,Solar,2024
Cohuna Solar Farm,F,VIC,28219.0,14.0,0.0,14,0.0,Solar,2024
Ardyaloon Facility,F,WA,1973.0,1420.0,0.0,1420,0.72,Diesel,2024
Beagle Bay Facility,F,WA,1798.0,1330.0,0.0,1330,0.74,Diesel,2024
Bidyadanga Facility,F,WA,3346.0,2442.0,0.0,2442,0.73,Diesel,2024
Coober Pedy Facility,F,SA,14463.0,3727.0,0.0,3727,0.26,Wind,2024
Djarindjin Facility,F,WA,2141.0,1552.0,0.0,1552,0.73,Diesel,2024
Leonora Facility,F,WA,7993.0,5500.0,0.0,5500,0.69,Gas,2024
Warmun Facility,F,WA,2596.0,1966.0,0.0,1966,0.76,Diesel,2024
Aurukun Remote generation,F,QLD,6592.0,4393.0,0.0,4393,0.67,Diesel,2024
Badu Island Remote Generation,F,QLD,3439.0,2372.0,0.0,2372,0.69,Diesel,2024
Bamaga Remote Generation,F,QLD,17500.0,11576.0,0.0,11576,0.66,Diesel,2024
Barcaldine Power Station Facility,F,QLD,5894.0,7440.0,370.0,7810,1.26,Gas,2024
Bedourie Remote Generation,F,QLD,1315.0,873.0,0.0,873,0.66,Diesel,2024
Birdsville Remote Generation,F,QLD,1536.0,980.0,0.0,980,0.64,Diesel,2024
Boigu Island Remote Generation,F,QLD,1312.0,962.0,0.0,962,0.73,Diesel,2024
Boulia Remote Generation,F,QLD,3113.0,2184.0,0.0,2184,0.7,Diesel,2024
Burketown Remote Generation,F,QLD,2392.0,1516.0,0.0,1516,0.63,Diesel,2024
Camooweal Remote Generation,F,QLD,2220.0,1523.0,0.0,1523,0.69,Diesel,2024
Coconut Island Remote Generation,F,QLD,1091.0,777.0,0.0,777,0.71,Diesel,2024
Coen Remote Generation,F,QLD,1867.0,1198.0,0.0,1198,0.64,Diesel,2024
Darnley Island Remote Generation,F,QLD,1656.0,1168.0,0.0,1168,0.71,Diesel,2024
Dauan Island Remote Generation,F,QLD,1058.0,760.0,0.0,760,0.72,Diesel,2024
Domain Shopping centre Solar Farm,F,QLD,2063.0,0.0,0.0,0,0.0,Solar,2024
Doomadgee Remote Generation,F,QLD,7501.0,4745.0,0.0,4745,0.63,Diesel,2024
Energy Impact - Bromelton Peak Generation Plant - Facility,F,QLD,1120.0,733.0,383.0,1116,0.65,Diesel,2024
Energy Impact - Generation - Facility,F,QLD,913.0,643.0,0.0,643,0.7,Diesel,2024
Grand Central Shopping Centre Solar Farm,F,QLD,1246.0,0.0,0.0,0,0.0,Solar,2024
Gununa Remote Generation,F,QLD,7003.0,4886.0,0.0,4886,0.7,Diesel,2024
Hammond Island,F,QLD,960.0,714.0,0.0,714,0.74,Diesel,2024
Jundah Remote Generation,F,QLD,1297.0,860.0,0.0,860,0.66,Diesel,2024
Kowanyama Remote Generation,F,QLD,5553.0,3664.0,0.0,3664,0.66,Diesel,2024
Kubin Island Remote Generation,F,QLD,2542.0,1662.0,0.0,1662,0.65,Diesel,2024
Lockhart River Remote Generation,F,QLD,3203.0,2157.0,0.0,2157,0.67,Diesel,2024
Logan Hyperdome Solar Farm,F,QLD,6034.0,0.0,0.0,0,0.0,Solar,2024
Mabuig Island Remote Generation,F,QLD,1174.0,868.0,0.0,868,0.74,Diesel,2024
Mapoon Remote Generation,F,QLD,1950.0,1245.0,0.0,1245,0.64,Diesel,2024
Murray Island Remote Generation,F,QLD,2057.0,1438.0,0.0,1438,0.7,Diesel,2024
Palm Island Remote Generation,F,QLD,9163.0,6433.0,0.0,6433,0.7,Diesel,2024
Pormpuraaw,F,QLD,3405.0,2302.0,0.0,2302,0.68,Diesel,2024
Robina Shopping Centre Solar Farm,F,QLD,6518.0,0.0,0.0,0,0.0,Solar,2024
Sabai Island Remote Generation,F,QLD,1847.0,1292.0,0.0,1292,0.7,Diesel,2024
Stephen Island Remote Generation,F,QLD,576.0,416.0,0.0,416,0.72,Diesel,2024
Thursday Island Remote Generation,F,QLD,28554.0,19012.0,0.0,19012,0.67,Diesel,2024
Warraber Island Remote Generation,F,QLD,1251.0,974.0,0.0,974,0.78,Diesel,2024
Wasaga Remote Generation,F,QLD,4899.0,3343.0,0.0,3343,0.68,Diesel,2024
Water Gardens Shopping Centre Solar Farm,F,VIC,2600.0,0.0,0.0,0,0.0,Solar,2024
Windorah Remote Generation,F,QLD,1278.0,842.0,0.0,842,0.66,Diesel,2024
Yam Island,F,QLD,1798.0,1202.0,0.0,1202,0.67,Diesel,2024
York Island,F,QLD,1627.0,1148.0,0.0,1148,0.71,Diesel,2024
EnergyAustralia Virtual Power Plant (EA VPP),F,VIC,0.0,0.0,0.0,0,0.0,Battery,2024
Hallett Power Station,F,SA,51908.0,43999.0,719.0,44718,0.85,Gas,2024
Jeeralang Power Station,F,VIC,45133.0,34838.0,4958.0,39796,0.77,Gas,2024
Mt Piper Power Station,F,NSW,6633318.0,5663394.0,8944.0,5672338,0.85,Black Coal,2024
Newport Power Station,F,VIC,252911.0,136733.0,19168.0,155901,0.54,Gas,2024
Tallawarra Power Station,F,NSW,606146.0,249798.0,7213.0,257011,0.41,Gas,2024
Virtual Power Plant,F,VIC,2450.0,0.0,0.0,0,0.0,Solar,2024
Yallourn Power Station,F,VIC,8006205.0,10344727.0,157353.0,10502080,1.29,Brown Coal,2024
Essential Energy Generation Facility - Broken Hill Gas Turbine,F,NSW,0.0,0.0,0.0,0,0.0,Diesel,2024
Columboola Solar Farm Hold Co Pty Ltd,F,QLD,297190.0,58.0,2676.0,2734,0.0,Solar,2024
Exmouth Power Station Pty Ltd,F,WA,27690.0,19633.0,0.0,19633,0.71,Gas,2024
Finley Solar Farm,F,NSW,272477.0,0.0,843.0,843,0.0,Solar,2024
Solomon Power Station,F,WA,630743.0,316859.0,0.0,316859,0.5,Gas,2024
Oakey 2 Solar Farm,F,QLD,99536.0,0.0,0.0,0,0.0,Solar,2024
Jemalong PV Asset Pty Ltd as Trustee for the Jemalong PV Asset Trust,F,NSW,112262.0,0.0,632.0,632,0.0,Solar,2024
Kidston Solar One - Solar – Qld,F,QLD,109889.0,0.0,1110.0,1110,0.0,Solar,2024
Clermont Solar Farm,F,QLD,160945.0,58.0,3434.0,3492,0.0,Solar,2024
Wemen Solar Farm,F,VIC,121930.0,169.0,1267.0,1436,0.0,Solar,2024
Millmerran Power Station (facility),F,QLD,5872355.0,4890774.0,3209.0,4893983,0.83,Black Coal,2024
Berrybank 2 Wind farm,F,VIC,230661.0,79.0,932.0,1011,0.0,Wind,2024
Berrybank Wind farm,F,VIC,495868.0,124.0,1064.0,1188,0.0,Wind,2024
Crookwell 2 Wind farm,F,NSW,179630.0,67.0,181.0,248,0.0,Wind,2024
Crookwell 3 Windfarm,F,NSW,0.0,867.0,0.0,867,0.0,Wind,2024
Cunderdin Solar/BESS,F,WA,0.0,831.0,0.0,831,0.0,Solar,2024
Hawkesdale Windfarm,F,VIC,371.0,429.0,67.0,496,1.16,Wind,2024
Queanbeyan Battery Energy Storage System,F,ACT,0.0,1.0,964.0,965,0.0,Battery,2024
Ryans Corner Windfarm,F,VIC,0.0,657.0,582.0,1239,0.0,Wind,2024
Parkeston Power Station,F,WA,28776.0,19164.0,0.0,19164,0.67,Gas,2024
Goonumbla Solar Farm,F,NSW,145624.0,17.0,390.0,407,0.0,Solar,2024
HUGHENDEN SOLAR FARM,F,QLD,27393.0,0.0,376.0,376,0.0,Solar,2024
Wyangala A,F,NSW,61778.0,0.0,0.0,0,0.0,Hydro,2024
Wyangala B,F,NSW,9669.0,0.0,0.0,0,0.0,Hydro,2024
Hydro Power Station - Bastyan,F,TAS,268278.0,7.0,32.0,39,0.0,Hydro,2024
Hydro Power Station - Butlers Gorge inc Nieterana,F,TAS,69067.0,6.0,104.0,110,0.0,Hydro,2024
Hydro Power Station - Catagunya,F,TAS,188179.0,14.0,31.0,45,0.0,Hydro,2024
Hydro Power Station - Cethana,F,TAS,255848.0,134.0,586.0,720,0.0,Hydro,2024
Hydro Power Station - Cluny,F,TAS,69494.0,2.0,11.0,13,0.0,Hydro,2024
Hydro Power Station - Devils Gate,F,TAS,180918.0,6.0,61.0,67,0.0,Hydro,2024
Hydro Power Station - Fisher & Rowallan,F,TAS,90401.0,11.0,151.0,162,0.0,Hydro,2024
Hydro Power Station - Gordon,F,TAS,780793.0,23.0,77.0,100,0.0,Hydro,2024
Hydro Power Station - John Butters,F,TAS,567268.0,28.0,283.0,311,0.0,Hydro,2024
Hydro Power Station - Lake Echo,F,TAS,76086.0,9.0,19.0,28,0.0,Hydro,2024
Hydro Power Station - Lake Margaret Lower,F,TAS,6179.0,0.0,3.0,3,0.0,Hydro,2024
Hydro Power Station - Lake Margaret Upper,F,TAS,33297.0,1.0,10.0,11,0.0,Hydro,2024
Hydro Power Station - Lemonthyme,F,TAS,160560.0,14.0,36.0,50,0.0,Hydro,2024
Hydro Power Station - Liapootah,F,TAS,371058.0,17.0,40.0,57,0.0,Hydro,2024
Hydro Power Station - Mackintosh,F,TAS,292258.0,121.0,379.0,500,0.0,Hydro,2024
Hydro Power Station - Meadowbank,F,TAS,119884.0,6.0,19.0,25,0.0,Hydro,2024
Hydro Power Station - Paloona,F,TAS,84876.0,8.0,10.0,18,0.0,Hydro,2024
Hydro Power Station - Parangana,F,TAS,5214.0,0.0,0.0,0,0.0,Hydro,2024
Hydro Power Station - Poatina,F,TAS,1312018.0,8.0,922.0,930,0.0,Hydro,2024
Hydro Power Station - Reece,F,TAS,759347.0,74.0,2262.0,2336,0.0,Hydro,2024
Hydro Power Station - Repulse,F,TAS,115149.0,7.0,10.0,17,0.0,Hydro,2024
Hydro Power Station - Tarraleah,F,TAS,553189.0,944.0,73.0,1017,0.0,Hydro,2024
Hydro Power Station - Tods Corner,F,TAS,0.0,0.0,4.0,4,0.0,Hydro,2024
Hydro Power Station - Trevallyn,F,TAS,344371.0,0.0,54.0,54,0.0,Hydro,2024
Hydro Power Station - Tribute,F,TAS,211796.0,24.0,39.0,63,0.0,Hydro,2024
Hydro Power Station - Tungatinah,F,TAS,376377.0,31.0,88.0,119,0.0,Hydro,2024
Hydro Power Station - Wayatinah,F,TAS,216516.0,0.0,37.0,37,0.0,Hydro,2024
Hydro Power Station - Wilmot,F,TAS,81928.0,6.0,25.0,31,0.0,Hydro,2024
Power Station - Flinders Island,F,TAS,5192.0,1769.0,0.0,1769,0.34,Wind,2024
Power Station - King Island,F,TAS,14613.0,6924.0,0.0,6924,0.47,Diesel,2024
Power Station - Tamar Valley,F,TAS,233140.0,112140.0,1100.0,113240,0.48,Gas,2024
Alinta Wind Farm,F,WA,260762.0,81.0,940.0,1021,0.0,Wind,2024
Avonlie Solar Farm,F,NSW,420062.0,89.0,2342.0,2431,0.0,Solar,2024
Bodangora Wind Farm,F,NSW,281170.0,92.0,605.0,697,0.0,Wind,2024
Bolivar Power Station,F,SA,43297.0,23494.0,209.0,23703,0.54,Gas,2024
Capital Wind Farm,F,NSW,301358.0,194.0,817.0,1011,0.0,Wind,2024
Lake Bonney BESS Pty Ltd,F,SA,0.0,5.0,605.0,610,0.0,Battery,2024
"Lake Bonney Stage 1,2 & 3 Wind Farm",F,SA,490743.0,133.0,573.0,706,0.0,Wind,2024
PAREP Wind,F,SA,758102.0,228.0,150.0,378,0.0,Wind,2024
Smithfield Gas Turbine,F,NSW,48340.0,34995.0,1088.0,36083,0.72,Gas,2024
Woodlawn Wind Farm,F,NSW,114055.0,58.0,311.0,369,0.0,Wind,2024
Ross River Solar Farm,F,QLD,250664.0,45.0,677.0,722,0.0,Solar,2024
Kennedy Energy Park Pty Ltd,F,QLD,176949.0,54.0,110.0,164,0.0,Wind,2024
Bannerton Solar Farm,F,VIC,125509.0,0.0,0.0,0,0.0,Solar,2024
Lal Lal Wind Farm,F,VIC,470269.0,130.0,2275.0,2405,0.0,Wind,2024
Kalamunda Power Station,F,WA,0.0,0.0,0.0,0,0.0,Diesel,2024
Red Hill LFG Power Station,F,WA,23882.0,1840.0,2.0,1842,0.08,Landfill Gas,2024
Tamala Park LFG Power Station,F,WA,28099.0,2162.0,2.0,2164,0.08,Landfill Gas,2024
Benaraby LFGE Station,F,QLD,8006.0,715.0,3.0,718,0.09,Landfill Gas,2024
Bunya LFGE Station,F,QLD,5323.0,626.0,0.0,626,0.12,Landfill Gas,2024
Caboolture LFGE Station,F,QLD,14500.0,1333.0,2.0,1335,0.09,Landfill Gas,2024
Dakabin LFGE Station,F,QLD,13158.0,991.0,4.0,995,0.08,Landfill Gas,2024
Maryborough LFGE Station,F,QLD,11515.0,1296.0,2.0,1298,0.11,Landfill Gas,2024
Mugga Lane LFGE Station,F,ACT,35652.0,4349.0,1.0,4350,0.12,Landfill Gas,2024
Willawong LFGE Station,F,QLD,4625.0,451.0,3.0,454,0.1,Landfill Gas,2024
Emerald Solar Park,F,QLD,102566.0,36.0,1150.0,1186,0.0,Solar,2024
Lilyvale Solar Farm,F,QLD,168595.0,57.0,573.0,630,0.0,Solar,2024
Lincoln Gap Wind Farm Operations Pty Ltd,F,SA,610325.0,39.0,4312.0,4351,0.0,Wind,2024
Albury Renewable Energy Facility,F,NSW,6764.0,519.0,1.0,520,0.08,Landfill Gas,2024
Albury Solar Facility,F,NSW,983.0,0.0,0.0,0,0.0,Solar,2024
Awaba Renewable Energy Facility,F,NSW,3504.0,265.0,5.0,270,0.08,Landfill Gas,2024
Ballarat Renewable Energy Facility,F,VIC,11353.0,872.0,0.0,872,0.08,Landfill Gas,2024
Bendigo Renewable Energy Facility,F,VIC,4232.0,303.0,0.0,303,0.07,Landfill Gas,2024
Caloundra Renewable Energy Facility,F,QLD,6811.0,487.0,2.0,489,0.07,Landfill Gas,2024
Copping Renewable Energy Facility,F,TAS,15393.0,1090.0,0.0,1090,0.07,Landfill Gas,2024
Darwin Renewable Energy Facility,F,NT,9178.0,645.0,3.0,648,0.07,Landfill Gas,2024
Drysdale Renewable Energy Facility,F,VIC,9103.0,637.0,1.0,638,0.07,Landfill Gas,2024
Eastern Creek 2 Renewable Energy Facility,F,NSW,34902.0,2527.0,1.0,2528,0.07,Landfill Gas,2024
Glenorchy Renewable Energy Facility,F,TAS,7553.0,535.0,0.0,535,0.07,Gas,2024
Hampton Park Renewable Energy Facility,F,VIC,70612.0,5115.0,3.0,5118,0.07,Landfill Gas,2024
Henderson Renewable Energy Facility,F,WA,15532.0,1048.0,13.0,1061,0.07,Landfill Gas,2024
Ipswich Renewable Energy Facility,F,QLD,2785.0,211.0,2.0,213,0.08,Landfill Gas,2024
Mc Robies Gully Renewable Energy Facility,F,TAS,4685.0,344.0,0.0,344,0.07,Landfill Gas,2024
Mornington Peninsula Renewable Energy Facility,F,VIC,4022.0,308.0,2.0,310,0.08,Landfill Gas,2024
NAWMA Renewable Energy Facility,F,SA,8082.0,582.0,1.0,583,0.07,Landfill Gas,2024
NAWMA Solar Facility,F,SA,1179.0,0.0,0.0,0,0.0,Solar,2024
Newcastle Renewable Energy Facility,F,NSW,24742.0,1872.0,0.0,1872,0.08,Landfill Gas,2024
Raymond Terrace Renewable Energy Facility,F,NSW,8575.0,643.0,2.0,645,0.07,Landfill Gas,2024
Reedy Creek Renewable Energy Facility,F,QLD,6613.0,475.0,9.0,484,0.07,Landfill Gas,2024
Remount Renewable Energy Facility,F,TAS,9193.0,659.0,0.0,659,0.07,Landfill Gas,2024
Rochedale Renewable Energy Facility,F,QLD,62954.0,4977.0,4.0,4981,0.08,Landfill Gas,2024
Rockingham Renewable Energy Facility,F,WA,7987.0,646.0,15.0,661,0.08,Landfill Gas,2024
Seaford Heights Renewable Energy Facility,F,SA,17865.0,1370.0,4.0,1374,0.08,Landfill Gas,2024
Seaford Heights Solar Facility,F,SA,694.0,0.0,0.0,0,0.0,Solar,2024
Shepparton Renewable Energy Facility,F,VIC,5620.0,418.0,1.0,419,0.07,Landfill Gas,2024
South Cardup Renewable Energy Facility,F,WA,13320.0,1067.0,1.0,1068,0.08,Landfill Gas,2024
Stapylton Renewable Energy Facility,F,QLD,27593.0,2147.0,2.0,2149,0.08,Landfill Gas,2024
Swanbank Renewable Energy Facility,F,QLD,17582.0,1302.0,19.0,1321,0.07,Landfill Gas,2024
Wollert Renewable Energy Facility,F,VIC,63425.0,4594.0,7.0,4601,0.07,Landfill Gas,2024
Woy Woy Renewable Energy Facility,F,NSW,7759.0,552.0,6.0,558,0.07,Landfill Gas,2024
Wyndham Renewable Energy Facility,F,VIC,41968.0,3081.0,5.0,3086,0.07,Landfill Gas,2024
Wyong Renewable Energy Facility,F,NSW,15407.0,1170.0,2.0,1172,0.08,Landfill Gas,2024
Wellington Solar Farm,F,NSW,382845.0,23.0,1075.0,1098,0.0,Solar,2024
Corowa Solar Farm,F,NSW,61769.0,0.0,135.0,135,0.0,Solar,2024
Junee Solar Farm,F,NSW,57854.0,0.0,200.0,200,0.0,Solar,2024
Wagga Wagga North Solar Farm,F,NSW,81929.0,0.0,269.0,269,0.0,Solar,2024
Metz Solar Farm,F,NSW,220543.0,42.0,1088.0,1130,0.0,Solar,2024
Moorabool Wind Farm Pty Ltd,F,VIC,364379.0,54.0,706.0,760,0.0,Wind,2024
Moorabool South Wind Farm Pty Ltd,F,VIC,385132.0,59.0,762.0,821,0.0,Wind,2024
Moree Solar Farm,F,SA,137268.0,24.0,586.0,610,0.0,Solar,2024
MOURA SOLAR FARM SPV PTY LTD,F,QLD,183456.0,0.0,1269.0,1269,0.0,Solar,2024
Mumbida Wind Farm Pty Ltd,F,WA,161661.0,29.0,226.0,255,0.0,Wind,2024
Murra Warra II Wind Farm,F,VIC,540119.0,85.0,1468.0,1553,0.0,Wind,2024
BULGANA GREEN POWER HUB,F,VIC,517742.0,217.0,5414.0,5631,0.0,Wind,2024
COLEAMBALLY SOLAR PTY LTD,F,NSW,313352.0,62.0,1022.0,1084,0.0,Solar,2024
DEGRUSSA SOLAR PROJECT PTY LTD,F,WA,17.0,0.0,4.0,4,0.0,Solar,2024
DUBBO SOLAR HUB PTY LTD,F,NSW,57882.0,8.0,75.0,83,0.0,Solar,2024
GRIFFITH SOLAR FARM PTY LTD,F,NSW,68084.0,6.0,86.0,92,0.0,Solar,2024
HORNSDALE POWER RESERVE PTY LTD,F,SA,0.0,203.0,2945.0,3148,0.0,Battery,2024
HWF1 Pty Ltd,F,SA,339797.0,47.0,56.0,103,0.0,Wind,2024
HWF2 Pty Ltd,F,SA,317093.0,47.0,68.0,115,0.0,Wind,2024
HWF3 PTY LTD,F,SA,331084.0,48.0,61.0,109,0.0,Wind,2024
KABAN WIND FARM PTY LTD,F,QLD,428098.0,59.0,469.0,528,0.0,Wind,2024
NUMURKAH SOLAR FARM PTY LTD,F,VIC,149369.0,42.0,927.0,969,0.0,Solar,2024
PARKES SOLAR FARM PTY LTD,F,NSW,110664.0,28.0,233.0,261,0.0,Solar,2024
VICTORIAN BIG BATTERY PTY LTD,F,VIC,0.0,573.0,19779.0,20352,0.0,Battery,2024
WESTERN DOWNS GREEN POWER HUB PTY LTD,F,QLD,804098.0,491.0,2887.0,3378,0.0,Solar,2024
Kwinana Gas Fired Power Station,F,WA,1890055.0,755148.0,650.0,755798,0.4,Gas,2024
Gladstone Power Station,F,QLD,6578199.0,6492467.0,46061.0,6538528,0.99,Black Coal,2024
Oakey 1 Solar Farm,F,QLD,43377.0,0.0,0.0,0,0.0,Solar,2024
Dulacca Wind Farm,F,QLD,531175.0,203.0,829.0,1032,0.0,Wind,2024
Ballarat Solar Park,F,VIC,341.0,0.0,1.0,1,0.0,Solar,2024
Bendigo Solar Park,F,VIC,410.0,0.0,3.0,3,0.0,Solar,2024
Darling Downs Power Station,F,QLD,1337472.0,584435.0,14540.0,598975,0.44,Gas,2024
Eraring Power Station,F,NSW,15617645.0,13535335.0,14885.0,13550220,0.87,Black Coal,2024
La Trobe,F,VIC,0.0,0.0,0.0,0,0.0,Gas,2024
Ladbroke Grove Power Station,F,SA,59153.0,30118.0,252.0,30370,0.51,Gas,2024
Mortlake Power Station,F,VIC,449318.0,251299.0,5975.0,257274,0.56,Gas,2024
Mt Stuart Power Station,F,QLD,35940.0,35233.0,3761.0,38994,0.98,Diesel,2024
Origin Energy Eraring Battery,F,NSW,0.0,616.0,22.0,638,0.0,Battery,2024
Quarantine Power Station,F,SA,121279.0,72916.0,754.0,73670,0.6,Gas,2024
Roma Power Station,F,QLD,22383.0,14958.0,821.0,15779,0.67,Gas,2024
Shoalhaven Scheme,F,NSW,107611.0,4.0,85852.0,85856,0.0,Hydro,2024
Uranquinty Power Station,F,NSW,503721.0,303987.0,3922.0,307909,0.6,Gas,2024
Granville Harbour Wind Farm,F,TAS,357236.0,30.0,95.0,125,0.0,Wind,2024
Waterloo Wind Farm,F,SA,303154.0,130.0,177.0,307,0.0,Wind,2024
Rye Park Wind Farm,F,NSW,449625.0,102.0,1771.0,1873,0.0,Wind,2024
Burrinjuck Hydro,F,NSW,111853.0,10.0,14.0,24,0.0,Hydro,2024
Hume Hydro,F,NSW,186852.0,23.0,110.0,133,0.0,Hydro,2024
Keepit Hydro,F,NSW,12647.0,9.0,0.0,9,0.0,Hydro,2024
Mt Mercer Wind farm Pty Ltd,F,VIC,257644.0,51.0,503.0,554,0.0,Wind,2024
Mt Millar Wind Farm Pty Ltd,F,SA,143830.0,36.0,6.0,42,0.0,Wind,2024
Pelican Point Power Station,F,SA,1688400.0,677090.0,2844.0,679934,0.4,Gas,2024
Cape Lambert Power Station,F,WA,180411.0,108551.0,0.0,108551,0.6,Gas,2024
Paraburdoo Power Station,F,WA,569197.0,289565.0,0.0,289565,0.51,Gas,2024
West Angelas Power Station,F,WA,371400.0,197559.0,0.0,197559,0.53,Gas,2024
Yurralyi Maya Power Station,F,WA,705557.0,410351.0,0.0,410351,0.58,Gas,2024
Snapper Point Power Station,F,SA,38462.0,26704.0,615.0,27319,0.69,Gas,2024
Alpurrurulam (Lake Nash),F,NT,1641.0,1222.0,0.0,1222,0.74,Diesel,2024
Amanbidgi (Kildurk),F,NT,423.0,390.0,0.0,390,0.92,Diesel,2024
"Ampilatwatja (Alparra, Ammaroo)",F,NT,4647.0,2935.0,0.0,2935,0.63,Diesel,2024
Amunturangu (Mount Liebig),F,NT,891.0,564.0,0.0,564,0.63,Diesel,2024
Aputula (Finke),F,NT,1161.0,717.0,0.0,717,0.62,Diesel,2024
Areyonga (Utju),F,NT,980.0,601.0,0.0,601,0.61,Diesel,2024
Atitjere (Harts Range),F,NT,988.0,590.0,0.0,590,0.6,Diesel,2024
Borroloola Generation,F,NT,6593.0,4229.0,0.0,4229,0.64,Diesel,2024
Bulla Camp,F,NT,312.0,300.0,0.0,300,0.96,Diesel,2024
Bulman,F,NT,1404.0,964.0,0.0,964,0.69,Diesel,2024
Daly Waters Generation,F,NT,1736.0,1300.0,0.0,1300,0.75,Diesel,2024
Elliot Generation,F,NT,3277.0,2345.0,0.0,2345,0.72,Gas,2024
Engawala (Alcoota),F,NT,644.0,477.0,0.0,477,0.74,Diesel,2024
Epenarra (Wutunugurra),F,NT,845.0,705.0,0.0,705,0.83,Diesel,2024
Eva Valley,F,NT,339.0,287.0,0.0,287,0.85,Diesel,2024
Galiwinku (Elcho Island),F,NT,9089.0,5873.0,0.0,5873,0.65,Diesel,2024
Gapuwiyak (Lake Evella),F,NT,3876.0,2413.0,0.0,2413,0.62,Diesel,2024
Gunbalanya (Oenpelli),F,NT,5831.0,3691.0,0.0,3691,0.63,Diesel,2024
Ikuntji (Haasts Bluff),F,NT,668.0,560.0,0.0,560,0.84,Diesel,2024
Imangara (Murray Downs),F,NT,321.0,279.0,0.0,279,0.87,Diesel,2024
Imanpa (Mount Ebenezer),F,NT,635.0,458.0,0.0,458,0.72,Diesel,2024
Kalkaringi (Wave Hill),F,NT,2809.0,1970.0,0.0,1970,0.7,Diesel,2024
Kaltukatjara (Docker River),F,NT,1629.0,955.0,0.0,955,0.59,Diesel,2024
Lajamanu (Hooker Creek),F,NT,3417.0,1982.0,0.0,1982,0.58,Diesel,2024
Laramba (Napperby),F,NT,1085.0,758.0,0.0,758,0.7,Diesel,2024
Maningrida,F,NT,10812.0,6560.0,0.0,6560,0.61,Diesel,2024
Milikapiti (Snake Bay),F,NT,2680.0,2071.0,0.0,2071,0.77,Diesel,2024
Milingimbi,F,NT,4061.0,2568.0,0.0,2568,0.63,Diesel,2024
Milyakburra (Bickerton Island),F,NT,900.0,562.0,0.0,562,0.62,Diesel,2024
Minjilang (Croker Island),F,NT,1413.0,905.0,0.0,905,0.64,Diesel,2024
Minyerri (Hodgson Downs),F,NT,2443.0,1500.0,0.0,1500,0.61,Diesel,2024
Nauiyu Nambiyu (Daly River),F,NT,3384.0,1308.0,0.0,1308,0.39,Diesel,2024
Nguiu (Bathurst Island),F,NT,7749.0,4740.0,0.0,4740,0.61,Diesel,2024
Ngukurr (Roper River),F,NT,5809.0,3842.0,0.0,3842,0.66,Diesel,2024
Numbulwar (Rose River),F,NT,3100.0,2200.0,0.0,2200,0.71,Diesel,2024
Nyirripi (Waite Creek),F,NT,1081.0,616.0,0.0,616,0.57,Diesel,2024
Orwaitilla (Canteen Creek),F,NT,800.0,587.0,0.0,587,0.73,Diesel,2024
Palumpa,F,NT,1764.0,1263.0,0.0,1263,0.72,Diesel,2024
Papunya,F,NT,2029.0,1451.0,0.0,1451,0.72,Diesel,2024
Peppimenarti,F,NT,1270.0,929.0,0.0,929,0.73,Diesel,2024
Pidgeon Hole,F,NT,617.0,489.0,0.0,489,0.79,Diesel,2024
Pirlangimpi (Garden Point),F,NT,2362.0,1836.0,0.0,1836,0.78,Diesel,2024
Ramingining,F,NT,4801.0,3007.0,0.0,3007,0.63,Diesel,2024
Robinson River,F,NT,1133.0,830.0,0.0,830,0.73,Diesel,2024
Tara (Neutral Junction),F,NT,319.0,274.0,0.0,274,0.86,Diesel,2024
Ti Tree Generation,F,NT,2498.0,1816.0,0.0,1816,0.73,Diesel,2024
Timber Creek,F,NT,2681.0,1801.0,0.0,1801,0.67,Diesel,2024
Titjikala (Maryvale),F,NT,969.0,240.0,0.0,240,0.25,Diesel,2024
Umbakumba,F,NT,3161.0,2311.0,0.0,2311,0.73,Diesel,2024
Wadeye (Port Keats),F,NT,10098.0,6721.0,0.0,6721,0.67,Gas,2024
Walungurru (Kintore),F,NT,2033.0,1212.0,0.0,1212,0.6,Diesel,2024
Warruwi (Goulburn Is),F,NT,2169.0,1372.0,0.0,1372,0.63,Diesel,2024
Wilora (Stirling),F,NT,325.0,260.0,0.0,260,0.8,Diesel,2024
Wirliyatjarrayi (Willowra),F,NT,1076.0,776.0,0.0,776,0.72,Diesel,2024
Yarralin,F,NT,1605.0,1118.0,0.0,1118,0.7,Diesel,2024
Yuendumu,F,NT,5035.0,3095.0,0.0,3095,0.61,Diesel,2024
Channel Island Power Station,F,NT,740178.0,462116.0,0.0,462116,0.62,Gas,2024
Katherine Power Station,F,NT,42776.0,29557.0,0.0,29557,0.69,Gas,2024
Kings Canyon,F,NT,1977.0,1396.0,0.0,1396,0.71,Diesel,2024
Owen Springs Power Station,F,NT,148398.0,79455.0,0.0,79455,0.54,Gas,2024
Ron Goodin Power Station,F,NT,42559.0,31811.0,0.0,31811,0.75,Gas,2024
Tennant Creek Power Station,F,NT,29313.0,22243.0,0.0,22243,0.76,Gas,2024
Weddell Power Station,F,NT,482665.0,268884.0,0.0,268884,0.56,Gas,2024
Yulara Power Station,F,NT,19458.0,14580.0,0.0,14580,0.75,Gas,2024
Visy Energy - Coolaroo Co-gen,F,VIC,20361.0,22795.0,8612.0,31407,1.12,Biofuel,2024
Chepstowe Wind Farm,F,ACT,15296.0,0.0,11.0,11,0.0,Wind,2024
Diapur Wind Farm,F,ACT,35277.0,0.0,23.0,23,0.0,Wind,2024
Ferguson Wind Farm,F,ACT,40618.0,0.0,52.0,52,0.0,Wind,2024
Maroona Wind Farm,F,VIC,22549.0,0.0,24.0,24,0.0,Wind,2024
Mortons Lane Wind Farm,F,ACT,53272.0,0.0,49.0,49,0.0,Wind,2024
Condamine Power Station,F,QLD,96152.0,52667.0,4905.0,57572,0.55,Gas,2024
Blue Rock,F,VIC,10467.0,0.0,0.0,0,0.0,Hydro,2024
Cardinia,F,VIC,4456.0,0.0,0.0,0,0.0,Hydro,2024
Cue Hub,F,WA,0.0,0.0,29.0,29,0.0,Battery,2024
Cue Town Power Station,F,WA,3419.0,2352.0,0.0,2352,0.69,Diesel,2024
Esperance Town Power Station,F,WA,85532.0,28588.0,7.0,28595,0.33,Gas,2024
Meekatharra Solar Farm,F,WA,533.0,0.0,0.0,0,0.0,Solar,2024
Meekatharra Town Power Station,F,WA,6419.0,4165.0,0.0,4165,0.65,Diesel,2024
Mt Magnet Town Power Station,F,WA,4417.0,2643.0,3.0,2646,0.6,Gas,2024
Norseman Power Station,F,WA,4910.0,3182.0,0.0,3182,0.65,Diesel,2024
Nova Power Station,F,VIC,1174.0,3389.0,384.0,3773,2.89,Gas,2024
Sandstone Town Power Station,F,WA,798.0,525.0,0.0,525,0.66,Diesel,2024
Wiluna Town Power Station,F,WA,2383.0,1423.0,0.0,1423,0.6,Diesel,2024
Yalgoo Town Power Station,F,WA,1039.0,683.0,0.0,683,0.66,Diesel,2024
MSF,F,SA,11139.0,0.0,7.0,7,0.0,Solar,2024
PAP1,F,SA,1631.0,0.0,169.0,169,0.0,Solar,2024
TWWF,F,VIC,24748.0,0.0,26.0,26,0.0,Wind,2024
YWF,F,VIC,30331.0,0.0,27.0,27,0.0,Wind,2024
Collector Wind Farm,F,NSW,471048.0,30.0,1840.0,1870,0.0,Wind,2024
Kemerton Power Station,F,WA,453572.0,221593.0,1681.0,223274,0.49,Gas,2024
Mount Emerald Wind Farm,F,QLD,533076.0,33.0,935.0,968,0.0,Wind,2024
Ratch-Australia Collinsville Solar PV,F,QLD,85483.0,40.0,151.0,191,0.0,Solar,2024
Starfish Hill Wind Farm,F,SA,73395.0,33.0,109.0,142,0.0,Wind,2024
Toora Wind Farm,F,VIC,50734.0,28.0,211.0,239,0.0,Wind,2024
Townsville Power Station,F,QLD,214077.0,118036.0,2303.0,120339,0.55,Coal Seam Methane,2024
Windy Hill Wind Farm,F,QLD,21814.0,19.0,19.0,38,0.0,Wind,2024
Blackstone Power Station & Distribution Network,F,WA,798.0,816.0,0.0,816,1.02,Diesel,2024
Burringurrah Power Station & Distribution Network,F,WA,754.0,562.0,0.0,562,0.75,Diesel,2024
Carnarvon Power Station & Distribution network,F,WA,41597.0,24746.0,57.0,24803,0.59,Gas,2024
Cosmo Newberry Power Station & Distribution Network,F,WA,412.0,332.0,0.0,332,0.81,Diesel,2024
Denham Power Station & Denham Distribution network,F,WA,6234.0,2722.0,0.0,2722,0.44,Diesel,2024
Gascoyne Junction Power Station & Distribution network,F,WA,761.0,588.0,0.0,588,0.77,Diesel,2024
Jameson Power Station & Distribution Network,F,WA,857.0,707.0,0.0,707,0.82,Diesel,2024
Jarlmadangah Power Station & Distribution Network,F,WA,404.0,369.0,0.0,369,0.91,Diesel,2024
Jigalong Power Station & Distribution Network,F,WA,2327.0,1531.0,0.0,1531,0.66,Diesel,2024
Kalumburu Power Station & Distribution network,F,WA,2445.0,1021.0,0.0,1021,0.42,Diesel,2024
Karratha Temporary Generation Power Station,F,WA,99.0,159.0,0.0,159,1.6,Diesel,2024
Kiwirrkurra Power Station & Distribution Network,F,WA,550.0,755.0,0.0,755,1.37,Diesel,2024
Kunawarritji Power Station & Distribution Network,F,WA,504.0,451.0,0.0,451,0.89,Diesel,2024
Kununurra Power Station & Kununurra Distribution network,F,WA,100.0,208.0,0.0,208,2.09,Diesel,2024
Kupungarri Power Station & Distribution Network,F,WA,704.0,553.0,0.0,553,0.79,Diesel,2024
Laverton Power Station & Distribution Network,F,WA,4383.0,3115.0,0.0,3115,0.71,Diesel,2024
Marble Bar Power Station & Marble Bar Distribution network,F,WA,2214.0,1176.0,0.0,1176,0.53,Diesel,2024
Menzies Power Station & Distribution Network,F,WA,751.0,590.0,0.0,590,0.79,Diesel,2024
Mindibungu Power Station & Distribution Network,F,WA,979.0,791.0,0.0,791,0.81,Diesel,2024
Mount Margaret Power Station & Distribution Network,F,WA,303.0,255.0,0.0,255,0.84,Diesel,2024
Mulan Power Station & Distribution Network,F,WA,720.0,562.0,0.0,562,0.78,Diesel,2024
Muludja Power Station & Distribution Network,F,WA,757.0,577.0,0.0,577,0.76,Diesel,2024
Murchison Radio Astronomy Power Station and Distribution Network,F,WA,3390.0,2356.0,0.0,2356,0.69,Diesel,2024
Nullagine Power Station & Nullagine Distribution network,F,WA,1231.0,698.0,0.0,698,0.57,Diesel,2024
Onslow Power Station & Onslow Distribution Network,F,WA,21362.0,10687.0,0.0,10687,0.5,Gas,2024
Pandanus Park Power Station & Distribution Network,F,WA,409.0,363.0,0.0,363,0.89,Diesel,2024
Parnngurr Power Station & Distribution Network,F,WA,846.0,465.0,0.0,465,0.55,Diesel,2024
Punmu Power Station & Distribution Network,F,WA,950.0,801.0,0.0,801,0.84,Diesel,2024
Ringer Soak Power Station & Distribution Network,F,WA,938.0,638.0,0.0,638,0.68,Diesel,2024
Tjuntjuntjara Power Station & Distribution Network,F,WA,841.0,710.0,0.0,710,0.84,Diesel,2024
Wakathuni Power Station & Distribution Network,F,WA,550.0,403.0,0.0,403,0.73,Diesel,2024
Wanarn Power Station & Distribution Network,F,WA,869.0,742.0,0.0,742,0.85,Diesel,2024
Wangkatjungka Power Station & Distribution Network,F,WA,1171.0,871.0,0.0,871,0.74,Diesel,2024
Warakurna Power Station & Distribution Network,F,WA,1807.0,1425.0,0.0,1425,0.79,Diesel,2024
Warburton Power Station & Distribution Network,F,WA,4073.0,2754.0,0.0,2754,0.68,Diesel,2024
Warralong Power Station & Distribution Network,F,WA,663.0,774.0,0.0,774,1.17,Diesel,2024
Wingellina (Irrunytju) Power Station & Distribution Network,F,WA,888.0,641.0,0.0,641,0.72,Diesel,2024
Wirrimanu Power Station & Distribution Network,F,WA,2919.0,2151.0,0.0,2151,0.74,Diesel,2024
Woolah Power Station & Distribution Network,F,WA,634.0,453.0,0.0,453,0.71,Diesel,2024
Wurreranginy Power Station & Distribution Network,F,WA,257.0,256.0,0.0,256,1.0,Diesel,2024
Wyndham Power Station & Distribution network,F,WA,69.0,43.0,0.0,43,0.63,Diesel,2024
Yakanarra Power Station & Distribution Network,F,WA,677.0,550.0,0.0,550,0.81,Diesel,2024
Yandeyarra Power Station & Distribution Network,F,WA,1443.0,923.0,0.0,923,0.64,Diesel,2024
Yiyili Power Station & Distribution Network,F,WA,848.0,642.0,0.0,642,0.76,Diesel,2024
Yungngora Power Station & Yungngora Distribution Network,F,WA,2125.0,1295.0,0.0,1295,0.61,Diesel,2024
Wonthaggi Wind Farm,F,VIC,24560.0,4.0,36.0,40,0.0,Wind,2024
Yarranlea Solar Farm,F,QLD,204101.0,26.0,0.0,26,0.0,Solar,2024
Limondale Solar Farm,F,NSW,534637.0,119.0,2256.0,2375,0.0,Solar,2024
Salt Creek Wind Farm,F,VIC,117088.0,54.0,518.0,572,0.0,Wind,2024
Wilga Park Power Station,F,NSW,148576.0,83961.0,1.0,83962,0.57,Coal Seam Methane,2024
Sebastopol Solar Farm,F,NSW,180287.0,17.0,0.0,17,0.0,Solar,2024
Baking Board Solar Farm,F,QLD,36774.0,17.0,64.0,81,0.0,Solar,2024
Karratha Solar Farm,F,WA,850.0,0.0,2.0,2,0.0,Solar,2024
Maryrorough Solar Farm,F,QLD,61829.0,17.0,90.0,107,0.0,Solar,2024
Mount Majura Solar Farm,F,ACT,1857.0,0.0,0.0,0,0.0,Solar,2024
Swan Hill Solar Farm,F,VIC,27833.0,2.0,54.0,56,0.0,Solar,2024
Williamsdale Solar Farm,F,ACT,8452.0,2.0,21.0,23,0.0,Solar,2024
Vales Point Power Station,F,NSW,7260315.0,7043816.0,68147.0,7111963,0.97,Black Coal,2024
Gangarri Solar Farm,F,QLD,197666.0,86.0,633.0,719,0.0,Solar,2024
Newgen Neerabup Power Station,F,WA,185373.0,115984.0,2510.0,118494,0.63,Gas,2024
Oakey Power Station,F,QLD,78323.0,53337.0,2031.0,55368,0.68,Gas,2024
Musselroe Wind Farm Pty LTd,F,TAS,551912.0,185.0,135.0,320,0.0,Wind,2024
Woolnorth Bluff Point Wind Farm Pty Ltd,F,TAS,208639.0,87.0,25.0,112,0.0,Wind,2024
Woolnorth Studland Bay Wind Farm Pty Ltd,F,TAS,231388.0,77.0,27.0,104,0.0,Wind,2024
Snowtown Wind Farm,F,SA,305275.0,103.0,197.0,300,0.0,Wind,2024
Angaston Power Station,F,SA,1911.0,1325.0,284.0,1609,0.69,Diesel,2024
Colongra Power Station,F,NSW,105241.0,63830.0,4987.0,68817,0.61,Gas,2024
HEZ Power Station,F,NSW,646.0,455.0,577.0,1032,0.7,Gas,2024
Laverton North Power Station,F,VIC,116734.0,72327.0,2497.0,74824,0.62,Gas,2024
Lonsdale/Port Stanvac Power Station,F,SA,5291.0,3558.0,466.0,4024,0.67,Diesel,2024
Snowy Hydro Ltd,F,NSW,4293131.0,1626.0,389553.0,391179,0.0,Hydro,2024
Valley Power,F,VIC,22824.0,17317.0,1954.0,19271,0.76,Gas,2024
Challicum Hills Wind Farm,F,VIC,126531.0,93.0,139.0,232,0.0,Wind,2024
Clements Gap Wind Farm,F,SA,174425.0,64.0,115.0,179,0.0,Wind,2024
Codrington Wind Farm,F,VIC,41487.0,50.0,64.0,114,0.0,Wind,2024
Crowlands Wind Farm,F,VIC,240639.0,72.0,335.0,407,0.0,Wind,2024
Dromana Battery Energy Storage System,F,VIC,0.0,4.0,62.0,66,0.0,Battery,2024
Eildon Pondage Hydro,F,VIC,10069.0,6.0,0.0,6,0.0,Hydro,2024
Glenmaggie Hydro,F,VIC,7122.0,8.0,0.0,8,0.0,Hydro,2024
Haughton Solar Farm,F,QLD,212883.0,97.0,1811.0,1908,0.0,Solar,2024
Ord Hydro,F,WA,72328.0,42.0,29.0,71,0.0,Hydro,2024
Portland Wind Farms,F,VIC,447250.0,194.0,280.0,474,0.0,Wind,2024
Taralga Wind Farm,F,NSW,259082.0,123.0,288.0,411,0.0,Wind,2024
The Drop Hydro,F,NSW,5225.0,3.0,0.0,3,0.0,Hydro,2024
William Hovell Hydro,F,VIC,5530.0,7.0,0.0,7,0.0,Hydro,2024
Yaloak South Wind Farm,F,VIC,63169.0,43.0,75.0,118,0.0,Wind,2024
Yambuk Wind Farm,F,VIC,85127.0,54.0,186.0,240,0.0,Wind,2024
Bango Wind Farm,F,NSW,541186.0,88.0,1568.0,1656,0.0,Wind,2024
Boco Rock Wind Farm,F,NSW,287675.0,30.0,902.0,932,0.0,Wind,2024
Clarke Creek Wind Farm,F,QLD,1542.0,13214.0,0.0,13214,8.57,Wind,2024
Crudine Ridge Wind Farm,F,NSW,315065.0,84.0,408.0,492,0.0,Wind,2024
Murra Warra 1 Wind Farm,F,VIC,487520.0,154.0,638.0,792,0.0,Wind,2024
Sapphire Wind Farm,F,NSW,711849.0,174.0,2010.0,2184,0.0,Wind,2024
Albany Windfarm,F,WA,84581.0,22.0,30.0,52,0.0,Wind,2024
Greenough River Solar Farm,F,WA,87111.0,7.0,159.0,166,0.0,Solar,2024
Stanwell Power Station,F,QLD,8052413.0,6975068.0,7136.0,6982204,0.87,Black Coal,2024
Tarong Power Stations,F,QLD,12558912.0,10890624.0,45397.0,10936021,0.87,Black Coal,2024
Stockyard Wind Farm,F,VIC,1571883.0,105.0,3940.0,4045,0.0,Wind,2024
Bomen Solar Farm Pty Ltd,F,NSW,174871.0,18.0,570.0,588,0.0,Solar,2024
Merredin Solar Farm,F,WA,245221.0,34.0,419.0,453,0.0,Solar,2024
Sunraysia Solar Farm,F,NSW,428212.0,58.0,3374.0,3432,0.0,Solar,2024
Dry Creek Power Station,F,SA,14206.0,12596.0,214.0,12810,0.89,Gas,2024
Mintaro Power Station,F,SA,91371.0,90907.0,37.0,90944,0.99,Gas,2024
Port Lincoln Power Station,F,SA,420.0,545.0,147.0,692,1.3,Diesel,2024
Snuggery Power Station,F,SA,2136.0,2237.0,245.0,2482,1.05,Diesel,2024
Midlands Power Station,F,TAS,34003.0,0.0,0.0,0,0.0,Hydro,2024
Gunnedah Solar Farm,F,NSW,240153.0,0.0,0.0,0,0.0,Solar,2024
Echuca Solar Project Pty Ltd,F,VIC,7818.0,5.0,2.0,7,0.0,Solar,2024
Girgarre Project 2 Pty Ltd,F,VIC,8139.0,5.0,11.0,16,0.0,Solar,2024
Girgarre Project Pty Ltd,F,VIC,7704.0,5.0,19.0,24,0.0,Solar,2024
Greentech 2 Pty Ltd,F,VIC,8303.0,5.0,17.0,22,0.0,Solar,2024
Greentech 3 Pty Ltd,F,VIC,7922.0,5.0,1.0,6,0.0,Solar,2024
Greentech 5 Pty Ltd,F,VIC,7356.0,5.0,13.0,18,0.0,Solar,2024
Greentech 6 Pty Ltd,F,VIC,8076.0,5.0,12.0,17,0.0,Solar,2024
Katamatite Project Pty Ltd,F,VIC,7760.0,5.0,1.0,6,0.0,Solar,2024
Numurkah Project No. 2 Pty Ltd,F,VIC,8042.0,5.0,1.0,6,0.0,Solar,2024
Numurkah Project Pty Ltd,F,VIC,7856.0,5.0,4.0,9,0.0,Solar,2024
Stanhope Solar Project No. 2 Pty Ltd,F,VIC,8029.0,5.0,11.0,16,0.0,Solar,2024
Stanhope Solar Project No. 3 Pty Ltd,F,VIC,7846.0,5.0,11.0,16,0.0,Solar,2024
Stanhope Solar Project No. 4 Pty Ltd,F,VIC,7797.0,5.0,1.0,6,0.0,Solar,2024
Stanhope Solar Project No. 5 Pty Ltd,F,VIC,7540.0,5.0,18.0,23,0.0,Solar,2024
Stanhope Solar Project Pty Ltd,F,VIC,7863.0,5.0,12.0,17,0.0,Solar,2024
Wunghnu Project Pty Ltd,F,VIC,7970.0,5.0,9.0,14,0.0,Solar,2024
Suntop Solar Farm,F,NSW,273861.0,0.0,0.0,0,0.0,Solar,2024
Snowtown South Wind Farm Pty Ltd,F,SA,397219.0,32.0,68.0,100,0.0,Wind,2024
Snowtown Wind Farm Stage 2 Pty Ltd,F,SA,408018.0,36.0,101.0,137,0.0,Wind,2024
Kiamal Solar Farm,F,VIC,398647.0,119.0,5333.0,5452,0.0,Solar,2024
Kalgoorlie Power Station,F,WA,269564.0,149332.0,0.0,149332,0.55,Gas,2024
Kambalda Power Station,F,WA,278179.0,153359.0,0.0,153359,0.55,Gas,2024
Leinster Power Station,F,WA,246786.0,132927.0,0.0,132927,0.54,Gas,2024
Mt Keith Power Station,F,WA,288476.0,160073.0,0.0,160073,0.55,Gas,2024
South Hedland Power Station,F,WA,674056.0,306419.0,0.0,306419,0.45,Gas,2024
Tailem Bend 2 Hybrid Renewable Power Station,F,SA,86166.0,117.0,365.0,482,0.0,Solar,2024
Tailem Bend Solar farm,F,SA,162227.0,73.0,388.0,461,0.0,Solar,2024
Wandoan Solar Farm 1,F,QLD,243186.0,143.0,1427.0,1570,0.0,Solar,2024
Rocky Point Sugar Mill Cogeneration,F,QLD,48341.0,1681.0,0.0,1681,0.03,Bagasse,2024
Cocos Keeling Islands - Home Island Generation,F,WA,2631.0,1841.0,0.0,1841,0.7,Diesel,2024
Cocos Keeling Islands - West Island Generation,F,WA,2877.0,2209.0,0.0,2209,0.77,Diesel,2024
Weipa Solar Power Station,F,QLD,9243.0,0.0,18.0,18,0.0,Solar,2024
West Wyalong SF,F,NSW,189583.0,9.0,561.0,570,0.0,Solar,2024
White Rock Solar Farm Pty Ltd,F,NSW,37403.0,0.0,46.0,46,0.0,Solar,2024
Wild Cattle Hill Wind Farm,F,TAS,456456.0,99.0,138.0,237,0.0,Wind,2024
Willogoleche Wind Farm,F,SA,302938.0,70.0,137.0,207,0.0,Wind,2024
Winton Solar Farm,F,VIC,147966.0,33.0,0.0,33,0.0,Solar,2024
Glenrowan West Solar Farm,F,VIC,212912.0,60.0,543.0,603,0.0,Solar,2024
Woolooga SF,F,QLD,329373.0,59.0,3658.0,3717,0.0,Solar,2024
YATPOOL SOLAR FARM,F,VIC,128062.0,0.0,361.0,361,0.0,Solar,2024
